file	mutator	line	verdict	old	new
CreditKeys.sol	AOR	70	UNCAUGHT	uint256 mask = uint256(paidAt) % 15 + 1	uint256 mask = uint256(paidAt) % 15 % 1
CreditKeys.sol	AOR	70	UNCAUGHT	uint256 mask = uint256(paidAt) % 15 + 1	uint256 mask = uint256(paidAt) % 15 * 1
CreditKeys.sol	AOR	70	CAUGHT	uint256 mask = uint256(paidAt) % 15 + 1	uint256 mask = uint256(paidAt) % 15 - 1
CreditKeys.sol	AOR	70	UNCAUGHT	uint256 mask = uint256(paidAt) % 15 + 1	uint256 mask = uint256(paidAt) % 15 / 1
CreditKeys.sol	AOR	70	UNCAUGHT	uint256 mask = uint256(paidAt) % 15 + 1	uint256 mask = uint256(paidAt) * 15 + 1
CreditKeys.sol	AOR	70	UNCAUGHT	uint256 mask = uint256(paidAt) % 15 + 1	uint256 mask = uint256(paidAt) + 15 + 1
CreditKeys.sol	AOR	70	UNCAUGHT	uint256 mask = uint256(paidAt) % 15 + 1	uint256 mask = uint256(paidAt) - 15 + 1
CreditKeys.sol	AOR	70	UNCAUGHT	uint256 mask = uint256(paidAt) % 15 + 1	uint256 mask = uint256(paidAt) / 15 + 1
CreditKeys.sol	AOR	74	CAUGHT	return ((type(uint32).max - r.eights) << ID_BITS) | id	return ((type(uint32).max % r.eights) << ID_BITS) | id
CreditKeys.sol	AOR	74	UNCAUGHT	return ((type(uint32).max - r.eights) << ID_BITS) | id	return ((type(uint32).max * r.eights) << ID_BITS) | id
CreditKeys.sol	AOR	74	UNCAUGHT	return ((type(uint32).max - r.eights) << ID_BITS) | id	return ((type(uint32).max + r.eights) << ID_BITS) | id
CreditKeys.sol	AOR	74	CAUGHT	return ((type(uint32).max - r.eights) << ID_BITS) | id	return ((type(uint32).max / r.eights) << ID_BITS) | id
CreditKeys.sol	AOR	75	CAUGHT	return ((5 - printRank(r.register)) << ID_BITS) | id	return ((5 % printRank(r.register)) << ID_BITS) | id
CreditKeys.sol	AOR	75	UNCAUGHT	return ((5 - printRank(r.register)) << ID_BITS) | id	return ((5 * printRank(r.register)) << ID_BITS) | id
CreditKeys.sol	AOR	75	UNCAUGHT	return ((5 - printRank(r.register)) << ID_BITS) | id	return ((5 + printRank(r.register)) << ID_BITS) | id
CreditKeys.sol	AOR	75	CAUGHT	return ((5 - printRank(r.register)) << ID_BITS) | id	return ((5 / printRank(r.register)) << ID_BITS) | id
CreditKeys.sol	AOR	79	UNCAUGHT	return ((type(uint64).max - score) << ID_BITS) | id	return ((type(uint64).max % score) << ID_BITS) | id
CreditKeys.sol	AOR	79	UNCAUGHT	return ((type(uint64).max - score) << ID_BITS) | id	return ((type(uint64).max * score) << ID_BITS) | id
CreditKeys.sol	AOR	79	UNCAUGHT	return ((type(uint64).max - score) << ID_BITS) | id	return ((type(uint64).max + score) << ID_BITS) | id
CreditKeys.sol	AOR	79	UNCAUGHT	return ((type(uint64).max - score) << ID_BITS) | id	return ((type(uint64).max / score) << ID_BITS) | id
CreditKeys.sol	AOR	177	UNCAUGHT	uint256 j = uint256(keccak256(abi.encodePacked(seed, i - 1))) % i	uint256 j = uint256(keccak256(abi.encodePacked(seed, i % 1))) % i
CreditKeys.sol	AOR	177	UNCAUGHT	uint256 j = uint256(keccak256(abi.encodePacked(seed, i - 1))) % i	uint256 j = uint256(keccak256(abi.encodePacked(seed, i * 1))) % i
CreditKeys.sol	AOR	177	UNCAUGHT	uint256 j = uint256(keccak256(abi.encodePacked(seed, i - 1))) % i	uint256 j = uint256(keccak256(abi.encodePacked(seed, i + 1))) % i
CreditKeys.sol	AOR	177	CAUGHT	uint256 j = uint256(keccak256(abi.encodePacked(seed, i - 1))) % i	uint256 j = uint256(keccak256(abi.encodePacked(seed, i - 1))) * i
CreditKeys.sol	AOR	177	CAUGHT	uint256 j = uint256(keccak256(abi.encodePacked(seed, i - 1))) % i	uint256 j = uint256(keccak256(abi.encodePacked(seed, i - 1))) + i
CreditKeys.sol	AOR	177	CAUGHT	uint256 j = uint256(keccak256(abi.encodePacked(seed, i - 1))) % i	uint256 j = uint256(keccak256(abi.encodePacked(seed, i - 1))) - i
CreditKeys.sol	AOR	177	CAUGHT	uint256 j = uint256(keccak256(abi.encodePacked(seed, i - 1))) % i	uint256 j = uint256(keccak256(abi.encodePacked(seed, i - 1))) / i
CreditKeys.sol	AOR	177	UNCAUGHT	uint256 j = uint256(keccak256(abi.encodePacked(seed, i - 1))) % i	uint256 j = uint256(keccak256(abi.encodePacked(seed, i / 1))) % i
CreditKeys.sol	ASOR	44	CAUGHT	seen[w] |= bit	seen[w] %= bit
CreditKeys.sol	ASOR	44	CAUGHT	seen[w] |= bit	seen[w] &= bit
CreditKeys.sol	ASOR	44	CAUGHT	seen[w] |= bit	seen[w] *= bit
CreditKeys.sol	ASOR	44	UNCAUGHT	seen[w] |= bit	seen[w] += bit
CreditKeys.sol	ASOR	44	CAUGHT	seen[w] |= bit	seen[w] -= bit
CreditKeys.sol	ASOR	44	CAUGHT	seen[w] |= bit	seen[w] /= bit
CreditKeys.sol	ASOR	44	CAUGHT	seen[w] |= bit	seen[w] <<= bit
CreditKeys.sol	ASOR	44	CAUGHT	seen[w] |= bit	seen[w] = bit
CreditKeys.sol	ASOR	44	CAUGHT	seen[w] |= bit	seen[w] >>= bit
CreditKeys.sol	ASOR	44	UNCAUGHT	seen[w] |= bit	seen[w] ^= bit
CreditKeys.sol	BOR	41	CAUGHT	uint256 w = pos >> 8	uint256 w = pos & 8
CreditKeys.sol	BOR	41	CAUGHT	uint256 w = pos >> 8	uint256 w = pos << 8
CreditKeys.sol	BOR	41	CAUGHT	uint256 w = pos >> 8	uint256 w = pos ^ 8
CreditKeys.sol	BOR	41	CAUGHT	uint256 w = pos >> 8	uint256 w = pos | 8
CreditKeys.sol	BOR	42	CAUGHT	uint256 bit = 1 << (pos & 255)	uint256 bit = 1 & (pos & 255)
CreditKeys.sol	BOR	42	CAUGHT	uint256 bit = 1 << (pos & 255)	uint256 bit = 1 << (pos << 255)
CreditKeys.sol	BOR	42	CAUGHT	uint256 bit = 1 << (pos & 255)	uint256 bit = 1 << (pos >> 255)
CreditKeys.sol	BOR	42	UNCAUGHT	uint256 bit = 1 << (pos & 255)	uint256 bit = 1 << (pos ^ 255)
CreditKeys.sol	BOR	42	CAUGHT	uint256 bit = 1 << (pos & 255)	uint256 bit = 1 << (pos | 255)
CreditKeys.sol	BOR	42	CAUGHT	uint256 bit = 1 << (pos & 255)	uint256 bit = 1 >> (pos & 255)
CreditKeys.sol	BOR	42	CAUGHT	uint256 bit = 1 << (pos & 255)	uint256 bit = 1 ^ (pos & 255)
CreditKeys.sol	BOR	42	CAUGHT	uint256 bit = 1 << (pos & 255)	uint256 bit = 1 | (pos & 255)
CreditKeys.sol	BOR	43	CAUGHT	seen[w] & bit != 0	seen[w] << bit != 0
CreditKeys.sol	BOR	43	CAUGHT	seen[w] & bit != 0	seen[w] >> bit != 0
CreditKeys.sol	BOR	43	CAUGHT	seen[w] & bit != 0	seen[w] ^ bit != 0
CreditKeys.sol	BOR	43	CAUGHT	seen[w] & bit != 0	seen[w] | bit != 0
CreditKeys.sol	BOR	44	CAUGHT	seen[w] |= bit	seen[w] &= bit
CreditKeys.sol	BOR	44	CAUGHT	seen[w] |= bit	seen[w] <<= bit
CreditKeys.sol	BOR	44	CAUGHT	seen[w] |= bit	seen[w] >>= bit
CreditKeys.sol	BOR	44	UNCAUGHT	seen[w] |= bit	seen[w] ^= bit
CreditKeys.sol	BOR	69	CAUGHT	return (uint256(paidAt) << ID_BITS) | id	return (uint256(paidAt) & ID_BITS) | id
CreditKeys.sol	BOR	69	CAUGHT	return (uint256(paidAt) << ID_BITS) | id	return (uint256(paidAt) << ID_BITS) & id
CreditKeys.sol	BOR	69	UNCAUGHT	return (uint256(paidAt) << ID_BITS) | id	return (uint256(paidAt) << ID_BITS) << id
CreditKeys.sol	BOR	69	CAUGHT	return (uint256(paidAt) << ID_BITS) | id	return (uint256(paidAt) << ID_BITS) >> id
CreditKeys.sol	BOR	69	UNCAUGHT	return (uint256(paidAt) << ID_BITS) | id	return (uint256(paidAt) << ID_BITS) ^ id
CreditKeys.sol	BOR	69	UNCAUGHT	return (uint256(paidAt) << ID_BITS) | id	return (uint256(paidAt) >> ID_BITS) | id
CreditKeys.sol	BOR	69	CAUGHT	return (uint256(paidAt) << ID_BITS) | id	return (uint256(paidAt) ^ ID_BITS) | id
CreditKeys.sol	BOR	69	CAUGHT	return (uint256(paidAt) << ID_BITS) | id	return (uint256(paidAt) | ID_BITS) | id
CreditKeys.sol	BOR	71	UNCAUGHT	return (colorRank(mask) << ID_BITS) | id	return (colorRank(mask) & ID_BITS) | id
CreditKeys.sol	BOR	71	CAUGHT	return (colorRank(mask) << ID_BITS) | id	return (colorRank(mask) << ID_BITS) & id
CreditKeys.sol	BOR	71	CAUGHT	return (colorRank(mask) << ID_BITS) | id	return (colorRank(mask) << ID_BITS) << id
CreditKeys.sol	BOR	71	CAUGHT	return (colorRank(mask) << ID_BITS) | id	return (colorRank(mask) << ID_BITS) >> id
CreditKeys.sol	BOR	71	UNCAUGHT	return (colorRank(mask) << ID_BITS) | id	return (colorRank(mask) << ID_BITS) ^ id
CreditKeys.sol	BOR	71	UNCAUGHT	return (colorRank(mask) << ID_BITS) | id	return (colorRank(mask) >> ID_BITS) | id
CreditKeys.sol	BOR	71	CAUGHT	return (colorRank(mask) << ID_BITS) | id	return (colorRank(mask) ^ ID_BITS) | id
CreditKeys.sol	BOR	71	CAUGHT	return (colorRank(mask) << ID_BITS) | id	return (colorRank(mask) | ID_BITS) | id
CreditKeys.sol	BOR	73	CAUGHT	return (r.marks << ID_BITS) | id	return (r.marks & ID_BITS) | id
CreditKeys.sol	BOR	73	CAUGHT	return (r.marks << ID_BITS) | id	return (r.marks << ID_BITS) & id
CreditKeys.sol	BOR	73	UNCAUGHT	return (r.marks << ID_BITS) | id	return (r.marks << ID_BITS) << id
CreditKeys.sol	BOR	73	CAUGHT	return (r.marks << ID_BITS) | id	return (r.marks << ID_BITS) >> id
CreditKeys.sol	BOR	73	UNCAUGHT	return (r.marks << ID_BITS) | id	return (r.marks << ID_BITS) ^ id
CreditKeys.sol	BOR	73	UNCAUGHT	return (r.marks << ID_BITS) | id	return (r.marks >> ID_BITS) | id
CreditKeys.sol	BOR	73	CAUGHT	return (r.marks << ID_BITS) | id	return (r.marks ^ ID_BITS) | id
CreditKeys.sol	BOR	73	CAUGHT	return (r.marks << ID_BITS) | id	return (r.marks | ID_BITS) | id
CreditKeys.sol	BOR	74	CAUGHT	return ((type(uint32).max - r.eights) << ID_BITS) | id	return ((type(uint32).max - r.eights) & ID_BITS) | id
CreditKeys.sol	BOR	74	CAUGHT	return ((type(uint32).max - r.eights) << ID_BITS) | id	return ((type(uint32).max - r.eights) << ID_BITS) & id
CreditKeys.sol	BOR	74	CAUGHT	return ((type(uint32).max - r.eights) << ID_BITS) | id	return ((type(uint32).max - r.eights) << ID_BITS) << id
CreditKeys.sol	BOR	74	CAUGHT	return ((type(uint32).max - r.eights) << ID_BITS) | id	return ((type(uint32).max - r.eights) << ID_BITS) >> id
CreditKeys.sol	BOR	74	UNCAUGHT	return ((type(uint32).max - r.eights) << ID_BITS) | id	return ((type(uint32).max - r.eights) << ID_BITS) ^ id
CreditKeys.sol	BOR	74	UNCAUGHT	return ((type(uint32).max - r.eights) << ID_BITS) | id	return ((type(uint32).max - r.eights) >> ID_BITS) | id
CreditKeys.sol	BOR	74	CAUGHT	return ((type(uint32).max - r.eights) << ID_BITS) | id	return ((type(uint32).max - r.eights) ^ ID_BITS) | id
CreditKeys.sol	BOR	74	CAUGHT	return ((type(uint32).max - r.eights) << ID_BITS) | id	return ((type(uint32).max - r.eights) | ID_BITS) | id
CreditKeys.sol	BOR	75	UNCAUGHT	return ((5 - printRank(r.register)) << ID_BITS) | id	return ((5 - printRank(r.register)) & ID_BITS) | id
CreditKeys.sol	BOR	75	CAUGHT	return ((5 - printRank(r.register)) << ID_BITS) | id	return ((5 - printRank(r.register)) << ID_BITS) & id
CreditKeys.sol	BOR	75	UNCAUGHT	return ((5 - printRank(r.register)) << ID_BITS) | id	return ((5 - printRank(r.register)) << ID_BITS) << id
CreditKeys.sol	BOR	75	CAUGHT	return ((5 - printRank(r.register)) << ID_BITS) | id	return ((5 - printRank(r.register)) << ID_BITS) >> id
CreditKeys.sol	BOR	75	UNCAUGHT	return ((5 - printRank(r.register)) << ID_BITS) | id	return ((5 - printRank(r.register)) << ID_BITS) ^ id
CreditKeys.sol	BOR	75	UNCAUGHT	return ((5 - printRank(r.register)) << ID_BITS) | id	return ((5 - printRank(r.register)) >> ID_BITS) | id
CreditKeys.sol	BOR	75	CAUGHT	return ((5 - printRank(r.register)) << ID_BITS) | id	return ((5 - printRank(r.register)) ^ ID_BITS) | id
CreditKeys.sol	BOR	75	CAUGHT	return ((5 - printRank(r.register)) << ID_BITS) | id	return ((5 - printRank(r.register)) | ID_BITS) | id
CreditKeys.sol	BOR	79	CAUGHT	return ((type(uint64).max - score) << ID_BITS) | id	return ((type(uint64).max - score) & ID_BITS) | id
CreditKeys.sol	BOR	79	CAUGHT	return ((type(uint64).max - score) << ID_BITS) | id	return ((type(uint64).max - score) << ID_BITS) & id
CreditKeys.sol	BOR	79	UNCAUGHT	return ((type(uint64).max - score) << ID_BITS) | id	return ((type(uint64).max - score) << ID_BITS) << id
CreditKeys.sol	BOR	79	CAUGHT	return ((type(uint64).max - score) << ID_BITS) | id	return ((type(uint64).max - score) << ID_BITS) >> id
CreditKeys.sol	BOR	79	UNCAUGHT	return ((type(uint64).max - score) << ID_BITS) | id	return ((type(uint64).max - score) << ID_BITS) ^ id
CreditKeys.sol	BOR	79	CAUGHT	return ((type(uint64).max - score) << ID_BITS) | id	return ((type(uint64).max - score) >> ID_BITS) | id
CreditKeys.sol	BOR	79	CAUGHT	return ((type(uint64).max - score) << ID_BITS) | id	return ((type(uint64).max - score) ^ ID_BITS) | id
CreditKeys.sol	BOR	79	CAUGHT	return ((type(uint64).max - score) << ID_BITS) | id	return ((type(uint64).max - score) | ID_BITS) | id
CreditKeys.sol	CR	26	COMPILATION FAILURE	uint256 internal constant ID_BITS = 32	//uint256 internal constant ID_BITS = 32
CreditKeys.sol	CR	34	COMPILATION FAILURE	uint256 n = deposited.length	//uint256 n = deposited.length
CreditKeys.sol	CR	35	COMPILATION FAILURE	order.length != n	//order.length != n
CreditKeys.sol	CR	35	COMPILATION FAILURE	revert Bad("length")	//revert Bad("length")
CreditKeys.sol	CR	36	COMPILATION FAILURE	uint256[3] memory seen	//uint256[3] memory seen
CreditKeys.sol	CR	37	COMPILATION FAILURE	++i	//++i
CreditKeys.sol	CR	37	COMPILATION FAILURE	i < n	//i < n
CreditKeys.sol	CR	37	COMPILATION FAILURE	uint256 i	//uint256 i
CreditKeys.sol	CR	38	COMPILATION FAILURE	uint256 pos = type(uint256).max	//uint256 pos = type(uint256).max
CreditKeys.sol	CR	39	COMPILATION FAILURE	++j	//++j
CreditKeys.sol	CR	39	COMPILATION FAILURE	break	//break
CreditKeys.sol	CR	39	COMPILATION FAILURE	deposited[j] == order[i]	//deposited[j] == order[i]
CreditKeys.sol	CR	39	CAUGHT	for (uint256 j; j < n; ++j) if (deposited[j] == order[i]) { pos = j; break; }	//for (uint256 j; j < n; ++j) if (deposited[j] == order[i]) { pos = j; break; }
CreditKeys.sol	CR	39	COMPILATION FAILURE	j < n	//j < n
CreditKeys.sol	CR	39	COMPILATION FAILURE	pos = j	//pos = j
CreditKeys.sol	CR	39	COMPILATION FAILURE	uint256 j	//uint256 j
CreditKeys.sol	CR	40	COMPILATION FAILURE	pos == type(uint256).max	//pos == type(uint256).max
CreditKeys.sol	CR	40	COMPILATION FAILURE	revert Bad("not deposited")	//revert Bad("not deposited")
CreditKeys.sol	CR	41	COMPILATION FAILURE	uint256 w = pos >> 8	//uint256 w = pos >> 8
CreditKeys.sol	CR	42	COMPILATION FAILURE	uint256 bit = 1 << (pos & 255)	//uint256 bit = 1 << (pos & 255)
CreditKeys.sol	CR	43	CAUGHT	revert Bad("repeat")	//revert Bad("repeat")
CreditKeys.sol	CR	43	COMPILATION FAILURE	seen[w] & bit != 0	//seen[w] & bit != 0
CreditKeys.sol	CR	44	CAUGHT	seen[w] |= bit	//seen[w] |= bit
CreditKeys.sol	CR	46	COMPILATION FAILURE	p == Preset.Manual	//p == Preset.Manual
CreditKeys.sol	CR	46	CAUGHT	return;	//return;
CreditKeys.sol	CR	47	COMPILATION FAILURE	p == Preset.Deposit	//p == Preset.Deposit
CreditKeys.sol	CR	48	COMPILATION FAILURE	++i	//++i
CreditKeys.sol	CR	48	CAUGHT	for (uint256 i; i < n; ++i) if (order[i] != deposited[i]) revert Bad("order")	//for (uint256 i; i < n; ++i) if (order[i] != deposited[i]) revert Bad("order")
CreditKeys.sol	CR	48	COMPILATION FAILURE	i < n	//i < n
CreditKeys.sol	CR	48	COMPILATION FAILURE	order[i] != deposited[i]	//order[i] != deposited[i]
CreditKeys.sol	CR	48	CAUGHT	revert Bad("order")	//revert Bad("order")
CreditKeys.sol	CR	48	COMPILATION FAILURE	uint256 i	//uint256 i
CreditKeys.sol	CR	49	CAUGHT	return;	//return;
CreditKeys.sol	CR	51	COMPILATION FAILURE	p == Preset.Random	//p == Preset.Random
CreditKeys.sol	CR	52	COMPILATION FAILURE	uint256[] memory want = shuffle(deposited, seed)	//uint256[] memory want = shuffle(deposited, seed)
CreditKeys.sol	CR	53	COMPILATION FAILURE	++i	//++i
CreditKeys.sol	CR	53	CAUGHT	for (uint256 i; i < n; ++i) if (order[i] != want[i]) revert Bad("order")	//for (uint256 i; i < n; ++i) if (order[i] != want[i]) revert Bad("order")
CreditKeys.sol	CR	53	COMPILATION FAILURE	i < n	//i < n
CreditKeys.sol	CR	53	COMPILATION FAILURE	order[i] != want[i]	//order[i] != want[i]
CreditKeys.sol	CR	53	CAUGHT	revert Bad("order")	//revert Bad("order")
CreditKeys.sol	CR	53	COMPILATION FAILURE	uint256 i	//uint256 i
CreditKeys.sol	CR	54	CAUGHT	return;	//return;
CreditKeys.sol	CR	56	COMPILATION FAILURE	ICreditArt art = ICreditArt(credits.art())	//ICreditArt art = ICreditArt(credits.art())
CreditKeys.sol	CR	57	COMPILATION FAILURE	uint256 prev = key(p, credits, art, order[0])	//uint256 prev = key(p, credits, art, order[0])
CreditKeys.sol	CR	58	COMPILATION FAILURE	++i	//++i
CreditKeys.sol	CR	58	COMPILATION FAILURE	i < n	//i < n
CreditKeys.sol	CR	58	COMPILATION FAILURE	uint256 i = 1	//uint256 i = 1
CreditKeys.sol	CR	59	COMPILATION FAILURE	uint256 k = key(p, credits, art, order[i])	//uint256 k = key(p, credits, art, order[i])
CreditKeys.sol	CR	60	COMPILATION FAILURE	k <= prev	//k <= prev
CreditKeys.sol	CR	60	CAUGHT	revert Bad("order")	//revert Bad("order")
CreditKeys.sol	CR	61	CAUGHT	prev = k	//prev = k
CreditKeys.sol	CR	66	UNCAUGHT	require(id < 2 ** ID_BITS, "id")	//require(id < 2 ** ID_BITS, "id")
CreditKeys.sol	CR	67	COMPILATION FAILURE	p == Preset.Number	//p == Preset.Number
CreditKeys.sol	CR	67	COMPILATION FAILURE	return id	//return id
CreditKeys.sol	CR	68	COMPILATION FAILURE	uint64 paidAt = credits.timestampOf(id)	//uint64 paidAt = credits.timestampOf(id)
CreditKeys.sol	CR	69	COMPILATION FAILURE	p == Preset.Time	//p == Preset.Time
CreditKeys.sol	CR	69	COMPILATION FAILURE	return (uint256(paidAt) << ID_BITS) | id	//return (uint256(paidAt) << ID_BITS) | id
CreditKeys.sol	CR	70	COMPILATION FAILURE	uint256 mask = uint256(paidAt) % 15 + 1	//uint256 mask = uint256(paidAt) % 15 + 1
CreditKeys.sol	CR	71	COMPILATION FAILURE	p == Preset.Colors	//p == Preset.Colors
CreditKeys.sol	CR	71	COMPILATION FAILURE	return (colorRank(mask) << ID_BITS) | id	//return (colorRank(mask) << ID_BITS) | id
CreditKeys.sol	CR	72	COMPILATION FAILURE	ICreditArt.Read memory r = art.describe(credits.seedOf(id), paidAt)	//ICreditArt.Read memory r = art.describe(credits.seedOf(id), paidAt)
CreditKeys.sol	CR	73	COMPILATION FAILURE	p == Preset.Ink	//p == Preset.Ink
CreditKeys.sol	CR	73	CAUGHT	return (r.marks << ID_BITS) | id	//return (r.marks << ID_BITS) | id
CreditKeys.sol	CR	74	COMPILATION FAILURE	p == Preset.Eights	//p == Preset.Eights
CreditKeys.sol	CR	74	CAUGHT	return ((type(uint32).max - r.eights) << ID_BITS) | id	//return ((type(uint32).max - r.eights) << ID_BITS) | id
CreditKeys.sol	CR	75	COMPILATION FAILURE	p == Preset.Print	//p == Preset.Print
CreditKeys.sol	CR	75	CAUGHT	return ((5 - printRank(r.register)) << ID_BITS) | id	//return ((5 - printRank(r.register)) << ID_BITS) | id
CreditKeys.sol	CR	76	COMPILATION FAILURE	p == Preset.Weight	//p == Preset.Weight
CreditKeys.sol	CR	76	CAUGHT	return (((weightRank(r.weight) << 16) | r.marks) << ID_BITS) | id	//return (((weightRank(r.weight) << 16) | r.marks) << ID_BITS) | id
CreditKeys.sol	CR	77	COMPILATION FAILURE	p == Preset.Rarity	//p == Preset.Rarity
CreditKeys.sol	CR	78	COMPILATION FAILURE	uint256 score = colorWeight(mask) + printWeight(r.register) + weightWeight(r.weight) + eightsWeight(r.eights)	//uint256 score = colorWeight(mask) + printWeight(r.register) + weightWeight(r.weight) + eightsWeight(r.eights)
CreditKeys.sol	CR	79	CAUGHT	return ((type(uint64).max - score) << ID_BITS) | id	//return ((type(uint64).max - score) << ID_BITS) | id
CreditKeys.sol	CR	81	UNCAUGHT	revert("preset")	//revert("preset")
CreditKeys.sol	CR	86	COMPILATION FAILURE	mask == 1	//mask == 1
CreditKeys.sol	CR	86	UNCAUGHT	return 0	//return 0
CreditKeys.sol	CR	87	COMPILATION FAILURE	mask == 2	//mask == 2
CreditKeys.sol	CR	87	UNCAUGHT	return 1	//return 1
CreditKeys.sol	CR	88	COMPILATION FAILURE	mask == 4	//mask == 4
CreditKeys.sol	CR	88	UNCAUGHT	return 2	//return 2
CreditKeys.sol	CR	89	COMPILATION FAILURE	mask == 8	//mask == 8
CreditKeys.sol	CR	89	UNCAUGHT	return 3	//return 3
CreditKeys.sol	CR	90	COMPILATION FAILURE	mask == 3	//mask == 3
CreditKeys.sol	CR	90	UNCAUGHT	return 4	//return 4
CreditKeys.sol	CR	91	COMPILATION FAILURE	mask == 5	//mask == 5
CreditKeys.sol	CR	91	UNCAUGHT	return 5	//return 5
CreditKeys.sol	CR	92	COMPILATION FAILURE	mask == 6	//mask == 6
CreditKeys.sol	CR	92	UNCAUGHT	return 6	//return 6
CreditKeys.sol	CR	93	COMPILATION FAILURE	mask == 9	//mask == 9
CreditKeys.sol	CR	93	UNCAUGHT	return 7	//return 7
CreditKeys.sol	CR	94	COMPILATION FAILURE	mask == 10	//mask == 10
CreditKeys.sol	CR	94	UNCAUGHT	return 8	//return 8
CreditKeys.sol	CR	95	COMPILATION FAILURE	mask == 12	//mask == 12
CreditKeys.sol	CR	95	UNCAUGHT	return 9	//return 9
CreditKeys.sol	CR	96	COMPILATION FAILURE	mask == 7	//mask == 7
CreditKeys.sol	CR	96	UNCAUGHT	return 10	//return 10
CreditKeys.sol	CR	97	COMPILATION FAILURE	mask == 11	//mask == 11
CreditKeys.sol	CR	97	UNCAUGHT	return 11	//return 11
CreditKeys.sol	CR	98	COMPILATION FAILURE	mask == 13	//mask == 13
CreditKeys.sol	CR	98	UNCAUGHT	return 12	//return 12
CreditKeys.sol	CR	99	COMPILATION FAILURE	mask == 14	//mask == 14
CreditKeys.sol	CR	99	UNCAUGHT	return 13	//return 13
CreditKeys.sol	CR	100	UNCAUGHT	return 14	//return 14
CreditKeys.sol	CR	105	COMPILATION FAILURE	bytes32 h = keccak256(bytes(reg))	//bytes32 h = keccak256(bytes(reg))
CreditKeys.sol	CR	106	COMPILATION FAILURE	h == keccak256("Registered")	//h == keccak256("Registered")
CreditKeys.sol	CR	106	CAUGHT	return 0	//return 0
CreditKeys.sol	CR	107	COMPILATION FAILURE	h == keccak256("Nudge")	//h == keccak256("Nudge")
CreditKeys.sol	CR	107	CAUGHT	return 1	//return 1
CreditKeys.sol	CR	108	COMPILATION FAILURE	h == keccak256("Slip")	//h == keccak256("Slip")
CreditKeys.sol	CR	108	CAUGHT	return 2	//return 2
CreditKeys.sol	CR	110	COMPILATION FAILURE	h == keccak256("Drift")	//h == keccak256("Drift")
CreditKeys.sol	CR	110	CAUGHT	return 4	//return 4
CreditKeys.sol	CR	111	COMPILATION FAILURE	h == keccak256("Loose")	//h == keccak256("Loose")
CreditKeys.sol	CR	111	CAUGHT	return 5	//return 5
CreditKeys.sol	CR	112	UNCAUGHT	revert("print")	//revert("print")
CreditKeys.sol	CR	117	COMPILATION FAILURE	bytes32 h = keccak256(bytes(w))	//bytes32 h = keccak256(bytes(w))
CreditKeys.sol	CR	118	COMPILATION FAILURE	h == keccak256("sparse")	//h == keccak256("sparse")
CreditKeys.sol	CR	118	CAUGHT	return 0	//return 0
CreditKeys.sol	CR	119	COMPILATION FAILURE	h == keccak256("lean")	//h == keccak256("lean")
CreditKeys.sol	CR	119	CAUGHT	return 1	//return 1
CreditKeys.sol	CR	120	COMPILATION FAILURE	h == keccak256("even")	//h == keccak256("even")
CreditKeys.sol	CR	120	CAUGHT	return 2	//return 2
CreditKeys.sol	CR	121	COMPILATION FAILURE	h == keccak256("extreme")	//h == keccak256("extreme")
CreditKeys.sol	CR	121	CAUGHT	return 3	//return 3
CreditKeys.sol	CR	122	UNCAUGHT	revert("weight")	//revert("weight")
CreditKeys.sol	CR	127	COMPILATION FAILURE	mask == 1	//mask == 1
CreditKeys.sol	CR	127	UNCAUGHT	return 3908947081	//return 3908947081
CreditKeys.sol	CR	128	COMPILATION FAILURE	mask == 2	//mask == 2
CreditKeys.sol	CR	128	UNCAUGHT	return 3913745110	//return 3913745110
CreditKeys.sol	CR	129	COMPILATION FAILURE	mask == 3	//mask == 3
CreditKeys.sol	CR	129	UNCAUGHT	return 3903634585	//return 3903634585
CreditKeys.sol	CR	130	COMPILATION FAILURE	mask == 4	//mask == 4
CreditKeys.sol	CR	130	UNCAUGHT	return 3908060305	//return 3908060305
CreditKeys.sol	CR	131	COMPILATION FAILURE	mask == 5	//mask == 5
CreditKeys.sol	CR	131	UNCAUGHT	return 3919631122	//return 3919631122
CreditKeys.sol	CR	132	COMPILATION FAILURE	mask == 6	//mask == 6
CreditKeys.sol	CR	132	UNCAUGHT	return 3887463858	//return 3887463858
CreditKeys.sol	CR	133	COMPILATION FAILURE	mask == 7	//mask == 7
CreditKeys.sol	CR	133	UNCAUGHT	return 3915169818	//return 3915169818
CreditKeys.sol	CR	134	COMPILATION FAILURE	mask == 8	//mask == 8
CreditKeys.sol	CR	134	UNCAUGHT	return 3939426425	//return 3939426425
CreditKeys.sol	CR	135	COMPILATION FAILURE	mask == 9	//mask == 9
CreditKeys.sol	CR	135	UNCAUGHT	return 3889562832	//return 3889562832
CreditKeys.sol	CR	136	COMPILATION FAILURE	mask == 10	//mask == 10
CreditKeys.sol	CR	136	UNCAUGHT	return 3910011931	//return 3910011931
CreditKeys.sol	CR	137	COMPILATION FAILURE	mask == 11	//mask == 11
CreditKeys.sol	CR	137	UNCAUGHT	return 3901515053	//return 3901515053
CreditKeys.sol	CR	138	COMPILATION FAILURE	mask == 12	//mask == 12
CreditKeys.sol	CR	138	UNCAUGHT	return 3926259272	//return 3926259272
CreditKeys.sol	CR	139	COMPILATION FAILURE	mask == 13	//mask == 13
CreditKeys.sol	CR	139	UNCAUGHT	return 3895350809	//return 3895350809
CreditKeys.sol	CR	140	COMPILATION FAILURE	mask == 14	//mask == 14
CreditKeys.sol	CR	140	UNCAUGHT	return 3877188084	//return 3877188084
CreditKeys.sol	CR	141	UNCAUGHT	return 3908592305	//return 3908592305
CreditKeys.sol	CR	145	COMPILATION FAILURE	uint256 r = printRank(reg)	//uint256 r = printRank(reg)
CreditKeys.sol	CR	146	COMPILATION FAILURE	r == 0	//r == 0
CreditKeys.sol	CR	146	UNCAUGHT	return 195465472	//return 195465472
CreditKeys.sol	CR	147	COMPILATION FAILURE	r == 1	//r == 1
CreditKeys.sol	CR	147	UNCAUGHT	return 4661729380	//return 4661729380
CreditKeys.sol	CR	148	COMPILATION FAILURE	r == 2	//r == 2
CreditKeys.sol	CR	148	UNCAUGHT	return 4640364522	//return 4640364522
CreditKeys.sol	CR	150	COMPILATION FAILURE	r == 4	//r == 4
CreditKeys.sol	CR	150	UNCAUGHT	return 6072587748	//return 6072587748
CreditKeys.sol	CR	151	UNCAUGHT	return 6964650926	//return 6964650926
CreditKeys.sol	CR	155	COMPILATION FAILURE	uint256 r = weightRank(w)	//uint256 r = weightRank(w)
CreditKeys.sol	CR	156	COMPILATION FAILURE	r == 0	//r == 0
CreditKeys.sol	CR	156	UNCAUGHT	return 2887813475	//return 2887813475
CreditKeys.sol	CR	157	COMPILATION FAILURE	r == 1	//r == 1
CreditKeys.sol	CR	157	UNCAUGHT	return 1831411512	//return 1831411512
CreditKeys.sol	CR	158	COMPILATION FAILURE	r == 2	//r == 2
CreditKeys.sol	CR	158	UNCAUGHT	return 801626426	//return 801626426
CreditKeys.sol	CR	159	UNCAUGHT	return 6615253228	//return 6615253228
CreditKeys.sol	CR	163	COMPILATION FAILURE	e == 0	//e == 0
CreditKeys.sol	CR	163	CAUGHT	return 448838239	//return 448838239
CreditKeys.sol	CR	164	COMPILATION FAILURE	e == 1	//e == 1
CreditKeys.sol	CR	164	CAUGHT	return 2125356957	//return 2125356957
CreditKeys.sol	CR	165	COMPILATION FAILURE	e == 2	//e == 2
CreditKeys.sol	CR	165	CAUGHT	return 4849173708	//return 4849173708
CreditKeys.sol	CR	166	COMPILATION FAILURE	e == 3	//e == 3
CreditKeys.sol	CR	166	CAUGHT	return 8261716960	//return 8261716960
CreditKeys.sol	CR	169	UNCAUGHT	revert("eights")	//revert("eights")
CreditKeys.sol	CR	173	COMPILATION FAILURE	(uint256[] memory out)	//(uint256[] memory out)
CreditKeys.sol	CR	174	CAUGHT	out = new uint256[](ids.length)	//out = new uint256[](ids.length)
CreditKeys.sol	CR	175	COMPILATION FAILURE	++i	//++i
CreditKeys.sol	CR	175	CAUGHT	for (uint256 i; i < ids.length; ++i) out[i] = ids[i]	//for (uint256 i; i < ids.length; ++i) out[i] = ids[i]
CreditKeys.sol	CR	175	COMPILATION FAILURE	i < ids.length	//i < ids.length
CreditKeys.sol	CR	175	CAUGHT	out[i] = ids[i]	//out[i] = ids[i]
CreditKeys.sol	CR	175	COMPILATION FAILURE	uint256 i	//uint256 i
CreditKeys.sol	CR	176	COMPILATION FAILURE	--i	//--i
CreditKeys.sol	CR	176	COMPILATION FAILURE	i > 1	//i > 1
CreditKeys.sol	CR	176	COMPILATION FAILURE	uint256 i = out.length	//uint256 i = out.length
CreditKeys.sol	CR	177	COMPILATION FAILURE	uint256 j = uint256(keccak256(abi.encodePacked(seed, i - 1))) % i	//uint256 j = uint256(keccak256(abi.encodePacked(seed, i - 1))) % i
CreditKeys.sol	CR	178	CAUGHT	(out[i - 1], out[j]) = (out[j], out[i - 1])	//(out[i - 1], out[j]) = (out[j], out[i - 1])
CreditKeys.sol	LIR	58	CAUGHT	uint256 i = 1	uint256 i = 0
CreditKeys.sol	LIR	58	CAUGHT	uint256 i = 1	uint256 i = 115792089237316195423570985008687907853269984665640564039457584007913129639935
CreditKeys.sol	MIA	35	CAUGHT	order.length != n	!(order.length != n)
CreditKeys.sol	MIA	35	CAUGHT	order.length != n	false
CreditKeys.sol	MIA	35	CAUGHT	order.length != n	true
CreditKeys.sol	MIA	39	CAUGHT	deposited[j] == order[i]	!(deposited[j] == order[i])
CreditKeys.sol	MIA	39	CAUGHT	deposited[j] == order[i]	false
CreditKeys.sol	MIA	39	CAUGHT	deposited[j] == order[i]	true
CreditKeys.sol	MIA	40	CAUGHT	pos == type(uint256).max	!(pos == type(uint256).max)
CreditKeys.sol	MIA	40	CAUGHT	pos == type(uint256).max	false
CreditKeys.sol	MIA	40	CAUGHT	pos == type(uint256).max	true
CreditKeys.sol	MIA	43	CAUGHT	seen[w] & bit != 0	!(seen[w] & bit != 0)
CreditKeys.sol	MIA	43	CAUGHT	seen[w] & bit != 0	false
CreditKeys.sol	MIA	43	CAUGHT	seen[w] & bit != 0	true
CreditKeys.sol	MIA	46	CAUGHT	p == Preset.Manual	!(p == Preset.Manual)
CreditKeys.sol	MIA	46	CAUGHT	p == Preset.Manual	false
CreditKeys.sol	MIA	46	CAUGHT	p == Preset.Manual	true
CreditKeys.sol	MIA	47	CAUGHT	p == Preset.Deposit	!(p == Preset.Deposit)
CreditKeys.sol	MIA	47	CAUGHT	p == Preset.Deposit	false
CreditKeys.sol	MIA	47	CAUGHT	p == Preset.Deposit	true
CreditKeys.sol	MIA	48	CAUGHT	order[i] != deposited[i]	!(order[i] != deposited[i])
CreditKeys.sol	MIA	48	CAUGHT	order[i] != deposited[i]	false
CreditKeys.sol	MIA	48	CAUGHT	order[i] != deposited[i]	true
CreditKeys.sol	MIA	51	CAUGHT	p == Preset.Random	!(p == Preset.Random)
CreditKeys.sol	MIA	51	CAUGHT	p == Preset.Random	false
CreditKeys.sol	MIA	51	CAUGHT	p == Preset.Random	true
CreditKeys.sol	MIA	53	CAUGHT	order[i] != want[i]	!(order[i] != want[i])
CreditKeys.sol	MIA	53	CAUGHT	order[i] != want[i]	false
CreditKeys.sol	MIA	53	CAUGHT	order[i] != want[i]	true
CreditKeys.sol	MIA	60	CAUGHT	k <= prev	!(k <= prev)
CreditKeys.sol	MIA	60	CAUGHT	k <= prev	false
CreditKeys.sol	MIA	60	CAUGHT	k <= prev	true
CreditKeys.sol	MIA	67	CAUGHT	p == Preset.Number	!(p == Preset.Number)
CreditKeys.sol	MIA	67	CAUGHT	p == Preset.Number	false
CreditKeys.sol	MIA	67	UNCAUGHT	p == Preset.Number	true
CreditKeys.sol	MIA	69	CAUGHT	p == Preset.Time	!(p == Preset.Time)
CreditKeys.sol	MIA	69	CAUGHT	p == Preset.Time	false
CreditKeys.sol	MIA	69	UNCAUGHT	p == Preset.Time	true
CreditKeys.sol	MIA	71	CAUGHT	p == Preset.Colors	!(p == Preset.Colors)
CreditKeys.sol	MIA	71	CAUGHT	p == Preset.Colors	false
CreditKeys.sol	MIA	71	UNCAUGHT	p == Preset.Colors	true
CreditKeys.sol	MIA	73	CAUGHT	p == Preset.Ink	!(p == Preset.Ink)
CreditKeys.sol	MIA	73	CAUGHT	p == Preset.Ink	false
CreditKeys.sol	MIA	73	UNCAUGHT	p == Preset.Ink	true
CreditKeys.sol	MIA	74	CAUGHT	p == Preset.Eights	!(p == Preset.Eights)
CreditKeys.sol	MIA	74	CAUGHT	p == Preset.Eights	false
CreditKeys.sol	MIA	74	UNCAUGHT	p == Preset.Eights	true
CreditKeys.sol	MIA	75	CAUGHT	p == Preset.Print	!(p == Preset.Print)
CreditKeys.sol	MIA	75	CAUGHT	p == Preset.Print	false
CreditKeys.sol	MIA	75	UNCAUGHT	p == Preset.Print	true
CreditKeys.sol	MIA	76	CAUGHT	p == Preset.Weight	!(p == Preset.Weight)
CreditKeys.sol	MIA	76	CAUGHT	p == Preset.Weight	false
CreditKeys.sol	MIA	76	UNCAUGHT	p == Preset.Weight	true
CreditKeys.sol	MIA	77	CAUGHT	p == Preset.Rarity	!(p == Preset.Rarity)
CreditKeys.sol	MIA	77	CAUGHT	p == Preset.Rarity	false
CreditKeys.sol	MIA	77	UNCAUGHT	p == Preset.Rarity	true
CreditKeys.sol	MIA	106	CAUGHT	h == keccak256("Registered")	!(h == keccak256("Registered"))
CreditKeys.sol	MIA	106	CAUGHT	h == keccak256("Registered")	false
CreditKeys.sol	MIA	106	UNCAUGHT	h == keccak256("Registered")	true
CreditKeys.sol	MIA	107	CAUGHT	h == keccak256("Nudge")	!(h == keccak256("Nudge"))
CreditKeys.sol	MIA	107	CAUGHT	h == keccak256("Nudge")	false
CreditKeys.sol	MIA	107	UNCAUGHT	h == keccak256("Nudge")	true
CreditKeys.sol	MIA	108	CAUGHT	h == keccak256("Slip")	!(h == keccak256("Slip"))
CreditKeys.sol	MIA	108	CAUGHT	h == keccak256("Slip")	false
CreditKeys.sol	MIA	108	UNCAUGHT	h == keccak256("Slip")	true
CreditKeys.sol	MIA	110	CAUGHT	h == keccak256("Drift")	!(h == keccak256("Drift"))
CreditKeys.sol	MIA	110	CAUGHT	h == keccak256("Drift")	false
CreditKeys.sol	MIA	110	UNCAUGHT	h == keccak256("Drift")	true
CreditKeys.sol	MIA	111	CAUGHT	h == keccak256("Loose")	!(h == keccak256("Loose"))
CreditKeys.sol	MIA	111	CAUGHT	h == keccak256("Loose")	false
CreditKeys.sol	MIA	111	UNCAUGHT	h == keccak256("Loose")	true
CreditKeys.sol	MIA	118	CAUGHT	h == keccak256("sparse")	!(h == keccak256("sparse"))
CreditKeys.sol	MIA	118	CAUGHT	h == keccak256("sparse")	false
CreditKeys.sol	MIA	118	UNCAUGHT	h == keccak256("sparse")	true
CreditKeys.sol	MIA	119	CAUGHT	h == keccak256("lean")	!(h == keccak256("lean"))
CreditKeys.sol	MIA	119	CAUGHT	h == keccak256("lean")	false
CreditKeys.sol	MIA	119	UNCAUGHT	h == keccak256("lean")	true
CreditKeys.sol	MIA	120	CAUGHT	h == keccak256("even")	!(h == keccak256("even"))
CreditKeys.sol	MIA	120	CAUGHT	h == keccak256("even")	false
CreditKeys.sol	MIA	120	UNCAUGHT	h == keccak256("even")	true
CreditKeys.sol	MIA	121	CAUGHT	h == keccak256("extreme")	!(h == keccak256("extreme"))
CreditKeys.sol	MIA	121	CAUGHT	h == keccak256("extreme")	false
CreditKeys.sol	MIA	121	UNCAUGHT	h == keccak256("extreme")	true
CreditKeys.sol	MIA	163	CAUGHT	e == 0	!(e == 0)
CreditKeys.sol	MIA	163	CAUGHT	e == 0	false
CreditKeys.sol	MIA	163	UNCAUGHT	e == 0	true
CreditKeys.sol	MIA	164	CAUGHT	e == 1	!(e == 1)
CreditKeys.sol	MIA	164	CAUGHT	e == 1	false
CreditKeys.sol	MIA	164	UNCAUGHT	e == 1	true
CreditKeys.sol	MIA	165	CAUGHT	e == 2	!(e == 2)
CreditKeys.sol	MIA	165	CAUGHT	e == 2	false
CreditKeys.sol	MIA	165	UNCAUGHT	e == 2	true
CreditKeys.sol	MIA	166	CAUGHT	e == 3	!(e == 3)
CreditKeys.sol	MIA	166	CAUGHT	e == 3	false
CreditKeys.sol	MIA	166	UNCAUGHT	e == 3	true
CreditKeys.sol	MVIE	34	CAUGHT	uint256 n = deposited.length	uint256 n 
CreditKeys.sol	MVIE	38	CAUGHT	uint256 pos = type(uint256).max	uint256 pos 
CreditKeys.sol	MVIE	41	UNCAUGHT	uint256 w = pos >> 8	uint256 w 
CreditKeys.sol	MVIE	42	CAUGHT	uint256 bit = 1 << (pos & 255)	uint256 bit 
CreditKeys.sol	MVIE	52	CAUGHT	uint256[] memory want = shuffle(deposited, seed)	uint256[] memory want 
CreditKeys.sol	MVIE	56	CAUGHT	ICreditArt art = ICreditArt(credits.art())	ICreditArt art 
CreditKeys.sol	MVIE	57	CAUGHT	uint256 prev = key(p, credits, art, order[0])	uint256 prev 
CreditKeys.sol	MVIE	59	CAUGHT	uint256 k = key(p, credits, art, order[i])	uint256 k 
CreditKeys.sol	MVIE	68	UNCAUGHT	uint64 paidAt = credits.timestampOf(id)	uint64 paidAt 
CreditKeys.sol	MVIE	70	UNCAUGHT	uint256 mask = uint256(paidAt) % 15 + 1	uint256 mask 
CreditKeys.sol	MVIE	72	CAUGHT	ICreditArt.Read memory r = art.describe(credits.seedOf(id), paidAt)	ICreditArt.Read memory r 
CreditKeys.sol	MVIE	78	UNCAUGHT	uint256 score = colorWeight(mask) + printWeight(r.register) + weightWeight(r.weight) + eightsWeight(r.eights)	uint256 score 
CreditKeys.sol	MVIE	105	CAUGHT	bytes32 h = keccak256(bytes(reg))	bytes32 h 
CreditKeys.sol	MVIE	117	CAUGHT	bytes32 h = keccak256(bytes(w))	bytes32 h 
CreditKeys.sol	MVIE	145	UNCAUGHT	uint256 r = printRank(reg)	uint256 r 
CreditKeys.sol	MVIE	155	UNCAUGHT	uint256 r = weightRank(w)	uint256 r 
CreditKeys.sol	MVIE	176	CAUGHT	uint256 i = out.length	uint256 i 
CreditKeys.sol	MVIE	177	CAUGHT	uint256 j = uint256(keccak256(abi.encodePacked(seed, i - 1))) % i	uint256 j 
CreditKeys.sol	MVIV	58	CAUGHT	uint256 i = 1	uint256 i 
CreditKeys.sol	MWA	37	CAUGHT	i < n	!(i < n)
CreditKeys.sol	MWA	39	CAUGHT	j < n	!(j < n)
CreditKeys.sol	MWA	48	CAUGHT	i < n	!(i < n)
CreditKeys.sol	MWA	53	CAUGHT	i < n	!(i < n)
CreditKeys.sol	MWA	58	CAUGHT	i < n	!(i < n)
CreditKeys.sol	MWA	175	CAUGHT	i < ids.length	!(i < ids.length)
CreditKeys.sol	MWA	176	CAUGHT	i > 1	!(i > 1)
CreditKeys.sol	ROR	35	CAUGHT	order.length != n	order.length < n
CreditKeys.sol	ROR	35	CAUGHT	order.length != n	order.length <= n
CreditKeys.sol	ROR	35	CAUGHT	order.length != n	order.length == n
CreditKeys.sol	ROR	35	CAUGHT	order.length != n	order.length > n
CreditKeys.sol	ROR	35	CAUGHT	order.length != n	order.length >= n
CreditKeys.sol	ROR	37	UNCAUGHT	i < n	i != n
CreditKeys.sol	ROR	37	CAUGHT	i < n	i <= n
CreditKeys.sol	ROR	37	CAUGHT	i < n	i == n
CreditKeys.sol	ROR	37	CAUGHT	i < n	i > n
CreditKeys.sol	ROR	37	CAUGHT	i < n	i >= n
CreditKeys.sol	ROR	39	CAUGHT	deposited[j] == order[i]	deposited[j] != order[i]
CreditKeys.sol	ROR	39	CAUGHT	deposited[j] == order[i]	deposited[j] < order[i]
CreditKeys.sol	ROR	39	CAUGHT	deposited[j] == order[i]	deposited[j] <= order[i]
CreditKeys.sol	ROR	39	CAUGHT	deposited[j] == order[i]	deposited[j] > order[i]
CreditKeys.sol	ROR	39	CAUGHT	deposited[j] == order[i]	deposited[j] >= order[i]
CreditKeys.sol	ROR	39	UNCAUGHT	j < n	j != n
CreditKeys.sol	ROR	39	CAUGHT	j < n	j <= n
CreditKeys.sol	ROR	39	CAUGHT	j < n	j == n
CreditKeys.sol	ROR	39	CAUGHT	j < n	j > n
CreditKeys.sol	ROR	39	CAUGHT	j < n	j >= n
CreditKeys.sol	ROR	40	CAUGHT	pos == type(uint256).max	pos != type(uint256).max
CreditKeys.sol	ROR	40	CAUGHT	pos == type(uint256).max	pos < type(uint256).max
CreditKeys.sol	ROR	40	CAUGHT	pos == type(uint256).max	pos <= type(uint256).max
CreditKeys.sol	ROR	40	CAUGHT	pos == type(uint256).max	pos > type(uint256).max
CreditKeys.sol	ROR	40	UNCAUGHT	pos == type(uint256).max	pos >= type(uint256).max
CreditKeys.sol	ROR	43	CAUGHT	seen[w] & bit != 0	seen[w] & bit < 0
CreditKeys.sol	ROR	43	CAUGHT	seen[w] & bit != 0	seen[w] & bit <= 0
CreditKeys.sol	ROR	43	CAUGHT	seen[w] & bit != 0	seen[w] & bit == 0
CreditKeys.sol	ROR	43	UNCAUGHT	seen[w] & bit != 0	seen[w] & bit > 0
CreditKeys.sol	ROR	43	CAUGHT	seen[w] & bit != 0	seen[w] & bit >= 0
CreditKeys.sol	ROR	46	CAUGHT	p == Preset.Manual	p != Preset.Manual
CreditKeys.sol	ROR	46	CAUGHT	p == Preset.Manual	p < Preset.Manual
CreditKeys.sol	ROR	46	CAUGHT	p == Preset.Manual	p <= Preset.Manual
CreditKeys.sol	ROR	46	CAUGHT	p == Preset.Manual	p > Preset.Manual
CreditKeys.sol	ROR	46	UNCAUGHT	p == Preset.Manual	p >= Preset.Manual
CreditKeys.sol	ROR	47	CAUGHT	p == Preset.Deposit	p != Preset.Deposit
CreditKeys.sol	ROR	47	CAUGHT	p == Preset.Deposit	p < Preset.Deposit
CreditKeys.sol	ROR	47	UNCAUGHT	p == Preset.Deposit	p <= Preset.Deposit
CreditKeys.sol	ROR	47	CAUGHT	p == Preset.Deposit	p > Preset.Deposit
CreditKeys.sol	ROR	47	CAUGHT	p == Preset.Deposit	p >= Preset.Deposit
CreditKeys.sol	ROR	48	UNCAUGHT	i < n	i != n
CreditKeys.sol	ROR	48	CAUGHT	i < n	i <= n
CreditKeys.sol	ROR	48	CAUGHT	i < n	i == n
CreditKeys.sol	ROR	48	CAUGHT	i < n	i > n
CreditKeys.sol	ROR	48	CAUGHT	i < n	i >= n
CreditKeys.sol	ROR	48	UNCAUGHT	order[i] != deposited[i]	order[i] < deposited[i]
CreditKeys.sol	ROR	48	CAUGHT	order[i] != deposited[i]	order[i] <= deposited[i]
CreditKeys.sol	ROR	48	CAUGHT	order[i] != deposited[i]	order[i] == deposited[i]
CreditKeys.sol	ROR	48	UNCAUGHT	order[i] != deposited[i]	order[i] > deposited[i]
CreditKeys.sol	ROR	48	CAUGHT	order[i] != deposited[i]	order[i] >= deposited[i]
CreditKeys.sol	ROR	51	CAUGHT	p == Preset.Random	p != Preset.Random
CreditKeys.sol	ROR	51	CAUGHT	p == Preset.Random	p < Preset.Random
CreditKeys.sol	ROR	51	CAUGHT	p == Preset.Random	p <= Preset.Random
CreditKeys.sol	ROR	51	CAUGHT	p == Preset.Random	p > Preset.Random
CreditKeys.sol	ROR	51	UNCAUGHT	p == Preset.Random	p >= Preset.Random
CreditKeys.sol	ROR	53	UNCAUGHT	i < n	i != n
CreditKeys.sol	ROR	53	CAUGHT	i < n	i <= n
CreditKeys.sol	ROR	53	CAUGHT	i < n	i == n
CreditKeys.sol	ROR	53	CAUGHT	i < n	i > n
CreditKeys.sol	ROR	53	CAUGHT	i < n	i >= n
CreditKeys.sol	ROR	53	UNCAUGHT	order[i] != want[i]	order[i] < want[i]
CreditKeys.sol	ROR	53	CAUGHT	order[i] != want[i]	order[i] <= want[i]
CreditKeys.sol	ROR	53	CAUGHT	order[i] != want[i]	order[i] == want[i]
CreditKeys.sol	ROR	53	UNCAUGHT	order[i] != want[i]	order[i] > want[i]
CreditKeys.sol	ROR	53	CAUGHT	order[i] != want[i]	order[i] >= want[i]
CreditKeys.sol	ROR	58	UNCAUGHT	i < n	i != n
CreditKeys.sol	ROR	58	CAUGHT	i < n	i <= n
CreditKeys.sol	ROR	58	CAUGHT	i < n	i == n
CreditKeys.sol	ROR	58	CAUGHT	i < n	i > n
CreditKeys.sol	ROR	58	CAUGHT	i < n	i >= n
CreditKeys.sol	ROR	60	CAUGHT	k <= prev	k != prev
CreditKeys.sol	ROR	60	UNCAUGHT	k <= prev	k < prev
CreditKeys.sol	ROR	60	CAUGHT	k <= prev	k == prev
CreditKeys.sol	ROR	60	CAUGHT	k <= prev	k > prev
CreditKeys.sol	ROR	60	CAUGHT	k <= prev	k >= prev
CreditKeys.sol	ROR	67	CAUGHT	p == Preset.Number	p != Preset.Number
CreditKeys.sol	ROR	67	CAUGHT	p == Preset.Number	p < Preset.Number
CreditKeys.sol	ROR	67	UNCAUGHT	p == Preset.Number	p <= Preset.Number
CreditKeys.sol	ROR	67	CAUGHT	p == Preset.Number	p > Preset.Number
CreditKeys.sol	ROR	67	UNCAUGHT	p == Preset.Number	p >= Preset.Number
CreditKeys.sol	ROR	69	CAUGHT	p == Preset.Time	p != Preset.Time
CreditKeys.sol	ROR	69	CAUGHT	p == Preset.Time	p < Preset.Time
CreditKeys.sol	ROR	69	UNCAUGHT	p == Preset.Time	p <= Preset.Time
CreditKeys.sol	ROR	69	CAUGHT	p == Preset.Time	p > Preset.Time
CreditKeys.sol	ROR	69	UNCAUGHT	p == Preset.Time	p >= Preset.Time
CreditKeys.sol	ROR	71	CAUGHT	p == Preset.Colors	p != Preset.Colors
CreditKeys.sol	ROR	71	CAUGHT	p == Preset.Colors	p < Preset.Colors
CreditKeys.sol	ROR	71	UNCAUGHT	p == Preset.Colors	p <= Preset.Colors
CreditKeys.sol	ROR	71	CAUGHT	p == Preset.Colors	p > Preset.Colors
CreditKeys.sol	ROR	71	UNCAUGHT	p == Preset.Colors	p >= Preset.Colors
CreditKeys.sol	ROR	73	CAUGHT	p == Preset.Ink	p != Preset.Ink
CreditKeys.sol	ROR	73	CAUGHT	p == Preset.Ink	p < Preset.Ink
CreditKeys.sol	ROR	73	UNCAUGHT	p == Preset.Ink	p <= Preset.Ink
CreditKeys.sol	ROR	73	CAUGHT	p == Preset.Ink	p > Preset.Ink
CreditKeys.sol	ROR	73	UNCAUGHT	p == Preset.Ink	p >= Preset.Ink
CreditKeys.sol	ROR	74	CAUGHT	p == Preset.Eights	p != Preset.Eights
CreditKeys.sol	ROR	74	CAUGHT	p == Preset.Eights	p < Preset.Eights
CreditKeys.sol	ROR	74	UNCAUGHT	p == Preset.Eights	p <= Preset.Eights
CreditKeys.sol	ROR	74	CAUGHT	p == Preset.Eights	p > Preset.Eights
CreditKeys.sol	ROR	74	UNCAUGHT	p == Preset.Eights	p >= Preset.Eights
CreditKeys.sol	ROR	75	CAUGHT	p == Preset.Print	p != Preset.Print
CreditKeys.sol	ROR	75	CAUGHT	p == Preset.Print	p < Preset.Print
CreditKeys.sol	ROR	75	UNCAUGHT	p == Preset.Print	p <= Preset.Print
CreditKeys.sol	ROR	75	CAUGHT	p == Preset.Print	p > Preset.Print
CreditKeys.sol	ROR	75	UNCAUGHT	p == Preset.Print	p >= Preset.Print
CreditKeys.sol	ROR	76	CAUGHT	p == Preset.Weight	p != Preset.Weight
CreditKeys.sol	ROR	76	CAUGHT	p == Preset.Weight	p < Preset.Weight
CreditKeys.sol	ROR	76	UNCAUGHT	p == Preset.Weight	p <= Preset.Weight
CreditKeys.sol	ROR	76	CAUGHT	p == Preset.Weight	p > Preset.Weight
CreditKeys.sol	ROR	76	UNCAUGHT	p == Preset.Weight	p >= Preset.Weight
CreditKeys.sol	ROR	77	CAUGHT	p == Preset.Rarity	p != Preset.Rarity
CreditKeys.sol	ROR	77	CAUGHT	p == Preset.Rarity	p < Preset.Rarity
CreditKeys.sol	ROR	77	UNCAUGHT	p == Preset.Rarity	p <= Preset.Rarity
CreditKeys.sol	ROR	77	CAUGHT	p == Preset.Rarity	p > Preset.Rarity
CreditKeys.sol	ROR	77	UNCAUGHT	p == Preset.Rarity	p >= Preset.Rarity
CreditKeys.sol	ROR	106	CAUGHT	h == keccak256("Registered")	h != keccak256("Registered")
CreditKeys.sol	ROR	106	CAUGHT	h == keccak256("Registered")	h < keccak256("Registered")
CreditKeys.sol	ROR	106	UNCAUGHT	h == keccak256("Registered")	h <= keccak256("Registered")
CreditKeys.sol	ROR	106	CAUGHT	h == keccak256("Registered")	h > keccak256("Registered")
CreditKeys.sol	ROR	106	UNCAUGHT	h == keccak256("Registered")	h >= keccak256("Registered")
CreditKeys.sol	ROR	107	CAUGHT	h == keccak256("Nudge")	h != keccak256("Nudge")
CreditKeys.sol	ROR	107	CAUGHT	h == keccak256("Nudge")	h < keccak256("Nudge")
CreditKeys.sol	ROR	107	UNCAUGHT	h == keccak256("Nudge")	h <= keccak256("Nudge")
CreditKeys.sol	ROR	107	CAUGHT	h == keccak256("Nudge")	h > keccak256("Nudge")
CreditKeys.sol	ROR	107	UNCAUGHT	h == keccak256("Nudge")	h >= keccak256("Nudge")
CreditKeys.sol	ROR	108	CAUGHT	h == keccak256("Slip")	h != keccak256("Slip")
CreditKeys.sol	ROR	108	CAUGHT	h == keccak256("Slip")	h < keccak256("Slip")
CreditKeys.sol	ROR	108	UNCAUGHT	h == keccak256("Slip")	h <= keccak256("Slip")
CreditKeys.sol	ROR	108	CAUGHT	h == keccak256("Slip")	h > keccak256("Slip")
CreditKeys.sol	ROR	108	UNCAUGHT	h == keccak256("Slip")	h >= keccak256("Slip")
CreditKeys.sol	ROR	110	CAUGHT	h == keccak256("Drift")	h != keccak256("Drift")
CreditKeys.sol	ROR	110	CAUGHT	h == keccak256("Drift")	h < keccak256("Drift")
CreditKeys.sol	ROR	110	UNCAUGHT	h == keccak256("Drift")	h <= keccak256("Drift")
CreditKeys.sol	ROR	110	CAUGHT	h == keccak256("Drift")	h > keccak256("Drift")
CreditKeys.sol	ROR	110	UNCAUGHT	h == keccak256("Drift")	h >= keccak256("Drift")
CreditKeys.sol	ROR	111	CAUGHT	h == keccak256("Loose")	h != keccak256("Loose")
CreditKeys.sol	ROR	111	CAUGHT	h == keccak256("Loose")	h < keccak256("Loose")
CreditKeys.sol	ROR	111	UNCAUGHT	h == keccak256("Loose")	h <= keccak256("Loose")
CreditKeys.sol	ROR	111	CAUGHT	h == keccak256("Loose")	h > keccak256("Loose")
CreditKeys.sol	ROR	111	UNCAUGHT	h == keccak256("Loose")	h >= keccak256("Loose")
CreditKeys.sol	ROR	118	CAUGHT	h == keccak256("sparse")	h != keccak256("sparse")
CreditKeys.sol	ROR	118	CAUGHT	h == keccak256("sparse")	h < keccak256("sparse")
CreditKeys.sol	ROR	118	UNCAUGHT	h == keccak256("sparse")	h <= keccak256("sparse")
CreditKeys.sol	ROR	118	CAUGHT	h == keccak256("sparse")	h > keccak256("sparse")
CreditKeys.sol	ROR	118	UNCAUGHT	h == keccak256("sparse")	h >= keccak256("sparse")
CreditKeys.sol	ROR	119	CAUGHT	h == keccak256("lean")	h != keccak256("lean")
CreditKeys.sol	ROR	119	CAUGHT	h == keccak256("lean")	h < keccak256("lean")
CreditKeys.sol	ROR	119	UNCAUGHT	h == keccak256("lean")	h <= keccak256("lean")
CreditKeys.sol	ROR	119	CAUGHT	h == keccak256("lean")	h > keccak256("lean")
CreditKeys.sol	ROR	119	UNCAUGHT	h == keccak256("lean")	h >= keccak256("lean")
CreditKeys.sol	ROR	120	CAUGHT	h == keccak256("even")	h != keccak256("even")
CreditKeys.sol	ROR	120	CAUGHT	h == keccak256("even")	h < keccak256("even")
CreditKeys.sol	ROR	120	UNCAUGHT	h == keccak256("even")	h <= keccak256("even")
CreditKeys.sol	ROR	120	CAUGHT	h == keccak256("even")	h > keccak256("even")
CreditKeys.sol	ROR	120	UNCAUGHT	h == keccak256("even")	h >= keccak256("even")
CreditKeys.sol	ROR	121	CAUGHT	h == keccak256("extreme")	h != keccak256("extreme")
CreditKeys.sol	ROR	121	CAUGHT	h == keccak256("extreme")	h < keccak256("extreme")
CreditKeys.sol	ROR	121	UNCAUGHT	h == keccak256("extreme")	h <= keccak256("extreme")
CreditKeys.sol	ROR	121	CAUGHT	h == keccak256("extreme")	h > keccak256("extreme")
CreditKeys.sol	ROR	121	UNCAUGHT	h == keccak256("extreme")	h >= keccak256("extreme")
CreditKeys.sol	ROR	163	CAUGHT	e == 0	e != 0
CreditKeys.sol	ROR	163	CAUGHT	e == 0	e < 0
CreditKeys.sol	ROR	163	UNCAUGHT	e == 0	e <= 0
CreditKeys.sol	ROR	163	CAUGHT	e == 0	e > 0
CreditKeys.sol	ROR	163	UNCAUGHT	e == 0	e >= 0
CreditKeys.sol	ROR	164	CAUGHT	e == 1	e != 1
CreditKeys.sol	ROR	164	CAUGHT	e == 1	e < 1
CreditKeys.sol	ROR	164	UNCAUGHT	e == 1	e <= 1
CreditKeys.sol	ROR	164	CAUGHT	e == 1	e > 1
CreditKeys.sol	ROR	164	UNCAUGHT	e == 1	e >= 1
CreditKeys.sol	ROR	165	CAUGHT	e == 2	e != 2
CreditKeys.sol	ROR	165	CAUGHT	e == 2	e < 2
CreditKeys.sol	ROR	165	UNCAUGHT	e == 2	e <= 2
CreditKeys.sol	ROR	165	CAUGHT	e == 2	e > 2
CreditKeys.sol	ROR	165	UNCAUGHT	e == 2	e >= 2
CreditKeys.sol	ROR	166	CAUGHT	e == 3	e != 3
CreditKeys.sol	ROR	166	CAUGHT	e == 3	e < 3
CreditKeys.sol	ROR	166	UNCAUGHT	e == 3	e <= 3
CreditKeys.sol	ROR	166	CAUGHT	e == 3	e > 3
CreditKeys.sol	ROR	166	UNCAUGHT	e == 3	e >= 3
CreditKeys.sol	ROR	175	UNCAUGHT	i < ids.length	i != ids.length
CreditKeys.sol	ROR	175	CAUGHT	i < ids.length	i <= ids.length
CreditKeys.sol	ROR	175	CAUGHT	i < ids.length	i == ids.length
CreditKeys.sol	ROR	175	CAUGHT	i < ids.length	i > ids.length
CreditKeys.sol	ROR	175	CAUGHT	i < ids.length	i >= ids.length
CreditKeys.sol	ROR	176	UNCAUGHT	i > 1	i != 1
CreditKeys.sol	ROR	176	CAUGHT	i > 1	i < 1
CreditKeys.sol	ROR	176	CAUGHT	i > 1	i <= 1
CreditKeys.sol	ROR	176	CAUGHT	i > 1	i == 1
CreditKeys.sol	ROR	176	UNCAUGHT	i > 1	i >= 1
CreditKeys.sol	RR	26	COMPILATION FAILURE	uint256 internal constant ID_BITS = 32	revert()
CreditKeys.sol	RR	34	COMPILATION FAILURE	uint256 n = deposited.length	revert()
CreditKeys.sol	RR	36	COMPILATION FAILURE	uint256[3] memory seen	revert()
CreditKeys.sol	RR	37	CAUGHT	++i	revert()
CreditKeys.sol	RR	37	COMPILATION FAILURE	i < n	revert()
CreditKeys.sol	RR	37	COMPILATION FAILURE	uint256 i	revert()
CreditKeys.sol	RR	38	COMPILATION FAILURE	uint256 pos = type(uint256).max	revert()
CreditKeys.sol	RR	39	CAUGHT	++j	revert()
CreditKeys.sol	RR	39	CAUGHT	break	revert()
CreditKeys.sol	RR	39	COMPILATION FAILURE	for (uint256 j; j < n; ++j) if (deposited[j] == order[i]) { pos = j; break; }	revert()
CreditKeys.sol	RR	39	COMPILATION FAILURE	j < n	revert()
CreditKeys.sol	RR	39	CAUGHT	pos = j	revert()
CreditKeys.sol	RR	39	COMPILATION FAILURE	uint256 j	revert()
CreditKeys.sol	RR	41	COMPILATION FAILURE	uint256 w = pos >> 8	revert()
CreditKeys.sol	RR	42	COMPILATION FAILURE	uint256 bit = 1 << (pos & 255)	revert()
CreditKeys.sol	RR	44	CAUGHT	seen[w] |= bit	revert()
CreditKeys.sol	RR	46	COMPILATION FAILURE	return;	revert()
CreditKeys.sol	RR	48	CAUGHT	++i	revert()
CreditKeys.sol	RR	48	CAUGHT	for (uint256 i; i < n; ++i) if (order[i] != deposited[i]) revert Bad("order")	revert()
CreditKeys.sol	RR	48	COMPILATION FAILURE	i < n	revert()
CreditKeys.sol	RR	48	COMPILATION FAILURE	uint256 i	revert()
CreditKeys.sol	RR	49	COMPILATION FAILURE	return;	revert()
CreditKeys.sol	RR	52	COMPILATION FAILURE	uint256[] memory want = shuffle(deposited, seed)	revert()
CreditKeys.sol	RR	53	CAUGHT	++i	revert()
CreditKeys.sol	RR	53	CAUGHT	for (uint256 i; i < n; ++i) if (order[i] != want[i]) revert Bad("order")	revert()
CreditKeys.sol	RR	53	COMPILATION FAILURE	i < n	revert()
CreditKeys.sol	RR	53	COMPILATION FAILURE	uint256 i	revert()
CreditKeys.sol	RR	54	COMPILATION FAILURE	return;	revert()
CreditKeys.sol	RR	56	COMPILATION FAILURE	ICreditArt art = ICreditArt(credits.art())	revert()
CreditKeys.sol	RR	57	COMPILATION FAILURE	uint256 prev = key(p, credits, art, order[0])	revert()
CreditKeys.sol	RR	58	CAUGHT	++i	revert()
CreditKeys.sol	RR	58	COMPILATION FAILURE	i < n	revert()
CreditKeys.sol	RR	58	COMPILATION FAILURE	uint256 i = 1	revert()
CreditKeys.sol	RR	59	COMPILATION FAILURE	uint256 k = key(p, credits, art, order[i])	revert()
CreditKeys.sol	RR	61	CAUGHT	prev = k	revert()
CreditKeys.sol	RR	66	CAUGHT	require(id < 2 ** ID_BITS, "id")	revert()
CreditKeys.sol	RR	67	CAUGHT	return id	revert()
CreditKeys.sol	RR	68	COMPILATION FAILURE	uint64 paidAt = credits.timestampOf(id)	revert()
CreditKeys.sol	RR	69	CAUGHT	return (uint256(paidAt) << ID_BITS) | id	revert()
CreditKeys.sol	RR	70	COMPILATION FAILURE	uint256 mask = uint256(paidAt) % 15 + 1	revert()
CreditKeys.sol	RR	71	CAUGHT	return (colorRank(mask) << ID_BITS) | id	revert()
CreditKeys.sol	RR	72	COMPILATION FAILURE	ICreditArt.Read memory r = art.describe(credits.seedOf(id), paidAt)	revert()
CreditKeys.sol	RR	73	CAUGHT	return (r.marks << ID_BITS) | id	revert()
CreditKeys.sol	RR	74	CAUGHT	return ((type(uint32).max - r.eights) << ID_BITS) | id	revert()
CreditKeys.sol	RR	75	CAUGHT	return ((5 - printRank(r.register)) << ID_BITS) | id	revert()
CreditKeys.sol	RR	76	CAUGHT	return (((weightRank(r.weight) << 16) | r.marks) << ID_BITS) | id	revert()
CreditKeys.sol	RR	78	COMPILATION FAILURE	uint256 score = colorWeight(mask) + printWeight(r.register) + weightWeight(r.weight) + eightsWeight(r.eights)	revert()
CreditKeys.sol	RR	79	CAUGHT	return ((type(uint64).max - score) << ID_BITS) | id	revert()
CreditKeys.sol	RR	86	CAUGHT	return 0	revert()
CreditKeys.sol	RR	87	CAUGHT	return 1	revert()
CreditKeys.sol	RR	88	CAUGHT	return 2	revert()
CreditKeys.sol	RR	89	CAUGHT	return 3	revert()
CreditKeys.sol	RR	90	CAUGHT	return 4	revert()
CreditKeys.sol	RR	91	CAUGHT	return 5	revert()
CreditKeys.sol	RR	92	CAUGHT	return 6	revert()
CreditKeys.sol	RR	93	CAUGHT	return 7	revert()
CreditKeys.sol	RR	94	CAUGHT	return 8	revert()
CreditKeys.sol	RR	95	CAUGHT	return 9	revert()
CreditKeys.sol	RR	96	CAUGHT	return 10	revert()
CreditKeys.sol	RR	97	CAUGHT	return 11	revert()
CreditKeys.sol	RR	98	CAUGHT	return 12	revert()
CreditKeys.sol	RR	99	CAUGHT	return 13	revert()
CreditKeys.sol	RR	100	CAUGHT	return 14	revert()
CreditKeys.sol	RR	105	COMPILATION FAILURE	bytes32 h = keccak256(bytes(reg))	revert()
CreditKeys.sol	RR	106	CAUGHT	return 0	revert()
CreditKeys.sol	RR	107	CAUGHT	return 1	revert()
CreditKeys.sol	RR	108	CAUGHT	return 2	revert()
CreditKeys.sol	RR	109	UNCAUGHT	return 3	revert()
CreditKeys.sol	RR	110	CAUGHT	return 4	revert()
CreditKeys.sol	RR	111	CAUGHT	return 5	revert()
CreditKeys.sol	RR	117	COMPILATION FAILURE	bytes32 h = keccak256(bytes(w))	revert()
CreditKeys.sol	RR	118	CAUGHT	return 0	revert()
CreditKeys.sol	RR	119	CAUGHT	return 1	revert()
CreditKeys.sol	RR	120	CAUGHT	return 2	revert()
CreditKeys.sol	RR	121	CAUGHT	return 3	revert()
CreditKeys.sol	RR	127	CAUGHT	return 3908947081	revert()
CreditKeys.sol	RR	128	CAUGHT	return 3913745110	revert()
CreditKeys.sol	RR	129	CAUGHT	return 3903634585	revert()
CreditKeys.sol	RR	130	CAUGHT	return 3908060305	revert()
CreditKeys.sol	RR	131	CAUGHT	return 3919631122	revert()
CreditKeys.sol	RR	132	CAUGHT	return 3887463858	revert()
CreditKeys.sol	RR	133	CAUGHT	return 3915169818	revert()
CreditKeys.sol	RR	134	CAUGHT	return 3939426425	revert()
CreditKeys.sol	RR	135	CAUGHT	return 3889562832	revert()
CreditKeys.sol	RR	136	CAUGHT	return 3910011931	revert()
CreditKeys.sol	RR	137	CAUGHT	return 3901515053	revert()
CreditKeys.sol	RR	138	CAUGHT	return 3926259272	revert()
CreditKeys.sol	RR	139	CAUGHT	return 3895350809	revert()
CreditKeys.sol	RR	140	CAUGHT	return 3877188084	revert()
CreditKeys.sol	RR	141	CAUGHT	return 3908592305	revert()
CreditKeys.sol	RR	145	COMPILATION FAILURE	uint256 r = printRank(reg)	revert()
CreditKeys.sol	RR	146	CAUGHT	return 195465472	revert()
CreditKeys.sol	RR	147	CAUGHT	return 4661729380	revert()
CreditKeys.sol	RR	148	CAUGHT	return 4640364522	revert()
CreditKeys.sol	RR	149	UNCAUGHT	return 5366472805	revert()
CreditKeys.sol	RR	150	CAUGHT	return 6072587748	revert()
CreditKeys.sol	RR	151	CAUGHT	return 6964650926	revert()
CreditKeys.sol	RR	155	COMPILATION FAILURE	uint256 r = weightRank(w)	revert()
CreditKeys.sol	RR	156	CAUGHT	return 2887813475	revert()
CreditKeys.sol	RR	157	CAUGHT	return 1831411512	revert()
CreditKeys.sol	RR	158	CAUGHT	return 801626426	revert()
CreditKeys.sol	RR	159	CAUGHT	return 6615253228	revert()
CreditKeys.sol	RR	163	CAUGHT	return 448838239	revert()
CreditKeys.sol	RR	164	CAUGHT	return 2125356957	revert()
CreditKeys.sol	RR	165	CAUGHT	return 4849173708	revert()
CreditKeys.sol	RR	166	CAUGHT	return 8261716960	revert()
CreditKeys.sol	RR	167	UNCAUGHT	return 12197901863	revert()
CreditKeys.sol	RR	168	UNCAUGHT	return 16898341581	revert()
CreditKeys.sol	RR	174	CAUGHT	out = new uint256[](ids.length)	revert()
CreditKeys.sol	RR	175	CAUGHT	++i	revert()
CreditKeys.sol	RR	175	CAUGHT	for (uint256 i; i < ids.length; ++i) out[i] = ids[i]	revert()
CreditKeys.sol	RR	175	COMPILATION FAILURE	i < ids.length	revert()
CreditKeys.sol	RR	175	CAUGHT	out[i] = ids[i]	revert()
CreditKeys.sol	RR	175	COMPILATION FAILURE	uint256 i	revert()
CreditKeys.sol	RR	176	CAUGHT	--i	revert()
CreditKeys.sol	RR	176	COMPILATION FAILURE	i > 1	revert()
CreditKeys.sol	RR	176	COMPILATION FAILURE	uint256 i = out.length	revert()
CreditKeys.sol	RR	177	COMPILATION FAILURE	uint256 j = uint256(keccak256(abi.encodePacked(seed, i - 1))) % i	revert()
CreditKeys.sol	RR	178	CAUGHT	(out[i - 1], out[j]) = (out[j], out[i - 1])	revert()
CreditKeys.sol	SBR	26	UNCAUGHT	uint256 internal constant ID_BITS = 32	uint128 internal constant ID_BITS = 32
CreditKeys.sol	SBR	26	COMPILATION FAILURE	uint256 internal constant ID_BITS = 32	uint256 internal immutable ID_BITS = 32
CreditKeys.sol	SBR	34	COMPILATION FAILURE	uint256 n = deposited.length	uint128 n = deposited.length
CreditKeys.sol	SBR	36	COMPILATION FAILURE	uint256[3] memory seen	uint128[3] memory seen
CreditKeys.sol	SBR	36	COMPILATION FAILURE	uint256[3] memory seen	uint256[3] storage seen
CreditKeys.sol	SBR	37	UNCAUGHT	uint256 i	uint128 i
CreditKeys.sol	SBR	38	COMPILATION FAILURE	uint256 pos = type(uint256).max	uint128 pos = type(uint128).max
CreditKeys.sol	SBR	39	UNCAUGHT	for (uint256 j; j < n; ++j) if (deposited[j] == order[i]) { pos = j; break; }	for (uint128 j; j < n; ++j) if (deposited[j] == order[i]) { pos = j; break; }
CreditKeys.sol	SBR	39	UNCAUGHT	uint256 j	uint128 j
CreditKeys.sol	SBR	40	CAUGHT	pos == type(uint256).max	pos == type(uint128).max
CreditKeys.sol	SBR	41	COMPILATION FAILURE	uint256 w = pos >> 8	uint128 w = pos >> 8
CreditKeys.sol	SBR	42	COMPILATION FAILURE	uint256 bit = 1 << (pos & 255)	uint128 bit = 1 << (pos & 255)
CreditKeys.sol	SBR	48	UNCAUGHT	for (uint256 i; i < n; ++i) if (order[i] != deposited[i]) revert Bad("order")	for (uint128 i; i < n; ++i) if (order[i] != deposited[i]) revert Bad("order")
CreditKeys.sol	SBR	48	UNCAUGHT	uint256 i	uint128 i
CreditKeys.sol	SBR	52	COMPILATION FAILURE	uint256[] memory want = shuffle(deposited, seed)	uint128[] memory want = shuffle(deposited, seed)
CreditKeys.sol	SBR	52	COMPILATION FAILURE	uint256[] memory want = shuffle(deposited, seed)	uint256[] storage want = shuffle(deposited, seed)
CreditKeys.sol	SBR	53	UNCAUGHT	for (uint256 i; i < n; ++i) if (order[i] != want[i]) revert Bad("order")	for (uint128 i; i < n; ++i) if (order[i] != want[i]) revert Bad("order")
CreditKeys.sol	SBR	53	UNCAUGHT	uint256 i	uint128 i
CreditKeys.sol	SBR	57	COMPILATION FAILURE	uint256 prev = key(p, credits, art, order[0])	uint128 prev = key(p, credits, art, order[0])
CreditKeys.sol	SBR	58	UNCAUGHT	uint256 i = 1	uint128 i = 1
CreditKeys.sol	SBR	59	COMPILATION FAILURE	uint256 k = key(p, credits, art, order[i])	uint128 k = key(p, credits, art, order[i])
CreditKeys.sol	SBR	68	COMPILATION FAILURE	uint64 paidAt = credits.timestampOf(id)	uint32 paidAt = credits.timestampOf(id)
CreditKeys.sol	SBR	69	UNCAUGHT	return (uint256(paidAt) << ID_BITS) | id	return (uint128(paidAt) << ID_BITS) | id
CreditKeys.sol	SBR	70	UNCAUGHT	uint256 mask = uint256(paidAt) % 15 + 1	uint128 mask = uint128(paidAt) % 15 + 1
CreditKeys.sol	SBR	72	COMPILATION FAILURE	ICreditArt.Read memory r = art.describe(credits.seedOf(id), paidAt)	ICreditArt.Read storage r = art.describe(credits.seedOf(id), paidAt)
CreditKeys.sol	SBR	74	UNCAUGHT	return ((type(uint32).max - r.eights) << ID_BITS) | id	return ((type(uint16).max - r.eights) << ID_BITS) | id
CreditKeys.sol	SBR	78	COMPILATION FAILURE	uint256 score = colorWeight(mask) + printWeight(r.register) + weightWeight(r.weight) + eightsWeight(r.eights)	uint128 score = colorWeight(mask) + printWeight(r.register) + weightWeight(r.weight) + eightsWeight(r.eights)
CreditKeys.sol	SBR	78	COMPILATION FAILURE	uint256 score = colorWeight(mask) + printWeight(r.register) + weightWeight(r.weight) + eightsWeight(r.eights)	uint256 score = colorWeight(mask) + printWeight(r.register) + etherghtWeight(r.weight) + eightsWeight(r.eights)
CreditKeys.sol	SBR	78	COMPILATION FAILURE	uint256 score = colorWeight(mask) + printWeight(r.register) + weightWeight(r.weight) + eightsWeight(r.eights)	uint256 score = colorWeight(mask) + printWeight(r.register) + gweightWeight(r.weight) + eightsWeight(r.eights)
CreditKeys.sol	SBR	79	CAUGHT	return ((type(uint64).max - score) << ID_BITS) | id	return ((type(uint32).max - score) << ID_BITS) | id
CreditKeys.sol	SBR	145	COMPILATION FAILURE	uint256 r = printRank(reg)	uint128 r = printRank(reg)
CreditKeys.sol	SBR	155	COMPILATION FAILURE	uint256 r = weightRank(w)	uint128 r = weightRank(w)
CreditKeys.sol	SBR	155	COMPILATION FAILURE	uint256 r = weightRank(w)	uint256 r = etherghtRank(w)
CreditKeys.sol	SBR	155	COMPILATION FAILURE	uint256 r = weightRank(w)	uint256 r = gweightRank(w)
CreditKeys.sol	SBR	173	COMPILATION FAILURE	(uint256[] memory out)	(uint128[] memory out)
CreditKeys.sol	SBR	173	COMPILATION FAILURE	(uint256[] memory out)	(uint256[] storage out)
CreditKeys.sol	SBR	174	COMPILATION FAILURE	out = new uint256[](ids.length)	out = new uint128[](ids.length)
CreditKeys.sol	SBR	175	UNCAUGHT	for (uint256 i; i < ids.length; ++i) out[i] = ids[i]	for (uint128 i; i < ids.length; ++i) out[i] = ids[i]
CreditKeys.sol	SBR	175	UNCAUGHT	uint256 i	uint128 i
CreditKeys.sol	SBR	176	COMPILATION FAILURE	uint256 i = out.length	uint128 i = out.length
CreditKeys.sol	SBR	177	COMPILATION FAILURE	uint256 j = uint256(keccak256(abi.encodePacked(seed, i - 1))) % i	uint128 j = uint128(keccak256(abi.encodePacked(seed, i - 1))) % i
CreditKeys.sol	SBR	177	UNCAUGHT	uint256 j = uint256(keccak256(abi.encodePacked(seed, i - 1))) % i	uint256 j = uint256(keccak256(abi.encode(seed, i - 1))) % i
CreditKeys.sol	UOR	37	CAUGHT	++i	--i
CreditKeys.sol	UOR	37	UNCAUGHT	++i	i++
CreditKeys.sol	UOR	37	COMPILATION FAILURE	++i	i-
CreditKeys.sol	UOR	37	CAUGHT	++i	i--
CreditKeys.sol	UOR	39	CAUGHT	++j	--j
CreditKeys.sol	UOR	39	UNCAUGHT	++j	j++
CreditKeys.sol	UOR	39	COMPILATION FAILURE	++j	j-
CreditKeys.sol	UOR	39	CAUGHT	++j	j--
CreditKeys.sol	UOR	48	COMPILATION FAILURE	++i	++i_scope_0
CreditKeys.sol	UOR	48	COMPILATION FAILURE	++i	--i_scope_0
CreditKeys.sol	UOR	48	COMPILATION FAILURE	++i	i_scope_0++
CreditKeys.sol	UOR	48	COMPILATION FAILURE	++i	i_scope_0-
CreditKeys.sol	UOR	48	COMPILATION FAILURE	++i	i_scope_0--
CreditKeys.sol	UOR	53	COMPILATION FAILURE	++i	++i_scope_1
CreditKeys.sol	UOR	53	COMPILATION FAILURE	++i	--i_scope_1
CreditKeys.sol	UOR	53	COMPILATION FAILURE	++i	i_scope_1++
CreditKeys.sol	UOR	53	COMPILATION FAILURE	++i	i_scope_1-
CreditKeys.sol	UOR	53	COMPILATION FAILURE	++i	i_scope_1--
CreditKeys.sol	UOR	58	COMPILATION FAILURE	++i	++i_scope_2
CreditKeys.sol	UOR	58	COMPILATION FAILURE	++i	--i_scope_2
CreditKeys.sol	UOR	58	COMPILATION FAILURE	++i	i_scope_2++
CreditKeys.sol	UOR	58	COMPILATION FAILURE	++i	i_scope_2-
CreditKeys.sol	UOR	58	COMPILATION FAILURE	++i	i_scope_2--
CreditKeys.sol	UOR	175	CAUGHT	++i	--i
CreditKeys.sol	UOR	175	UNCAUGHT	++i	i++
CreditKeys.sol	UOR	175	COMPILATION FAILURE	++i	i-
CreditKeys.sol	UOR	175	CAUGHT	++i	i--
CreditKeys.sol	UOR	176	COMPILATION FAILURE	--i	++i_scope_0
CreditKeys.sol	UOR	176	COMPILATION FAILURE	--i	--i_scope_0
CreditKeys.sol	UOR	176	COMPILATION FAILURE	--i	i_scope_0++
CreditKeys.sol	UOR	176	COMPILATION FAILURE	--i	i_scope_0-
CreditKeys.sol	UOR	176	COMPILATION FAILURE	--i	i_scope_0--
Party.sol	AOR	179	CAUGHT	deadline = uint64(block.timestamp + _t(uint256(p.durationDays) * 1 days))	deadline = uint64(block.timestamp % _t(uint256(p.durationDays) * 1 days))
Party.sol	AOR	179	CAUGHT	deadline = uint64(block.timestamp + _t(uint256(p.durationDays) * 1 days))	deadline = uint64(block.timestamp * _t(uint256(p.durationDays) * 1 days))
Party.sol	AOR	179	CAUGHT	deadline = uint64(block.timestamp + _t(uint256(p.durationDays) * 1 days))	deadline = uint64(block.timestamp + _t(uint256(p.durationDays) % 1 days))
Party.sol	AOR	179	CAUGHT	deadline = uint64(block.timestamp + _t(uint256(p.durationDays) * 1 days))	deadline = uint64(block.timestamp + _t(uint256(p.durationDays) + 1 days))
Party.sol	AOR	179	CAUGHT	deadline = uint64(block.timestamp + _t(uint256(p.durationDays) * 1 days))	deadline = uint64(block.timestamp + _t(uint256(p.durationDays) - 1 days))
Party.sol	AOR	179	CAUGHT	deadline = uint64(block.timestamp + _t(uint256(p.durationDays) * 1 days))	deadline = uint64(block.timestamp + _t(uint256(p.durationDays) / 1 days))
Party.sol	AOR	179	CAUGHT	deadline = uint64(block.timestamp + _t(uint256(p.durationDays) * 1 days))	deadline = uint64(block.timestamp - _t(uint256(p.durationDays) * 1 days))
Party.sol	AOR	179	CAUGHT	deadline = uint64(block.timestamp + _t(uint256(p.durationDays) * 1 days))	deadline = uint64(block.timestamp / _t(uint256(p.durationDays) * 1 days))
Party.sol	AOR	222	CAUGHT	uint256 remaining = SLOTS - _order.length	uint256 remaining = SLOTS % _order.length
Party.sol	AOR	222	CAUGHT	uint256 remaining = SLOTS - _order.length	uint256 remaining = SLOTS * _order.length
Party.sol	AOR	222	CAUGHT	uint256 remaining = SLOTS - _order.length	uint256 remaining = SLOTS + _order.length
Party.sol	AOR	222	CAUGHT	uint256 remaining = SLOTS - _order.length	uint256 remaining = SLOTS / _order.length
Party.sol	AOR	244	CAUGHT	uint256 grace = block.timestamp + _t(FILL_GRACE)	uint256 grace = block.timestamp % _t(FILL_GRACE)
Party.sol	AOR	244	CAUGHT	uint256 grace = block.timestamp + _t(FILL_GRACE)	uint256 grace = block.timestamp * _t(FILL_GRACE)
Party.sol	AOR	244	CAUGHT	uint256 grace = block.timestamp + _t(FILL_GRACE)	uint256 grace = block.timestamp - _t(FILL_GRACE)
Party.sol	AOR	244	CAUGHT	uint256 grace = block.timestamp + _t(FILL_GRACE)	uint256 grace = block.timestamp / _t(FILL_GRACE)
Party.sol	AOR	278	CAUGHT	_order[j] = _order[j + 1]	_order[j] = _order[j % 1]
Party.sol	AOR	278	CAUGHT	_order[j] = _order[j + 1]	_order[j] = _order[j * 1]
Party.sol	AOR	278	CAUGHT	_order[j] = _order[j + 1]	_order[j] = _order[j - 1]
Party.sol	AOR	278	CAUGHT	_order[j] = _order[j + 1]	_order[j] = _order[j / 1]
Party.sol	AOR	278	CAUGHT	j + 1 < n	j % 1 < n
Party.sol	AOR	278	CAUGHT	j + 1 < n	j * 1 < n
Party.sol	AOR	278	CAUGHT	j + 1 < n	j - 1 < n
Party.sol	AOR	278	CAUGHT	j + 1 < n	j / 1 < n
Party.sol	AOR	311	CAUGHT	buyableAt = uint64(block.timestamp + _t(uint256(hasPendingPrice ? _pendingBuyDelay : _params.buyDelayHours) * 1 hours))	buyableAt = uint64(block.timestamp % _t(uint256(hasPendingPrice ? _pendingBuyDelay : _params.buyDelayHours) * 1 hours))
Party.sol	AOR	311	CAUGHT	buyableAt = uint64(block.timestamp + _t(uint256(hasPendingPrice ? _pendingBuyDelay : _params.buyDelayHours) * 1 hours))	buyableAt = uint64(block.timestamp * _t(uint256(hasPendingPrice ? _pendingBuyDelay : _params.buyDelayHours) * 1 hours))
Party.sol	AOR	311	CAUGHT	buyableAt = uint64(block.timestamp + _t(uint256(hasPendingPrice ? _pendingBuyDelay : _params.buyDelayHours) * 1 hours))	buyableAt = uint64(block.timestamp + _t(uint256(hasPendingPrice ? _pendingBuyDelay : _params.buyDelayHours) % 1 hours))
Party.sol	AOR	311	CAUGHT	buyableAt = uint64(block.timestamp + _t(uint256(hasPendingPrice ? _pendingBuyDelay : _params.buyDelayHours) * 1 hours))	buyableAt = uint64(block.timestamp + _t(uint256(hasPendingPrice ? _pendingBuyDelay : _params.buyDelayHours) + 1 hours))
Party.sol	AOR	311	CAUGHT	buyableAt = uint64(block.timestamp + _t(uint256(hasPendingPrice ? _pendingBuyDelay : _params.buyDelayHours) * 1 hours))	buyableAt = uint64(block.timestamp + _t(uint256(hasPendingPrice ? _pendingBuyDelay : _params.buyDelayHours) - 1 hours))
Party.sol	AOR	311	CAUGHT	buyableAt = uint64(block.timestamp + _t(uint256(hasPendingPrice ? _pendingBuyDelay : _params.buyDelayHours) * 1 hours))	buyableAt = uint64(block.timestamp + _t(uint256(hasPendingPrice ? _pendingBuyDelay : _params.buyDelayHours) / 1 hours))
Party.sol	AOR	311	CAUGHT	buyableAt = uint64(block.timestamp + _t(uint256(hasPendingPrice ? _pendingBuyDelay : _params.buyDelayHours) * 1 hours))	buyableAt = uint64(block.timestamp - _t(uint256(hasPendingPrice ? _pendingBuyDelay : _params.buyDelayHours) * 1 hours))
Party.sol	AOR	311	CAUGHT	buyableAt = uint64(block.timestamp + _t(uint256(hasPendingPrice ? _pendingBuyDelay : _params.buyDelayHours) * 1 hours))	buyableAt = uint64(block.timestamp / _t(uint256(hasPendingPrice ? _pendingBuyDelay : _params.buyDelayHours) * 1 hours))
Party.sol	AOR	377	CAUGHT	p.no -= w	p.no %= w
Party.sol	AOR	377	CAUGHT	p.no -= w	p.no *= w
Party.sol	AOR	377	CAUGHT	p.no -= w	p.no += w
Party.sol	AOR	377	CAUGHT	p.no -= w	p.no /= w
Party.sol	AOR	377	CAUGHT	p.yes -= w	p.yes %= w
Party.sol	AOR	377	CAUGHT	p.yes -= w	p.yes *= w
Party.sol	AOR	377	CAUGHT	p.yes -= w	p.yes += w
Party.sol	AOR	377	CAUGHT	p.yes -= w	p.yes /= w
Party.sol	AOR	378	CAUGHT	p.no += w	p.no %= w
Party.sol	AOR	378	CAUGHT	p.no += w	p.no *= w
Party.sol	AOR	378	CAUGHT	p.no += w	p.no -= w
Party.sol	AOR	378	CAUGHT	p.no += w	p.no /= w
Party.sol	AOR	378	CAUGHT	p.yes += w	p.yes %= w
Party.sol	AOR	378	CAUGHT	p.yes += w	p.yes *= w
Party.sol	AOR	378	CAUGHT	p.yes += w	p.yes -= w
Party.sol	AOR	378	CAUGHT	p.yes += w	p.yes /= w
Party.sol	AOR	396	CAUGHT	block.timestamp > uint256(p.endsAt) + _t(EXECUTE_WINDOW)	block.timestamp > uint256(p.endsAt) % _t(EXECUTE_WINDOW)
Party.sol	AOR	396	CAUGHT	block.timestamp > uint256(p.endsAt) + _t(EXECUTE_WINDOW)	block.timestamp > uint256(p.endsAt) * _t(EXECUTE_WINDOW)
Party.sol	AOR	396	CAUGHT	block.timestamp > uint256(p.endsAt) + _t(EXECUTE_WINDOW)	block.timestamp > uint256(p.endsAt) - _t(EXECUTE_WINDOW)
Party.sol	AOR	396	CAUGHT	block.timestamp > uint256(p.endsAt) + _t(EXECUTE_WINDOW)	block.timestamp > uint256(p.endsAt) / _t(EXECUTE_WINDOW)
Party.sol	AOR	432	CAUGHT	buyableAt = uint64(block.timestamp + _t(uint256(p.buyDelayHours) * 1 hours))	buyableAt = uint64(block.timestamp % _t(uint256(p.buyDelayHours) * 1 hours))
Party.sol	AOR	432	CAUGHT	buyableAt = uint64(block.timestamp + _t(uint256(p.buyDelayHours) * 1 hours))	buyableAt = uint64(block.timestamp * _t(uint256(p.buyDelayHours) * 1 hours))
Party.sol	AOR	432	CAUGHT	buyableAt = uint64(block.timestamp + _t(uint256(p.buyDelayHours) * 1 hours))	buyableAt = uint64(block.timestamp + _t(uint256(p.buyDelayHours) % 1 hours))
Party.sol	AOR	432	CAUGHT	buyableAt = uint64(block.timestamp + _t(uint256(p.buyDelayHours) * 1 hours))	buyableAt = uint64(block.timestamp + _t(uint256(p.buyDelayHours) + 1 hours))
Party.sol	AOR	432	CAUGHT	buyableAt = uint64(block.timestamp + _t(uint256(p.buyDelayHours) * 1 hours))	buyableAt = uint64(block.timestamp + _t(uint256(p.buyDelayHours) - 1 hours))
Party.sol	AOR	432	CAUGHT	buyableAt = uint64(block.timestamp + _t(uint256(p.buyDelayHours) * 1 hours))	buyableAt = uint64(block.timestamp + _t(uint256(p.buyDelayHours) / 1 hours))
Party.sol	AOR	432	CAUGHT	buyableAt = uint64(block.timestamp + _t(uint256(p.buyDelayHours) * 1 hours))	buyableAt = uint64(block.timestamp - _t(uint256(p.buyDelayHours) * 1 hours))
Party.sol	AOR	432	CAUGHT	buyableAt = uint64(block.timestamp + _t(uint256(p.buyDelayHours) * 1 hours))	buyableAt = uint64(block.timestamp / _t(uint256(p.buyDelayHours) * 1 hours))
Party.sol	AOR	452	CAUGHT	return since != type(uint64).max && block.timestamp > since + _t(DEADLOCK_TIME)	return since != type(uint64).max && block.timestamp > since % _t(DEADLOCK_TIME)
Party.sol	AOR	452	CAUGHT	return since != type(uint64).max && block.timestamp > since + _t(DEADLOCK_TIME)	return since != type(uint64).max && block.timestamp > since * _t(DEADLOCK_TIME)
Party.sol	AOR	452	CAUGHT	return since != type(uint64).max && block.timestamp > since + _t(DEADLOCK_TIME)	return since != type(uint64).max && block.timestamp > since - _t(DEADLOCK_TIME)
Party.sol	AOR	452	CAUGHT	return since != type(uint64).max && block.timestamp > since + _t(DEADLOCK_TIME)	return since != type(uint64).max && block.timestamp > since / _t(DEADLOCK_TIME)
Party.sol	AOR	459	CAUGHT	block.timestamp >= _proposals[ids[k - 1]].endsAt	block.timestamp >= _proposals[ids[k % 1]].endsAt
Party.sol	AOR	459	CAUGHT	block.timestamp >= _proposals[ids[k - 1]].endsAt	block.timestamp >= _proposals[ids[k * 1]].endsAt
Party.sol	AOR	459	CAUGHT	block.timestamp >= _proposals[ids[k - 1]].endsAt	block.timestamp >= _proposals[ids[k + 1]].endsAt
Party.sol	AOR	459	CAUGHT	block.timestamp >= _proposals[ids[k - 1]].endsAt	block.timestamp >= _proposals[ids[k / 1]].endsAt
Party.sol	AOR	484	CAUGHT	uint256 fee = price * factory.FEE_BPS() / 10_000	uint256 fee = price % factory.FEE_BPS() / 10_000
Party.sol	AOR	484	CAUGHT	uint256 fee = price * factory.FEE_BPS() / 10_000	uint256 fee = price * factory.FEE_BPS() % 10_000
Party.sol	AOR	484	CAUGHT	uint256 fee = price * factory.FEE_BPS() / 10_000	uint256 fee = price * factory.FEE_BPS() * 10_000
Party.sol	AOR	484	CAUGHT	uint256 fee = price * factory.FEE_BPS() / 10_000	uint256 fee = price * factory.FEE_BPS() + 10_000
Party.sol	AOR	484	CAUGHT	uint256 fee = price * factory.FEE_BPS() / 10_000	uint256 fee = price * factory.FEE_BPS() - 10_000
Party.sol	AOR	484	CAUGHT	uint256 fee = price * factory.FEE_BPS() / 10_000	uint256 fee = price + factory.FEE_BPS() / 10_000
Party.sol	AOR	484	CAUGHT	uint256 fee = price * factory.FEE_BPS() / 10_000	uint256 fee = price - factory.FEE_BPS() / 10_000
Party.sol	AOR	484	CAUGHT	uint256 fee = price * factory.FEE_BPS() / 10_000	uint256 fee = price / factory.FEE_BPS() / 10_000
Party.sol	AOR	486	CAUGHT	uint256 share = pot / SLOTS	uint256 share = pot % SLOTS
Party.sol	AOR	486	CAUGHT	uint256 share = pot / SLOTS	uint256 share = pot * SLOTS
Party.sol	AOR	486	CAUGHT	uint256 share = pot / SLOTS	uint256 share = pot + SLOTS
Party.sol	AOR	486	CAUGHT	uint256 share = pot / SLOTS	uint256 share = pot - SLOTS
Party.sol	AOR	487	CAUGHT	uint256 dust = pot - share * SLOTS	uint256 dust = pot % share * SLOTS
Party.sol	AOR	487	CAUGHT	uint256 dust = pot - share * SLOTS	uint256 dust = pot * share * SLOTS
Party.sol	AOR	487	CAUGHT	uint256 dust = pot - share * SLOTS	uint256 dust = pot + share * SLOTS
Party.sol	AOR	487	CAUGHT	uint256 dust = pot - share * SLOTS	uint256 dust = pot - share % SLOTS
Party.sol	AOR	487	CAUGHT	uint256 dust = pot - share * SLOTS	uint256 dust = pot - share + SLOTS
Party.sol	AOR	487	CAUGHT	uint256 dust = pot - share * SLOTS	uint256 dust = pot - share - SLOTS
Party.sol	AOR	487	CAUGHT	uint256 dust = pot - share * SLOTS	uint256 dust = pot - share / SLOTS
Party.sol	AOR	487	CAUGHT	uint256 dust = pot - share * SLOTS	uint256 dust = pot / share * SLOTS
Party.sol	AOR	492	CAUGHT	owed[royaltyTo] += royalty	owed[royaltyTo] %= royalty
Party.sol	AOR	492	CAUGHT	owed[royaltyTo] += royalty	owed[royaltyTo] *= royalty
Party.sol	AOR	492	CAUGHT	owed[royaltyTo] += royalty	owed[royaltyTo] -= royalty
Party.sol	AOR	492	CAUGHT	owed[royaltyTo] += royalty	owed[royaltyTo] /= royalty
Party.sol	AOR	497	UNCAUGHT	(bool ok,) = msg.sender.call{value: msg.value - price}("")	(bool ok,) = msg.sender.call{value: msg.value % price}("")
Party.sol	AOR	497	CAUGHT	(bool ok,) = msg.sender.call{value: msg.value - price}("")	(bool ok,) = msg.sender.call{value: msg.value * price}("")
Party.sol	AOR	497	CAUGHT	(bool ok,) = msg.sender.call{value: msg.value - price}("")	(bool ok,) = msg.sender.call{value: msg.value + price}("")
Party.sol	AOR	497	CAUGHT	(bool ok,) = msg.sender.call{value: msg.value - price}("")	(bool ok,) = msg.sender.call{value: msg.value / price}("")
Party.sol	AOR	513	CAUGHT	total += perCard	total %= perCard
Party.sol	AOR	513	CAUGHT	total += perCard	total *= perCard
Party.sol	AOR	513	CAUGHT	total += perCard	total -= perCard
Party.sol	AOR	513	CAUGHT	total += perCard	total /= perCard
Party.sol	AOR	533	CAUGHT	owed[holder] += perCard	owed[holder] %= perCard
Party.sol	AOR	533	CAUGHT	owed[holder] += perCard	owed[holder] *= perCard
Party.sol	AOR	533	CAUGHT	owed[holder] += perCard	owed[holder] -= perCard
Party.sol	AOR	533	CAUGHT	owed[holder] += perCard	owed[holder] /= perCard
Party.sol	AOR	557	COMPILATION FAILURE	p.mode == PriceMode.FloorPct && (p.value <= -10_000 || p.value > 1_000_000)	p.mode == PriceMode.FloorPct && (p.value <= %10_000 || p.value > 1_000_000)
Party.sol	AOR	557	COMPILATION FAILURE	p.mode == PriceMode.FloorPct && (p.value <= -10_000 || p.value > 1_000_000)	p.mode == PriceMode.FloorPct && (p.value <= *10_000 || p.value > 1_000_000)
Party.sol	AOR	557	COMPILATION FAILURE	p.mode == PriceMode.FloorPct && (p.value <= -10_000 || p.value > 1_000_000)	p.mode == PriceMode.FloorPct && (p.value <= +10_000 || p.value > 1_000_000)
Party.sol	AOR	557	COMPILATION FAILURE	p.mode == PriceMode.FloorPct && (p.value <= -10_000 || p.value > 1_000_000)	p.mode == PriceMode.FloorPct && (p.value <= /10_000 || p.value > 1_000_000)
Party.sol	AOR	558	COMPILATION FAILURE	p.mode == PriceMode.FloorDelta && (p.value < -1e24 || p.value > 1e24)	p.mode == PriceMode.FloorDelta && (p.value < %1e24 || p.value > 1e24)
Party.sol	AOR	558	COMPILATION FAILURE	p.mode == PriceMode.FloorDelta && (p.value < -1e24 || p.value > 1e24)	p.mode == PriceMode.FloorDelta && (p.value < *1e24 || p.value > 1e24)
Party.sol	AOR	558	COMPILATION FAILURE	p.mode == PriceMode.FloorDelta && (p.value < -1e24 || p.value > 1e24)	p.mode == PriceMode.FloorDelta && (p.value < +1e24 || p.value > 1e24)
Party.sol	AOR	558	COMPILATION FAILURE	p.mode == PriceMode.FloorDelta && (p.value < -1e24 || p.value > 1e24)	p.mode == PriceMode.FloorDelta && (p.value < /1e24 || p.value > 1e24)
Party.sol	AOR	562	CAUGHT	f.issuedAt > block.timestamp || block.timestamp - f.issuedAt > FLOOR_MAX_AGE	f.issuedAt > block.timestamp || block.timestamp % f.issuedAt > FLOOR_MAX_AGE
Party.sol	AOR	562	CAUGHT	f.issuedAt > block.timestamp || block.timestamp - f.issuedAt > FLOOR_MAX_AGE	f.issuedAt > block.timestamp || block.timestamp * f.issuedAt > FLOOR_MAX_AGE
Party.sol	AOR	562	CAUGHT	f.issuedAt > block.timestamp || block.timestamp - f.issuedAt > FLOOR_MAX_AGE	f.issuedAt > block.timestamp || block.timestamp + f.issuedAt > FLOOR_MAX_AGE
Party.sol	AOR	562	CAUGHT	f.issuedAt > block.timestamp || block.timestamp - f.issuedAt > FLOOR_MAX_AGE	f.issuedAt > block.timestamp || block.timestamp / f.issuedAt > FLOOR_MAX_AGE
Party.sol	AOR	578	CAUGHT	int256 r = p.mode == PriceMode.FloorPct ? f * (10_000 + p.value) / 10_000 : f + p.value	int256 r = p.mode == PriceMode.FloorPct ? f % (10_000 + p.value) / 10_000 : f + p.value
Party.sol	AOR	578	CAUGHT	int256 r = p.mode == PriceMode.FloorPct ? f * (10_000 + p.value) / 10_000 : f + p.value	int256 r = p.mode == PriceMode.FloorPct ? f * (10_000 + p.value) % 10_000 : f + p.value
Party.sol	AOR	578	CAUGHT	int256 r = p.mode == PriceMode.FloorPct ? f * (10_000 + p.value) / 10_000 : f + p.value	int256 r = p.mode == PriceMode.FloorPct ? f * (10_000 + p.value) * 10_000 : f + p.value
Party.sol	AOR	578	CAUGHT	int256 r = p.mode == PriceMode.FloorPct ? f * (10_000 + p.value) / 10_000 : f + p.value	int256 r = p.mode == PriceMode.FloorPct ? f * (10_000 + p.value) + 10_000 : f + p.value
Party.sol	AOR	578	CAUGHT	int256 r = p.mode == PriceMode.FloorPct ? f * (10_000 + p.value) / 10_000 : f + p.value	int256 r = p.mode == PriceMode.FloorPct ? f * (10_000 + p.value) - 10_000 : f + p.value
Party.sol	AOR	578	CAUGHT	int256 r = p.mode == PriceMode.FloorPct ? f * (10_000 + p.value) / 10_000 : f + p.value	int256 r = p.mode == PriceMode.FloorPct ? f + (10_000 + p.value) / 10_000 : f + p.value
Party.sol	AOR	578	CAUGHT	int256 r = p.mode == PriceMode.FloorPct ? f * (10_000 + p.value) / 10_000 : f + p.value	int256 r = p.mode == PriceMode.FloorPct ? f - (10_000 + p.value) / 10_000 : f + p.value
Party.sol	AOR	578	CAUGHT	int256 r = p.mode == PriceMode.FloorPct ? f * (10_000 + p.value) / 10_000 : f + p.value	int256 r = p.mode == PriceMode.FloorPct ? f / (10_000 + p.value) / 10_000 : f + p.value
Party.sol	AOR	590	CAUGHT	return secs * timeUnit / 1 hours	return secs % timeUnit / 1 hours
Party.sol	AOR	590	CAUGHT	return secs * timeUnit / 1 hours	return secs * timeUnit % 1 hours
Party.sol	AOR	590	CAUGHT	return secs * timeUnit / 1 hours	return secs * timeUnit * 1 hours
Party.sol	AOR	590	CAUGHT	return secs * timeUnit / 1 hours	return secs * timeUnit + 1 hours
Party.sol	AOR	590	CAUGHT	return secs * timeUnit / 1 hours	return secs * timeUnit - 1 hours
Party.sol	AOR	590	CAUGHT	return secs * timeUnit / 1 hours	return secs + timeUnit / 1 hours
Party.sol	AOR	590	CAUGHT	return secs * timeUnit / 1 hours	return secs - timeUnit / 1 hours
Party.sol	AOR	590	CAUGHT	return secs * timeUnit / 1 hours	return secs / timeUnit / 1 hours
Party.sol	AOR	603	CAUGHT	uint256 cap = price * ROYALTY_CAP_BPS / 10_000	uint256 cap = price % ROYALTY_CAP_BPS / 10_000
Party.sol	AOR	603	CAUGHT	uint256 cap = price * ROYALTY_CAP_BPS / 10_000	uint256 cap = price * ROYALTY_CAP_BPS % 10_000
Party.sol	AOR	603	CAUGHT	uint256 cap = price * ROYALTY_CAP_BPS / 10_000	uint256 cap = price * ROYALTY_CAP_BPS * 10_000
Party.sol	AOR	603	CAUGHT	uint256 cap = price * ROYALTY_CAP_BPS / 10_000	uint256 cap = price * ROYALTY_CAP_BPS + 10_000
Party.sol	AOR	603	CAUGHT	uint256 cap = price * ROYALTY_CAP_BPS / 10_000	uint256 cap = price * ROYALTY_CAP_BPS - 10_000
Party.sol	AOR	603	CAUGHT	uint256 cap = price * ROYALTY_CAP_BPS / 10_000	uint256 cap = price + ROYALTY_CAP_BPS / 10_000
Party.sol	AOR	603	CAUGHT	uint256 cap = price * ROYALTY_CAP_BPS / 10_000	uint256 cap = price - ROYALTY_CAP_BPS / 10_000
Party.sol	AOR	603	CAUGHT	uint256 cap = price * ROYALTY_CAP_BPS / 10_000	uint256 cap = price / ROYALTY_CAP_BPS / 10_000
Party.sol	ASOR	377	CAUGHT	p.no -= w	p.no %= w
Party.sol	ASOR	377	CAUGHT	p.no -= w	p.no &= w
Party.sol	ASOR	377	CAUGHT	p.no -= w	p.no *= w
Party.sol	ASOR	377	CAUGHT	p.no -= w	p.no += w
Party.sol	ASOR	377	CAUGHT	p.no -= w	p.no /= w
Party.sol	ASOR	377	CAUGHT	p.no -= w	p.no <<= w
Party.sol	ASOR	377	CAUGHT	p.no -= w	p.no = w
Party.sol	ASOR	377	CAUGHT	p.no -= w	p.no >>= w
Party.sol	ASOR	377	CAUGHT	p.no -= w	p.no ^= w
Party.sol	ASOR	377	CAUGHT	p.no -= w	p.no |= w
Party.sol	ASOR	377	CAUGHT	p.yes -= w	p.yes %= w
Party.sol	ASOR	377	CAUGHT	p.yes -= w	p.yes &= w
Party.sol	ASOR	377	CAUGHT	p.yes -= w	p.yes *= w
Party.sol	ASOR	377	CAUGHT	p.yes -= w	p.yes += w
Party.sol	ASOR	377	CAUGHT	p.yes -= w	p.yes /= w
Party.sol	ASOR	377	CAUGHT	p.yes -= w	p.yes <<= w
Party.sol	ASOR	377	CAUGHT	p.yes -= w	p.yes = w
Party.sol	ASOR	377	CAUGHT	p.yes -= w	p.yes >>= w
Party.sol	ASOR	377	CAUGHT	p.yes -= w	p.yes ^= w
Party.sol	ASOR	377	CAUGHT	p.yes -= w	p.yes |= w
Party.sol	ASOR	378	CAUGHT	p.no += w	p.no %= w
Party.sol	ASOR	378	CAUGHT	p.no += w	p.no &= w
Party.sol	ASOR	378	CAUGHT	p.no += w	p.no *= w
Party.sol	ASOR	378	CAUGHT	p.no += w	p.no -= w
Party.sol	ASOR	378	CAUGHT	p.no += w	p.no /= w
Party.sol	ASOR	378	CAUGHT	p.no += w	p.no <<= w
Party.sol	ASOR	378	CAUGHT	p.no += w	p.no = w
Party.sol	ASOR	378	CAUGHT	p.no += w	p.no >>= w
Party.sol	ASOR	378	CAUGHT	p.no += w	p.no ^= w
Party.sol	ASOR	378	CAUGHT	p.no += w	p.no |= w
Party.sol	ASOR	378	CAUGHT	p.yes += w	p.yes %= w
Party.sol	ASOR	378	CAUGHT	p.yes += w	p.yes &= w
Party.sol	ASOR	378	CAUGHT	p.yes += w	p.yes *= w
Party.sol	ASOR	378	CAUGHT	p.yes += w	p.yes -= w
Party.sol	ASOR	378	CAUGHT	p.yes += w	p.yes /= w
Party.sol	ASOR	378	CAUGHT	p.yes += w	p.yes <<= w
Party.sol	ASOR	378	CAUGHT	p.yes += w	p.yes = w
Party.sol	ASOR	378	CAUGHT	p.yes += w	p.yes >>= w
Party.sol	ASOR	378	CAUGHT	p.yes += w	p.yes ^= w
Party.sol	ASOR	378	CAUGHT	p.yes += w	p.yes |= w
Party.sol	ASOR	492	CAUGHT	owed[royaltyTo] += royalty	owed[royaltyTo] %= royalty
Party.sol	ASOR	492	CAUGHT	owed[royaltyTo] += royalty	owed[royaltyTo] &= royalty
Party.sol	ASOR	492	CAUGHT	owed[royaltyTo] += royalty	owed[royaltyTo] *= royalty
Party.sol	ASOR	492	CAUGHT	owed[royaltyTo] += royalty	owed[royaltyTo] -= royalty
Party.sol	ASOR	492	CAUGHT	owed[royaltyTo] += royalty	owed[royaltyTo] /= royalty
Party.sol	ASOR	492	CAUGHT	owed[royaltyTo] += royalty	owed[royaltyTo] <<= royalty
Party.sol	ASOR	492	UNCAUGHT	owed[royaltyTo] += royalty	owed[royaltyTo] = royalty
Party.sol	ASOR	492	CAUGHT	owed[royaltyTo] += royalty	owed[royaltyTo] >>= royalty
Party.sol	ASOR	492	UNCAUGHT	owed[royaltyTo] += royalty	owed[royaltyTo] ^= royalty
Party.sol	ASOR	492	UNCAUGHT	owed[royaltyTo] += royalty	owed[royaltyTo] |= royalty
Party.sol	ASOR	493	CAUGHT	owed[factory.feeRecipient()] += fee + dust	owed[factory.feeRecipient()] %= fee + dust
Party.sol	ASOR	493	CAUGHT	owed[factory.feeRecipient()] += fee + dust	owed[factory.feeRecipient()] &= fee + dust
Party.sol	ASOR	493	CAUGHT	owed[factory.feeRecipient()] += fee + dust	owed[factory.feeRecipient()] *= fee + dust
Party.sol	ASOR	493	CAUGHT	owed[factory.feeRecipient()] += fee + dust	owed[factory.feeRecipient()] -= fee + dust
Party.sol	ASOR	493	CAUGHT	owed[factory.feeRecipient()] += fee + dust	owed[factory.feeRecipient()] /= fee + dust
Party.sol	ASOR	493	CAUGHT	owed[factory.feeRecipient()] += fee + dust	owed[factory.feeRecipient()] <<= fee + dust
Party.sol	ASOR	493	UNCAUGHT	owed[factory.feeRecipient()] += fee + dust	owed[factory.feeRecipient()] = fee + dust
Party.sol	ASOR	493	CAUGHT	owed[factory.feeRecipient()] += fee + dust	owed[factory.feeRecipient()] >>= fee + dust
Party.sol	ASOR	493	UNCAUGHT	owed[factory.feeRecipient()] += fee + dust	owed[factory.feeRecipient()] ^= fee + dust
Party.sol	ASOR	493	UNCAUGHT	owed[factory.feeRecipient()] += fee + dust	owed[factory.feeRecipient()] |= fee + dust
Party.sol	ASOR	513	CAUGHT	total += perCard	total %= perCard
Party.sol	ASOR	513	CAUGHT	total += perCard	total &= perCard
Party.sol	ASOR	513	CAUGHT	total += perCard	total *= perCard
Party.sol	ASOR	513	CAUGHT	total += perCard	total -= perCard
Party.sol	ASOR	513	CAUGHT	total += perCard	total /= perCard
Party.sol	ASOR	513	CAUGHT	total += perCard	total <<= perCard
Party.sol	ASOR	513	CAUGHT	total += perCard	total = perCard
Party.sol	ASOR	513	CAUGHT	total += perCard	total >>= perCard
Party.sol	ASOR	513	CAUGHT	total += perCard	total ^= perCard
Party.sol	ASOR	513	CAUGHT	total += perCard	total |= perCard
Party.sol	ASOR	533	CAUGHT	owed[holder] += perCard	owed[holder] %= perCard
Party.sol	ASOR	533	CAUGHT	owed[holder] += perCard	owed[holder] &= perCard
Party.sol	ASOR	533	CAUGHT	owed[holder] += perCard	owed[holder] *= perCard
Party.sol	ASOR	533	CAUGHT	owed[holder] += perCard	owed[holder] -= perCard
Party.sol	ASOR	533	CAUGHT	owed[holder] += perCard	owed[holder] /= perCard
Party.sol	ASOR	533	CAUGHT	owed[holder] += perCard	owed[holder] <<= perCard
Party.sol	ASOR	533	UNCAUGHT	owed[holder] += perCard	owed[holder] = perCard
Party.sol	ASOR	533	CAUGHT	owed[holder] += perCard	owed[holder] >>= perCard
Party.sol	ASOR	533	UNCAUGHT	owed[holder] += perCard	owed[holder] ^= perCard
Party.sol	ASOR	533	UNCAUGHT	owed[holder] += perCard	owed[holder] |= perCard
Party.sol	BOR	602	CAUGHT	a == 0 || a >> 160 != 0	a == 0 || a & 160 != 0
Party.sol	BOR	602	CAUGHT	a == 0 || a >> 160 != 0	a == 0 || a << 160 != 0
Party.sol	BOR	602	CAUGHT	a == 0 || a >> 160 != 0	a == 0 || a ^ 160 != 0
Party.sol	BOR	602	CAUGHT	a == 0 || a >> 160 != 0	a == 0 || a | 160 != 0
Party.sol	CR	43	COMPILATION FAILURE	uint256 public constant SLOTS = 80	//uint256 public constant SLOTS = 80
Party.sol	CR	44	COMPILATION FAILURE	uint256 public constant PASS = 41	//uint256 public constant PASS = 41
Party.sol	CR	45	COMPILATION FAILURE	uint256 public constant PASS_BELOW_FLOOR = 60	//uint256 public constant PASS_BELOW_FLOOR = 60
Party.sol	CR	46	COMPILATION FAILURE	uint256 public constant PASS_DEADLOCK = 54	//uint256 public constant PASS_DEADLOCK = 54
Party.sol	CR	47	COMPILATION FAILURE	uint256 public constant DEADLOCK_BLOCKS = 3	//uint256 public constant DEADLOCK_BLOCKS = 3
Party.sol	CR	48	COMPILATION FAILURE	uint256 public constant DEADLOCK_TIME = 30 days	//uint256 public constant DEADLOCK_TIME = 30 days
Party.sol	CR	49	COMPILATION FAILURE	uint256 public constant EXECUTE_WINDOW = 7 days	//uint256 public constant EXECUTE_WINDOW = 7 days
Party.sol	CR	50	COMPILATION FAILURE	uint256 public constant MAX_BUY_DELAY_HOURS = 72	//uint256 public constant MAX_BUY_DELAY_HOURS = 72
Party.sol	CR	51	COMPILATION FAILURE	uint256 public constant FILL_GRACE = 2 days	//uint256 public constant FILL_GRACE = 2 days
Party.sol	CR	52	COMPILATION FAILURE	uint256 public constant FLOOR_MAX_AGE = 1 hours	//uint256 public constant FLOOR_MAX_AGE = 1 hours
Party.sol	CR	53	COMPILATION FAILURE	uint256 public constant ROYALTY_CAP_BPS = 1000	//uint256 public constant ROYALTY_CAP_BPS = 1000
Party.sol	CR	54	COMPILATION FAILURE	uint256 public constant MAX_OPEN_PER_PROPOSER = 3	//uint256 public constant MAX_OPEN_PER_PROPOSER = 3
Party.sol	CR	161	COMPILATION FAILURE	initializer	//initializer
Party.sol	CR	162	CAUGHT	factory = IFactory(msg.sender)	//factory = IFactory(msg.sender)
Party.sol	CR	163	CAUGHT	credits = factory.credits()	//credits = factory.credits()
Party.sol	CR	164	CAUGHT	cards = factory.cards()	//cards = factory.cards()
Party.sol	CR	165	CAUGHT	timeUnit = factory.timeUnit()	//timeUnit = factory.timeUnit()
Party.sol	CR	166	UNCAUGHT	revert Bad("timeUnit")	//revert Bad("timeUnit")
Party.sol	CR	166	COMPILATION FAILURE	timeUnit == 0 || timeUnit > 1 hours	//timeUnit == 0 || timeUnit > 1 hours
Party.sol	CR	167	COMPILATION FAILURE	host_ == address(0)	//host_ == address(0)
Party.sol	CR	167	CAUGHT	revert Bad("host")	//revert Bad("host")
Party.sol	CR	168	COMPILATION FAILURE	p.minDeposit == 0 || p.minDeposit > SLOTS	//p.minDeposit == 0 || p.minDeposit > SLOTS
Party.sol	CR	168	CAUGHT	revert Bad("minDeposit")	//revert Bad("minDeposit")
Party.sol	CR	169	COMPILATION FAILURE	p.durationDays == 0 || p.durationDays > 60	//p.durationDays == 0 || p.durationDays > 60
Party.sol	CR	169	CAUGHT	revert Bad("duration")	//revert Bad("duration")
Party.sol	CR	170	COMPILATION FAILURE	!_windowOk(p.voteHours)	//!_windowOk(p.voteHours)
Party.sol	CR	170	CAUGHT	revert Bad("voteHours")	//revert Bad("voteHours")
Party.sol	CR	171	CAUGHT	_checkPrice(p.defaultPrice)	//_checkPrice(p.defaultPrice)
Party.sol	CR	172	COMPILATION FAILURE	p.defaultPrice.mode != PriceMode.Fixed && p.minAskWei == 0	//p.defaultPrice.mode != PriceMode.Fixed && p.minAskWei == 0
Party.sol	CR	172	CAUGHT	revert Bad("minAsk")	//revert Bad("minAsk")
Party.sol	CR	173	COMPILATION FAILURE	p.buyDelayHours > MAX_BUY_DELAY_HOURS	//p.buyDelayHours > MAX_BUY_DELAY_HOURS
Party.sol	CR	173	CAUGHT	revert Bad("buyDelay")	//revert Bad("buyDelay")
Party.sol	CR	174	COMPILATION FAILURE	bytes(p.name).length == 0 || bytes(p.name).length > 60	//bytes(p.name).length == 0 || bytes(p.name).length > 60
Party.sol	CR	174	CAUGHT	revert Bad("name")	//revert Bad("name")
Party.sol	CR	175	COMPILATION FAILURE	bytes(p.description).length > 1000	//bytes(p.description).length > 1000
Party.sol	CR	175	CAUGHT	revert Bad("description")	//revert Bad("description")
Party.sol	CR	176	CAUGHT	host = host_	//host = host_
Party.sol	CR	177	CAUGHT	_params = p	//_params = p
Party.sol	CR	178	CAUGHT	createdAt = uint64(block.timestamp)	//createdAt = uint64(block.timestamp)
Party.sol	CR	179	CAUGHT	deadline = uint64(block.timestamp + _t(uint256(p.durationDays) * 1 days))	//deadline = uint64(block.timestamp + _t(uint256(p.durationDays) * 1 days))
Party.sol	CR	184	COMPILATION FAILURE	return _params	//return _params
Party.sol	CR	185	COMPILATION FAILURE	return _order	//return _order
Party.sol	CR	186	COMPILATION FAILURE	return _burnOrder	//return _burnOrder
Party.sol	CR	187	COMPILATION FAILURE	return _order.length	//return _order.length
Party.sol	CR	188	COMPILATION FAILURE	return _proposals.length	//return _proposals.length
Party.sol	CR	189	COMPILATION FAILURE	return _proposals[id]	//return _proposals[id]
Party.sol	CR	192	CAUGHT	return Status.SOLD	//return Status.SOLD
Party.sol	CR	192	COMPILATION FAILURE	sold	//sold
Party.sol	CR	193	COMPILATION FAILURE	assembled	//assembled
Party.sol	CR	193	CAUGHT	return Status.ASSEMBLED	//return Status.ASSEMBLED
Party.sol	CR	194	COMPILATION FAILURE	block.timestamp > deadline	//block.timestamp > deadline
Party.sol	CR	194	CAUGHT	return Status.EXPIRED	//return Status.EXPIRED
Party.sol	CR	195	CAUGHT	return _order.length == SLOTS ? Status.FULL : Status.OPEN	//return _order.length == SLOTS ? Status.FULL : Status.OPEN
Party.sol	CR	198	COMPILATION FAILURE	(string memory name, uint256 creditId, string memory st)	//(string memory name, uint256 creditId, string memory st)
Party.sol	CR	199	COMPILATION FAILURE	Status s = status()	//Status s = status()
Party.sol	CR	200	CAUGHT	st = s == Status.OPEN ? "FILLING" : s == Status.FULL ? "FULL" : s == Status.ASSEMBLED ? "STATEMENT MADE" : s == Status.SOLD ? "SOLD / CLAIMABLE" : "EXPIRED / REDEEMABLE"	//st = s == Status.OPEN ? "FILLING" : s == Status.FULL ? "FULL" : s == Status.ASSEMBLED ? "STATEMENT MADE" : s == Status.SOLD ? "SOLD / CLAIMABLE" : "EXPIRED / REDEEMABLE"
Party.sol	CR	201	CAUGHT	return (_params.name, creditOfCard[cardId], st)	//return (_params.name, creditOfCard[cardId], st)
Party.sol	CR	208	COMPILATION FAILURE	nonReentrant	//nonReentrant
Party.sol	CR	209	COMPILATION FAILURE	msg.sender != address(factory) || _opened || from != host	//msg.sender != address(factory) || _opened || from != host
Party.sol	CR	209	CAUGHT	revert Bad("opening")	//revert Bad("opening")
Party.sol	CR	210	CAUGHT	_opened = true	//_opened = true
Party.sol	CR	211	CAUGHT	_deposit(from, ids, proofs)	//_deposit(from, ids, proofs)
Party.sol	CR	215	COMPILATION FAILURE	nonReentrant	//nonReentrant
Party.sol	CR	216	COMPILATION FAILURE	!_opened	//!_opened
Party.sol	CR	216	CAUGHT	revert Bad("not opened")	//revert Bad("not opened")
Party.sol	CR	217	CAUGHT	_deposit(msg.sender, ids, proofs)	//_deposit(msg.sender, ids, proofs)
Party.sol	CR	221	COMPILATION FAILURE	revert Bad("not open")	//revert Bad("not open")
Party.sol	CR	221	COMPILATION FAILURE	status() != Status.OPEN	//status() != Status.OPEN
Party.sol	CR	222	COMPILATION FAILURE	uint256 remaining = SLOTS - _order.length	//uint256 remaining = SLOTS - _order.length
Party.sol	CR	223	COMPILATION FAILURE	uint256 min = _params.minDeposit < remaining ? _params.minDeposit : remaining	//uint256 min = _params.minDeposit < remaining ? _params.minDeposit : remaining
Party.sol	CR	224	COMPILATION FAILURE	ids.length < min || ids.length > remaining || ids.length == 0	//ids.length < min || ids.length > remaining || ids.length == 0
Party.sol	CR	224	CAUGHT	revert Bad("count")	//revert Bad("count")
Party.sol	CR	225	COMPILATION FAILURE	_params.eligibleRoot != bytes32(0) && proofs.length != ids.length	//_params.eligibleRoot != bytes32(0) && proofs.length != ids.length
Party.sol	CR	225	CAUGHT	revert Bad("proofs")	//revert Bad("proofs")
Party.sol	CR	226	COMPILATION FAILURE	++i	//++i
Party.sol	CR	226	COMPILATION FAILURE	i < ids.length	//i < ids.length
Party.sol	CR	226	COMPILATION FAILURE	uint256 i	//uint256 i
Party.sol	CR	227	COMPILATION FAILURE	uint256 id = ids[i]	//uint256 id = ids[i]
Party.sol	CR	228	COMPILATION FAILURE	cardOfCredit[id] != 0	//cardOfCredit[id] != 0
Party.sol	CR	228	CAUGHT	revert Bad("duplicate")	//revert Bad("duplicate")
Party.sol	CR	229	COMPILATION FAILURE	_params.eligibleRoot != bytes32(0)	//_params.eligibleRoot != bytes32(0)
Party.sol	CR	230	COMPILATION FAILURE	bytes32 leaf = keccak256(bytes.concat(keccak256(abi.encode(id))))	//bytes32 leaf = keccak256(bytes.concat(keccak256(abi.encode(id))))
Party.sol	CR	231	COMPILATION FAILURE	!MerkleProof.verifyCalldata(proofs[i], _params.eligibleRoot, leaf)	//!MerkleProof.verifyCalldata(proofs[i], _params.eligibleRoot, leaf)
Party.sol	CR	231	COMPILATION FAILURE	revert Bad("not eligible")	//revert Bad("not eligible")
Party.sol	CR	233	CAUGHT	credits.transferFrom(from, address(this), id)	//credits.transferFrom(from, address(this), id)
Party.sol	CR	234	COMPILATION FAILURE	credits.ownerOf(id) != address(this)	//credits.ownerOf(id) != address(this)
Party.sol	CR	234	COMPILATION FAILURE	revert Bad("not received")	//revert Bad("not received")
Party.sol	CR	235	COMPILATION FAILURE	uint256 card = cards.mint(from)	//uint256 card = cards.mint(from)
Party.sol	CR	236	CAUGHT	cardOfCredit[id] = card	//cardOfCredit[id] = card
Party.sol	CR	237	CAUGHT	creditOfCard[card] = id	//creditOfCard[card] = id
Party.sol	CR	238	CAUGHT	_order.push(id)	//_order.push(id)
Party.sol	CR	239	CAUGHT	++cardsOutstanding	//++cardsOutstanding
Party.sol	CR	240	UNCAUGHT	emit Deposited(from, id, card)	//emit Deposited(from, id, card)
Party.sol	CR	242	COMPILATION FAILURE	_order.length == SLOTS	//_order.length == SLOTS
Party.sol	CR	243	CAUGHT	fullAt = uint64(block.timestamp)	//fullAt = uint64(block.timestamp)
Party.sol	CR	244	COMPILATION FAILURE	uint256 grace = block.timestamp + _t(FILL_GRACE)	//uint256 grace = block.timestamp + _t(FILL_GRACE)
Party.sol	CR	245	COMPILATION FAILURE	deadline < grace	//deadline < grace
Party.sol	CR	245	COMPILATION FAILURE	deadline = uint64(grace)	//deadline = uint64(grace)
Party.sol	CR	250	COMPILATION FAILURE	nonReentrant	//nonReentrant
Party.sol	CR	251	COMPILATION FAILURE	++i	//++i
Party.sol	CR	251	COMPILATION FAILURE	_redeem(cardIds[i], msg.sender)	//_redeem(cardIds[i], msg.sender)
Party.sol	CR	251	CAUGHT	for (uint256 i; i < cardIds.length; ++i) _redeem(cardIds[i], msg.sender)	//for (uint256 i; i < cardIds.length; ++i) _redeem(cardIds[i], msg.sender)
Party.sol	CR	251	COMPILATION FAILURE	i < cardIds.length	//i < cardIds.length
Party.sol	CR	251	COMPILATION FAILURE	uint256 i	//uint256 i
Party.sol	CR	255	COMPILATION FAILURE	nonReentrant	//nonReentrant
Party.sol	CR	256	CAUGHT	revert Bad("not expired")	//revert Bad("not expired")
Party.sol	CR	256	COMPILATION FAILURE	status() != Status.EXPIRED	//status() != Status.EXPIRED
Party.sol	CR	257	COMPILATION FAILURE	++i	//++i
Party.sol	CR	257	COMPILATION FAILURE	_redeem(cardIds[i], cards.ownerOf(cardIds[i]))	//_redeem(cardIds[i], cards.ownerOf(cardIds[i]))
Party.sol	CR	257	CAUGHT	for (uint256 i; i < cardIds.length; ++i) _redeem(cardIds[i], cards.ownerOf(cardIds[i]))	//for (uint256 i; i < cardIds.length; ++i) _redeem(cardIds[i], cards.ownerOf(cardIds[i]))
Party.sol	CR	257	COMPILATION FAILURE	i < cardIds.length	//i < cardIds.length
Party.sol	CR	257	COMPILATION FAILURE	uint256 i	//uint256 i
Party.sol	CR	261	COMPILATION FAILURE	Status s = status()	//Status s = status()
Party.sol	CR	262	CAUGHT	revert Bad("locked")	//revert Bad("locked")
Party.sol	CR	262	COMPILATION FAILURE	s != Status.OPEN && s != Status.EXPIRED	//s != Status.OPEN && s != Status.EXPIRED
Party.sol	CR	263	COMPILATION FAILURE	cards.partyOf(cardId) != address(this) || cards.ownerOf(cardId) != holder	//cards.partyOf(cardId) != address(this) || cards.ownerOf(cardId) != holder
Party.sol	CR	263	COMPILATION FAILURE	revert Bad("not holder")	//revert Bad("not holder")
Party.sol	CR	264	COMPILATION FAILURE	uint256 id = creditOfCard[cardId]	//uint256 id = creditOfCard[cardId]
Party.sol	CR	265	CAUGHT	delete creditOfCard[cardId]	//delete creditOfCard[cardId]
Party.sol	CR	266	CAUGHT	delete cardOfCredit[id]	//delete cardOfCredit[id]
Party.sol	CR	267	CAUGHT	_removeFromOrder(id)	//_removeFromOrder(id)
Party.sol	CR	268	CAUGHT	--cardsOutstanding	//--cardsOutstanding
Party.sol	CR	269	CAUGHT	cards.burn(cardId)	//cards.burn(cardId)
Party.sol	CR	270	CAUGHT	credits.transferFrom(address(this), holder, id)	//credits.transferFrom(address(this), holder, id)
Party.sol	CR	271	UNCAUGHT	emit Redeemed(holder, id, cardId)	//emit Redeemed(holder, id, cardId)
Party.sol	CR	275	COMPILATION FAILURE	uint256 n = _order.length	//uint256 n = _order.length
Party.sol	CR	276	COMPILATION FAILURE	++i	//++i
Party.sol	CR	276	COMPILATION FAILURE	i < n	//i < n
Party.sol	CR	276	COMPILATION FAILURE	uint256 i	//uint256 i
Party.sol	CR	277	COMPILATION FAILURE	_order[i] == id	//_order[i] == id
Party.sol	CR	278	COMPILATION FAILURE	++j	//++j
Party.sol	CR	278	CAUGHT	_order[j] = _order[j + 1]	//_order[j] = _order[j + 1]
Party.sol	CR	278	CAUGHT	for (uint256 j = i; j + 1 < n; ++j) _order[j] = _order[j + 1]	//for (uint256 j = i; j + 1 < n; ++j) _order[j] = _order[j + 1]
Party.sol	CR	278	COMPILATION FAILURE	j + 1 < n	//j + 1 < n
Party.sol	CR	278	COMPILATION FAILURE	uint256 j = i	//uint256 j = i
Party.sol	CR	279	CAUGHT	_order.pop()	//_order.pop()
Party.sol	CR	280	CAUGHT	return;	//return;
Party.sol	CR	283	UNCAUGHT	revert Bad("missing")	//revert Bad("missing")
Party.sol	CR	290	COMPILATION FAILURE	nonReentrant	//nonReentrant
Party.sol	CR	291	COMPILATION FAILURE	revert Bad("not full")	//revert Bad("not full")
Party.sol	CR	291	COMPILATION FAILURE	status() != Status.FULL	//status() != Status.FULL
Party.sol	CR	292	COMPILATION FAILURE	CreditKeys.Preset p = _params.arrangement	//CreditKeys.Preset p = _params.arrangement
Party.sol	CR	293	COMPILATION FAILURE	p == CreditKeys.Preset.Manual	//p == CreditKeys.Preset.Manual
Party.sol	CR	294	COMPILATION FAILURE	msg.sender != host	//msg.sender != host
Party.sol	CR	294	COMPILATION FAILURE	revert Bad("host only")	//revert Bad("host only")
Party.sol	CR	295	COMPILATION FAILURE	cards.heldNow(address(this), msg.sender) == 0	//cards.heldNow(address(this), msg.sender) == 0
Party.sol	CR	296	CAUGHT	revert Bad("card holders only")	//revert Bad("card holders only")
Party.sol	CR	298	CAUGHT	CreditKeys.verifyOrder(p, credits, _order, order, _params.seed)	//CreditKeys.verifyOrder(p, credits, _order, order, _params.seed)
Party.sol	CR	301	COMPILATION FAILURE	PriceSpec memory spec = hasPendingPrice ? pendingPrice : _params.defaultPrice	//PriceSpec memory spec = hasPendingPrice ? pendingPrice : _params.defaultPrice
Party.sol	CR	302	COMPILATION FAILURE	uint256 price = _resolve(spec, floor)	//uint256 price = _resolve(spec, floor)
Party.sol	CR	305	CAUGHT	assembled = true	//assembled = true
Party.sol	CR	306	CAUGHT	assembledAt = uint64(block.timestamp)	//assembledAt = uint64(block.timestamp)
Party.sol	CR	307	CAUGHT	_burnOrder = order	//_burnOrder = order
Party.sol	CR	308	CAUGHT	ask = price	//ask = price
Party.sol	CR	309	CAUGHT	askSpec = spec	//askSpec = spec
Party.sol	CR	310	CAUGHT	askLiveAt = uint64(block.timestamp)	//askLiveAt = uint64(block.timestamp)
Party.sol	CR	311	CAUGHT	buyableAt = uint64(block.timestamp + _t(uint256(hasPendingPrice ? _pendingBuyDelay : _params.buyDelayHours) * 1 hours))	//buyableAt = uint64(block.timestamp + _t(uint256(hasPendingPrice ? _pendingBuyDelay : _params.buyDelayHours) * 1 hours))
Party.sol	CR	312	CAUGHT	++priceEpoch	//++priceEpoch
Party.sol	CR	315	COMPILATION FAILURE	IStatement st = factory.statement()	//IStatement st = factory.statement()
Party.sol	CR	316	CAUGHT	credits.setApprovalForAll(address(st), true)	//credits.setApprovalForAll(address(st), true)
Party.sol	CR	317	CAUGHT	_assembling = true	//_assembling = true
Party.sol	CR	318	COMPILATION FAILURE	uint256 sid = st.make(order)	//uint256 sid = st.make(order)
Party.sol	CR	319	UNCAUGHT	_assembling = false	//_assembling = false
Party.sol	CR	320	CAUGHT	credits.setApprovalForAll(address(st), false)	//credits.setApprovalForAll(address(st), false)
Party.sol	CR	321	UNCAUGHT	revert Bad("statement not received")	//revert Bad("statement not received")
Party.sol	CR	321	COMPILATION FAILURE	st.ownerOf(sid) != address(this)	//st.ownerOf(sid) != address(this)
Party.sol	CR	322	COMPILATION FAILURE	++i	//++i
Party.sol	CR	322	COMPILATION FAILURE	i < SLOTS	//i < SLOTS
Party.sol	CR	322	COMPILATION FAILURE	uint256 i	//uint256 i
Party.sol	CR	324	COMPILATION FAILURE	catch {}	//catch {}
Party.sol	CR	324	COMPILATION FAILURE	o == address(this)	//o == address(this)
Party.sol	CR	324	COMPILATION FAILURE	returns (address o) { if (o == address(this)) revert Bad("not burned"); }	//returns (address o) { if (o == address(this)) revert Bad("not burned"); }
Party.sol	CR	324	COMPILATION FAILURE	revert Bad("not burned")	//revert Bad("not burned")
Party.sol	CR	324	UNCAUGHT	try credits.ownerOf(order[i]) returns (address o) { if (o == address(this)) revert Bad("not burned"); } catch {}	//try credits.ownerOf(order[i]) returns (address o) { if (o == address(this)) revert Bad("not burned"); } catch {}
Party.sol	CR	326	CAUGHT	statementId = sid	//statementId = sid
Party.sol	CR	327	UNCAUGHT	emit Assembled(msg.sender, sid, order)	//emit Assembled(msg.sender, sid, order)
Party.sol	CR	328	CAUGHT	emit AskSet(price, hasPendingPrice)	//emit AskSet(price, hasPendingPrice)
Party.sol	CR	333	COMPILATION FAILURE	!_assembling || msg.sender != address(factory.statement())	//!_assembling || msg.sender != address(factory.statement())
Party.sol	CR	333	CAUGHT	revert Bad("unexpected token")	//revert Bad("unexpected token")
Party.sol	CR	334	CAUGHT	return this.onERC721Received.selector	//return this.onERC721Received.selector
Party.sol	CR	340	COMPILATION FAILURE	(uint256 id)	//(uint256 id)
Party.sol	CR	341	COMPILATION FAILURE	Status s = status()	//Status s = status()
Party.sol	CR	342	COMPILATION FAILURE	cancel ? s != Status.ASSEMBLED : (s != Status.FULL && s != Status.ASSEMBLED)	//cancel ? s != Status.ASSEMBLED : (s != Status.FULL && s != Status.ASSEMBLED)
Party.sol	CR	342	CAUGHT	revert Bad("status")	//revert Bad("status")
Party.sol	CR	343	COMPILATION FAILURE	cancel && ask == 0	//cancel && ask == 0
Party.sol	CR	343	CAUGHT	revert Bad("not listed")	//revert Bad("not listed")
Party.sol	CR	344	COMPILATION FAILURE	cards.heldNow(address(this), msg.sender) == 0	//cards.heldNow(address(this), msg.sender) == 0
Party.sol	CR	344	CAUGHT	revert Bad("card holders only")	//revert Bad("card holders only")
Party.sol	CR	345	CAUGHT	_refreshOpen(msg.sender)	//_refreshOpen(msg.sender)
Party.sol	CR	346	COMPILATION FAILURE	_openIds[msg.sender].length >= MAX_OPEN_PER_PROPOSER	//_openIds[msg.sender].length >= MAX_OPEN_PER_PROPOSER
Party.sol	CR	346	CAUGHT	revert Bad("open limit")	//revert Bad("open limit")
Party.sol	CR	347	COMPILATION FAILURE	!cancel	//!cancel
Party.sol	CR	347	CAUGHT	_checkPrice(price)	//_checkPrice(price)
Party.sol	CR	348	COMPILATION FAILURE	!cancel && buyDelayHours > MAX_BUY_DELAY_HOURS	//!cancel && buyDelayHours > MAX_BUY_DELAY_HOURS
Party.sol	CR	348	COMPILATION FAILURE	revert Bad("buyDelay")	//revert Bad("buyDelay")
Party.sol	CR	349	COMPILATION FAILURE	uint16 h = cancel ? 24 : (hours_ == 0 ? _params.voteHours : hours_)	//uint16 h = cancel ? 24 : (hours_ == 0 ? _params.voteHours : hours_)
Party.sol	CR	350	COMPILATION FAILURE	!_windowOk(h)	//!_windowOk(h)
Party.sol	CR	350	CAUGHT	revert Bad("window")	//revert Bad("window")
Party.sol	CR	351	CAUGHT	id = _proposals.length	//id = _proposals.length
Party.sol	CR	352	COMPILATION FAILURE	bool dl = _deadlocked()	//bool dl = _deadlocked()
Party.sol	CR	358	CAUGHT	_openIds[msg.sender].push(id)	//_openIds[msg.sender].push(id)
Party.sol	CR	359	UNCAUGHT	emit Proposed(id, msg.sender, cancel, price.mode, price.value, _proposals[id].endsAt, dl)	//emit Proposed(id, msg.sender, cancel, price.mode, price.value, _proposals[id].endsAt, dl)
Party.sol	CR	360	CAUGHT	_vote(id, msg.sender, true)	//_vote(id, msg.sender, true)
Party.sol	CR	364	CAUGHT	_vote(id, msg.sender, support)	//_vote(id, msg.sender, support)
Party.sol	CR	368	COMPILATION FAILURE	Proposal storage p = _proposals[id]	//Proposal storage p = _proposals[id]
Party.sol	CR	369	COMPILATION FAILURE	block.timestamp >= p.endsAt	//block.timestamp >= p.endsAt
Party.sol	CR	369	COMPILATION FAILURE	revert Bad("closed")	//revert Bad("closed")
Party.sol	CR	370	COMPILATION FAILURE	uint128 w = weightOf[id][voter]	//uint128 w = weightOf[id][voter]
Party.sol	CR	371	COMPILATION FAILURE	w == 0	//w == 0
Party.sol	CR	372	CAUGHT	w = uint128(cards.heldAt(address(this), voter, p.snapshot))	//w = uint128(cards.heldAt(address(this), voter, p.snapshot))
Party.sol	CR	373	CAUGHT	revert Bad("no weight at snapshot")	//revert Bad("no weight at snapshot")
Party.sol	CR	373	COMPILATION FAILURE	w == 0	//w == 0
Party.sol	CR	374	CAUGHT	weightOf[id][voter] = w	//weightOf[id][voter] = w
Party.sol	CR	376	COMPILATION FAILURE	uint8 prev = voteOf[id][voter]	//uint8 prev = voteOf[id][voter]
Party.sol	CR	377	CAUGHT	p.no -= w	//p.no -= w
Party.sol	CR	377	CAUGHT	p.yes -= w	//p.yes -= w
Party.sol	CR	377	COMPILATION FAILURE	prev == 1	//prev == 1
Party.sol	CR	377	COMPILATION FAILURE	prev == 2	//prev == 2
Party.sol	CR	378	CAUGHT	p.no += w	//p.no += w
Party.sol	CR	378	CAUGHT	p.yes += w	//p.yes += w
Party.sol	CR	378	COMPILATION FAILURE	support	//support
Party.sol	CR	379	CAUGHT	voteOf[id][voter] = support ? 1 : 2	//voteOf[id][voter] = support ? 1 : 2
Party.sol	CR	380	UNCAUGHT	emit Voted(id, voter, support, w)	//emit Voted(id, voter, support, w)
Party.sol	CR	385	COMPILATION FAILURE	Proposal storage p = _proposals[id]	//Proposal storage p = _proposals[id]
Party.sol	CR	386	COMPILATION FAILURE	uint256 need = (!p.cancel && price < floorWei) ? PASS_BELOW_FLOOR : PASS	//uint256 need = (!p.cancel && price < floorWei) ? PASS_BELOW_FLOOR : PASS
Party.sol	CR	387	CAUGHT	need = PASS_DEADLOCK	//need = PASS_DEADLOCK
Party.sol	CR	387	COMPILATION FAILURE	p.deadlock && need < PASS_DEADLOCK	//p.deadlock && need < PASS_DEADLOCK
Party.sol	CR	388	CAUGHT	return need	//return need
Party.sol	CR	391	COMPILATION FAILURE	nonReentrant	//nonReentrant
Party.sol	CR	392	COMPILATION FAILURE	Proposal storage p = _proposals[id]	//Proposal storage p = _proposals[id]
Party.sol	CR	393	COMPILATION FAILURE	Status s = status()	//Status s = status()
Party.sol	CR	394	COMPILATION FAILURE	p.executed	//p.executed
Party.sol	CR	394	CAUGHT	revert Bad("executed")	//revert Bad("executed")
Party.sol	CR	395	COMPILATION FAILURE	block.timestamp < p.endsAt	//block.timestamp < p.endsAt
Party.sol	CR	395	CAUGHT	revert Bad("voting open")	//revert Bad("voting open")
Party.sol	CR	396	COMPILATION FAILURE	block.timestamp > uint256(p.endsAt) + _t(EXECUTE_WINDOW)	//block.timestamp > uint256(p.endsAt) + _t(EXECUTE_WINDOW)
Party.sol	CR	396	CAUGHT	revert Bad("lapsed")	//revert Bad("lapsed")
Party.sol	CR	397	COMPILATION FAILURE	p.epoch != priceEpoch	//p.epoch != priceEpoch
Party.sol	CR	397	CAUGHT	revert Bad("superseded")	//revert Bad("superseded")
Party.sol	CR	398	COMPILATION FAILURE	cards.heldNow(address(this), msg.sender) == 0	//cards.heldNow(address(this), msg.sender) == 0
Party.sol	CR	398	CAUGHT	revert Bad("card holders only")	//revert Bad("card holders only")
Party.sol	CR	399	COMPILATION FAILURE	p.cancel ? s != Status.ASSEMBLED : (s != Status.FULL && s != Status.ASSEMBLED)	//p.cancel ? s != Status.ASSEMBLED : (s != Status.FULL && s != Status.ASSEMBLED)
Party.sol	CR	399	COMPILATION FAILURE	revert Bad("status")	//revert Bad("status")
Party.sol	CR	401	COMPILATION FAILURE	uint256 price	//uint256 price
Party.sol	CR	402	COMPILATION FAILURE	uint256 floorWei	//uint256 floorWei
Party.sol	CR	403	COMPILATION FAILURE	!p.cancel	//!p.cancel
Party.sol	CR	404	COMPILATION FAILURE	p.price.mode == PriceMode.Fixed && floor.sig.length == 0	//p.price.mode == PriceMode.Fixed && floor.sig.length == 0
Party.sol	CR	406	CAUGHT	price = uint256(p.price.value)	//price = uint256(p.price.value)
Party.sol	CR	407	CAUGHT	floorWei = type(uint256).max	//floorWei = type(uint256).max
Party.sol	CR	409	CAUGHT	floorWei = _floor(floor)	//floorWei = _floor(floor)
Party.sol	CR	410	CAUGHT	price = p.price.mode == PriceMode.Fixed ? uint256(p.price.value) : _clampMin(_resolveWith(p.price, floorWei))	//price = p.price.mode == PriceMode.Fixed ? uint256(p.price.value) : _clampMin(_resolveWith(p.price, floorWei))
Party.sol	CR	413	COMPILATION FAILURE	uint256 need = needFor(id, price, floorWei)	//uint256 need = needFor(id, price, floorWei)
Party.sol	CR	414	COMPILATION FAILURE	p.yes < need || (p.no > 0 && !p.deadlock)	//p.yes < need || (p.no > 0 && !p.deadlock)
Party.sol	CR	414	CAUGHT	revert Bad("did not pass")	//revert Bad("did not pass")
Party.sol	CR	416	CAUGHT	p.executed = true	//p.executed = true
Party.sol	CR	417	CAUGHT	++priceEpoch	//++priceEpoch
Party.sol	CR	418	CAUGHT	lastPriceExecutedAt = uint64(block.timestamp)	//lastPriceExecutedAt = uint64(block.timestamp)
Party.sol	CR	419	CAUGHT	blockedPriceProposals = 0	//blockedPriceProposals = 0
Party.sol	CR	420	COMPILATION FAILURE	p.cancel	//p.cancel
Party.sol	CR	421	CAUGHT	ask = 0	//ask = 0
Party.sol	CR	422	CAUGHT	askLiveAt = 0	//askLiveAt = 0
Party.sol	CR	423	COMPILATION FAILURE	s == Status.FULL	//s == Status.FULL
Party.sol	CR	424	CAUGHT	pendingPrice = p.price	//pendingPrice = p.price
Party.sol	CR	425	CAUGHT	_pendingBuyDelay = p.buyDelayHours	//_pendingBuyDelay = p.buyDelayHours
Party.sol	CR	426	CAUGHT	hasPendingPrice = true	//hasPendingPrice = true
Party.sol	CR	427	CAUGHT	emit PendingPriceSet(id, p.price.mode, p.price.value)	//emit PendingPriceSet(id, p.price.mode, p.price.value)
Party.sol	CR	429	CAUGHT	ask = price	//ask = price
Party.sol	CR	430	CAUGHT	askSpec = p.price	//askSpec = p.price
Party.sol	CR	431	CAUGHT	askLiveAt = uint64(block.timestamp)	//askLiveAt = uint64(block.timestamp)
Party.sol	CR	432	CAUGHT	buyableAt = uint64(block.timestamp + _t(uint256(p.buyDelayHours) * 1 hours))	//buyableAt = uint64(block.timestamp + _t(uint256(p.buyDelayHours) * 1 hours))
Party.sol	CR	433	UNCAUGHT	emit AskSet(price, true)	//emit AskSet(price, true)
Party.sol	CR	435	UNCAUGHT	emit Executed(id, msg.sender)	//emit Executed(id, msg.sender)
Party.sol	CR	440	COMPILATION FAILURE	Proposal storage p = _proposals[id]	//Proposal storage p = _proposals[id]
Party.sol	CR	443	COMPILATION FAILURE	blockedCounted[id] || p.cancel || p.executed || block.timestamp < p.endsAt || p.no == 0 || p.deadlock || p.yes < PASS || p.epoch != priceEpoch	//blockedCounted[id] || p.cancel || p.executed || block.timestamp < p.endsAt || p.no == 0 || p.deadlock || p.yes < PASS || p.epoch != priceEpoch
Party.sol	CR	443	CAUGHT	revert Bad("not blocked")	//revert Bad("not blocked")
Party.sol	CR	444	CAUGHT	blockedCounted[id] = true	//blockedCounted[id] = true
Party.sol	CR	445	CAUGHT	++blockedPriceProposals	//++blockedPriceProposals
Party.sol	CR	446	CAUGHT	emit BlockedCounted(id, blockedPriceProposals)	//emit BlockedCounted(id, blockedPriceProposals)
Party.sol	CR	450	COMPILATION FAILURE	blockedPriceProposals >= DEADLOCK_BLOCKS	//blockedPriceProposals >= DEADLOCK_BLOCKS
Party.sol	CR	450	COMPILATION FAILURE	return true	//return true
Party.sol	CR	451	COMPILATION FAILURE	uint256 since = lastPriceExecutedAt != 0 ? lastPriceExecutedAt : (assembledAt != 0 ? assembledAt : (fullAt != 0 ? fullAt : type(uint64).max))	//uint256 since = lastPriceExecutedAt != 0 ? lastPriceExecutedAt : (assembledAt != 0 ? assembledAt : (fullAt != 0 ? fullAt : type(uint64).max))
Party.sol	CR	452	CAUGHT	return since != type(uint64).max && block.timestamp > since + _t(DEADLOCK_TIME)	//return since != type(uint64).max && block.timestamp > since + _t(DEADLOCK_TIME)
Party.sol	CR	457	COMPILATION FAILURE	uint256[] storage ids = _openIds[who]	//uint256[] storage ids = _openIds[who]
Party.sol	CR	458	COMPILATION FAILURE	--k	//--k
Party.sol	CR	458	COMPILATION FAILURE	k > 0	//k > 0
Party.sol	CR	458	COMPILATION FAILURE	uint256 k = ids.length	//uint256 k = ids.length
Party.sol	CR	459	COMPILATION FAILURE	block.timestamp >= _proposals[ids[k - 1]].endsAt	//block.timestamp >= _proposals[ids[k - 1]].endsAt
Party.sol	CR	459	COMPILATION FAILURE	ids.pop()	//ids.pop()
Party.sol	CR	459	COMPILATION FAILURE	ids[k - 1] = ids[ids.length - 1]	//ids[k - 1] = ids[ids.length - 1]
Party.sol	CR	463	COMPILATION FAILURE	return _openIds[who]	//return _openIds[who]
Party.sol	CR	467	COMPILATION FAILURE	revert Bad("fixed")	//revert Bad("fixed")
Party.sol	CR	467	COMPILATION FAILURE	status() != Status.ASSEMBLED || ask == 0 || askSpec.mode == PriceMode.Fixed	//status() != Status.ASSEMBLED || ask == 0 || askSpec.mode == PriceMode.Fixed
Party.sol	CR	468	COMPILATION FAILURE	uint256 next = _resolve(askSpec, floor)	//uint256 next = _resolve(askSpec, floor)
Party.sol	CR	469	COMPILATION FAILURE	next <= ask	//next <= ask
Party.sol	CR	469	CAUGHT	revert Bad("not higher")	//revert Bad("not higher")
Party.sol	CR	470	CAUGHT	ask = next	//ask = next
Party.sol	CR	471	UNCAUGHT	emit AskSet(next, false)	//emit AskSet(next, false)
Party.sol	CR	477	COMPILATION FAILURE	nonReentrant	//nonReentrant
Party.sol	CR	478	CAUGHT	revert Bad("not for sale")	//revert Bad("not for sale")
Party.sol	CR	478	COMPILATION FAILURE	status() != Status.ASSEMBLED || ask == 0	//status() != Status.ASSEMBLED || ask == 0
Party.sol	CR	479	COMPILATION FAILURE	block.timestamp < buyableAt	//block.timestamp < buyableAt
Party.sol	CR	479	COMPILATION FAILURE	revert Bad("not open yet")	//revert Bad("not open yet")
Party.sol	CR	480	COMPILATION FAILURE	uint256 price = ask	//uint256 price = ask
Party.sol	CR	481	COMPILATION FAILURE	price > maxPrice || msg.value < price	//price > maxPrice || msg.value < price
Party.sol	CR	481	COMPILATION FAILURE	revert Bad("price")	//revert Bad("price")
Party.sol	CR	483	COMPILATION FAILURE	(address royaltyTo, uint256 royalty) = _royalty(price)	//(address royaltyTo, uint256 royalty) = _royalty(price)
Party.sol	CR	483	COMPILATION FAILURE	address royaltyTo	//address royaltyTo
Party.sol	CR	483	COMPILATION FAILURE	uint256 royalty	//uint256 royalty
Party.sol	CR	484	COMPILATION FAILURE	uint256 fee = price * factory.FEE_BPS() / 10_000	//uint256 fee = price * factory.FEE_BPS() / 10_000
Party.sol	CR	485	COMPILATION FAILURE	uint256 pot = price - royalty - fee	//uint256 pot = price - royalty - fee
Party.sol	CR	486	COMPILATION FAILURE	uint256 share = pot / SLOTS	//uint256 share = pot / SLOTS
Party.sol	CR	487	COMPILATION FAILURE	uint256 dust = pot - share * SLOTS	//uint256 dust = pot - share * SLOTS
Party.sol	CR	489	CAUGHT	sold = true	//sold = true
Party.sol	CR	490	CAUGHT	perCard = share	//perCard = share
Party.sol	CR	491	CAUGHT	ask = 0	//ask = 0
Party.sol	CR	492	CAUGHT	owed[royaltyTo] += royalty	//owed[royaltyTo] += royalty
Party.sol	CR	492	COMPILATION FAILURE	royalty > 0	//royalty > 0
Party.sol	CR	493	CAUGHT	owed[factory.feeRecipient()] += fee + dust	//owed[factory.feeRecipient()] += fee + dust
Party.sol	CR	495	CAUGHT	factory.statement().transferFrom(address(this), msg.sender, statementId)	//factory.statement().transferFrom(address(this), msg.sender, statementId)
Party.sol	CR	496	COMPILATION FAILURE	msg.value > price	//msg.value > price
Party.sol	CR	497	COMPILATION FAILURE	(bool ok,) = msg.sender.call{value: msg.value - price}("")	//(bool ok,) = msg.sender.call{value: msg.value - price}("")
Party.sol	CR	497	COMPILATION FAILURE	bool ok	//bool ok
Party.sol	CR	498	COMPILATION FAILURE	!ok	//!ok
Party.sol	CR	498	COMPILATION FAILURE	revert Bad("refund")	//revert Bad("refund")
Party.sol	CR	500	UNCAUGHT	emit Sold(msg.sender, price, royalty, fee, share)	//emit Sold(msg.sender, price, royalty, fee, share)
Party.sol	CR	504	COMPILATION FAILURE	nonReentrant	//nonReentrant
Party.sol	CR	505	COMPILATION FAILURE	!sold	//!sold
Party.sol	CR	505	COMPILATION FAILURE	revert Bad("not sold")	//revert Bad("not sold")
Party.sol	CR	506	COMPILATION FAILURE	uint256 total	//uint256 total
Party.sol	CR	507	COMPILATION FAILURE	++i	//++i
Party.sol	CR	507	COMPILATION FAILURE	i < cardIds.length	//i < cardIds.length
Party.sol	CR	507	COMPILATION FAILURE	uint256 i	//uint256 i
Party.sol	CR	508	COMPILATION FAILURE	uint256 c = cardIds[i]	//uint256 c = cardIds[i]
Party.sol	CR	509	COMPILATION FAILURE	cards.partyOf(c) != address(this) || cards.ownerOf(c) != msg.sender	//cards.partyOf(c) != address(this) || cards.ownerOf(c) != msg.sender
Party.sol	CR	509	CAUGHT	revert Bad("not holder")	//revert Bad("not holder")
Party.sol	CR	510	UNCAUGHT	delete creditOfCard[c]	//delete creditOfCard[c]
Party.sol	CR	511	CAUGHT	--cardsOutstanding	//--cardsOutstanding
Party.sol	CR	512	CAUGHT	cards.burn(c)	//cards.burn(c)
Party.sol	CR	513	CAUGHT	total += perCard	//total += perCard
Party.sol	CR	514	UNCAUGHT	emit Claimed(msg.sender, c, perCard)	//emit Claimed(msg.sender, c, perCard)
Party.sol	CR	516	COMPILATION FAILURE	(bool ok,) = msg.sender.call{value: total}("")	//(bool ok,) = msg.sender.call{value: total}("")
Party.sol	CR	516	COMPILATION FAILURE	bool ok	//bool ok
Party.sol	CR	517	COMPILATION FAILURE	!ok	//!ok
Party.sol	CR	517	COMPILATION FAILURE	revert Bad("send")	//revert Bad("send")
Party.sol	CR	522	COMPILATION FAILURE	nonReentrant	//nonReentrant
Party.sol	CR	523	COMPILATION FAILURE	!sold	//!sold
Party.sol	CR	523	CAUGHT	revert Bad("not sold")	//revert Bad("not sold")
Party.sol	CR	524	COMPILATION FAILURE	++i	//++i
Party.sol	CR	524	COMPILATION FAILURE	i < cardIds.length	//i < cardIds.length
Party.sol	CR	524	COMPILATION FAILURE	uint256 i	//uint256 i
Party.sol	CR	525	COMPILATION FAILURE	uint256 c = cardIds[i]	//uint256 c = cardIds[i]
Party.sol	CR	526	COMPILATION FAILURE	cards.partyOf(c) != address(this)	//cards.partyOf(c) != address(this)
Party.sol	CR	526	COMPILATION FAILURE	revert Bad("not this party")	//revert Bad("not this party")
Party.sol	CR	527	COMPILATION FAILURE	address holder = cards.ownerOf(c)	//address holder = cards.ownerOf(c)
Party.sol	CR	528	UNCAUGHT	delete creditOfCard[c]	//delete creditOfCard[c]
Party.sol	CR	529	CAUGHT	--cardsOutstanding	//--cardsOutstanding
Party.sol	CR	530	CAUGHT	cards.burn(c)	//cards.burn(c)
Party.sol	CR	531	CAUGHT	emit Claimed(holder, c, perCard)	//emit Claimed(holder, c, perCard)
Party.sol	CR	532	COMPILATION FAILURE	(bool ok,) = holder.call{value: perCard, gas: 50_000}("")	//(bool ok,) = holder.call{value: perCard, gas: 50_000}("")
Party.sol	CR	532	COMPILATION FAILURE	bool ok	//bool ok
Party.sol	CR	533	COMPILATION FAILURE	!ok	//!ok
Party.sol	CR	533	COMPILATION FAILURE	owed[holder] += perCard	//owed[holder] += perCard
Party.sol	CR	538	COMPILATION FAILURE	nonReentrant	//nonReentrant
Party.sol	CR	539	COMPILATION FAILURE	uint256 amt = owed[msg.sender]	//uint256 amt = owed[msg.sender]
Party.sol	CR	540	COMPILATION FAILURE	amt == 0	//amt == 0
Party.sol	CR	540	CAUGHT	revert Bad("nothing")	//revert Bad("nothing")
Party.sol	CR	541	CAUGHT	owed[msg.sender] = 0	//owed[msg.sender] = 0
Party.sol	CR	542	COMPILATION FAILURE	(bool ok,) = msg.sender.call{value: amt}("")	//(bool ok,) = msg.sender.call{value: amt}("")
Party.sol	CR	542	COMPILATION FAILURE	bool ok	//bool ok
Party.sol	CR	543	COMPILATION FAILURE	!ok	//!ok
Party.sol	CR	543	CAUGHT	revert Bad("send")	//revert Bad("send")
Party.sol	CR	544	CAUGHT	emit Withdrawn(msg.sender, amt)	//emit Withdrawn(msg.sender, amt)
Party.sol	CR	548	COMPILATION FAILURE	msg.sender != host || to == address(0)	//msg.sender != host || to == address(0)
Party.sol	CR	548	CAUGHT	revert Bad("host")	//revert Bad("host")
Party.sol	CR	549	CAUGHT	emit HostTransferred(host, to)	//emit HostTransferred(host, to)
Party.sol	CR	550	CAUGHT	host = to	//host = to
Party.sol	CR	556	COMPILATION FAILURE	p.mode == PriceMode.Fixed && (p.value <= 0 || p.value > 1e24)	//p.mode == PriceMode.Fixed && (p.value <= 0 || p.value > 1e24)
Party.sol	CR	556	CAUGHT	revert Bad("price")	//revert Bad("price")
Party.sol	CR	557	COMPILATION FAILURE	p.mode == PriceMode.FloorPct && (p.value <= -10_000 || p.value > 1_000_000)	//p.mode == PriceMode.FloorPct && (p.value <= -10_000 || p.value > 1_000_000)
Party.sol	CR	557	CAUGHT	revert Bad("price")	//revert Bad("price")
Party.sol	CR	558	COMPILATION FAILURE	p.mode == PriceMode.FloorDelta && (p.value < -1e24 || p.value > 1e24)	//p.mode == PriceMode.FloorDelta && (p.value < -1e24 || p.value > 1e24)
Party.sol	CR	558	COMPILATION FAILURE	revert Bad("price")	//revert Bad("price")
Party.sol	CR	562	COMPILATION FAILURE	f.issuedAt > block.timestamp || block.timestamp - f.issuedAt > FLOOR_MAX_AGE	//f.issuedAt > block.timestamp || block.timestamp - f.issuedAt > FLOOR_MAX_AGE
Party.sol	CR	562	CAUGHT	revert Bad("stale floor")	//revert Bad("stale floor")
Party.sol	CR	563	COMPILATION FAILURE	f.issuedAt < lastFloorAt	//f.issuedAt < lastFloorAt
Party.sol	CR	563	CAUGHT	revert Bad("older floor")	//revert Bad("older floor")
Party.sol	CR	564	CAUGHT	lastFloorAt = f.issuedAt	//lastFloorAt = f.issuedAt
Party.sol	CR	565	COMPILATION FAILURE	!factory.isValidFloor(f.floorWei, uint8(_params.floorMode), f.issuedAt, f.sig)	//!factory.isValidFloor(f.floorWei, uint8(_params.floorMode), f.issuedAt, f.sig)
Party.sol	CR	565	CAUGHT	revert Bad("floor sig")	//revert Bad("floor sig")
Party.sol	CR	566	COMPILATION FAILURE	f.floorWei == 0	//f.floorWei == 0
Party.sol	CR	566	CAUGHT	revert Bad("floor")	//revert Bad("floor")
Party.sol	CR	567	CAUGHT	return f.floorWei	//return f.floorWei
Party.sol	CR	571	COMPILATION FAILURE	p.mode == PriceMode.Fixed	//p.mode == PriceMode.Fixed
Party.sol	CR	571	CAUGHT	return uint256(p.value)	//return uint256(p.value)
Party.sol	CR	572	CAUGHT	return _clampMin(_resolveWith(p, _floor(f)))	//return _clampMin(_resolveWith(p, _floor(f)))
Party.sol	CR	575	COMPILATION FAILURE	(uint256 v)	//(uint256 v)
Party.sol	CR	577	COMPILATION FAILURE	int256 f = int256(floorWei)	//int256 f = int256(floorWei)
Party.sol	CR	578	COMPILATION FAILURE	int256 r = p.mode == PriceMode.FloorPct ? f * (10_000 + p.value) / 10_000 : f + p.value	//int256 r = p.mode == PriceMode.FloorPct ? f * (10_000 + p.value) / 10_000 : f + p.value
Party.sol	CR	579	COMPILATION FAILURE	r <= 0	//r <= 0
Party.sol	CR	579	CAUGHT	revert Bad("price <= 0")	//revert Bad("price <= 0")
Party.sol	CR	580	CAUGHT	return uint256(r)	//return uint256(r)
Party.sol	CR	585	CAUGHT	return v < _params.minAskWei ? _params.minAskWei : v	//return v < _params.minAskWei ? _params.minAskWei : v
Party.sol	CR	590	CAUGHT	return secs * timeUnit / 1 hours	//return secs * timeUnit / 1 hours
Party.sol	CR	594	CAUGHT	return h == 24 || h == 48 || h == 72 || h == 168	//return h == 24 || h == 48 || h == 72 || h == 168
Party.sol	CR	598	COMPILATION FAILURE	(address to, uint256 amt)	//(address to, uint256 amt)
Party.sol	CR	599	COMPILATION FAILURE	(bool ok, bytes memory r) = address(factory.statement()).staticcall{gas: 50_000}(abi.encodeWithSignature("royaltyInfo(uint256,uint256)", statementId, price))	//(bool ok, bytes memory r) = address(factory.statement()).staticcall{gas: 50_000}(abi.encodeWithSignature("royaltyInfo(uint256,uint256)", statementId, price))
Party.sol	CR	599	COMPILATION FAILURE	bool ok	//bool ok
Party.sol	CR	599	COMPILATION FAILURE	bytes memory r	//bytes memory r
Party.sol	CR	600	COMPILATION FAILURE	!ok || r.length < 64	//!ok || r.length < 64
Party.sol	CR	600	COMPILATION FAILURE	return (address(0), 0)	//return (address(0), 0)
Party.sol	CR	601	COMPILATION FAILURE	(uint256 a, uint256 v) = abi.decode(r, (uint256, uint256))	//(uint256 a, uint256 v) = abi.decode(r, (uint256, uint256))
Party.sol	CR	601	COMPILATION FAILURE	uint256 a	//uint256 a
Party.sol	CR	601	COMPILATION FAILURE	uint256 v	//uint256 v
Party.sol	CR	602	COMPILATION FAILURE	a == 0 || a >> 160 != 0	//a == 0 || a >> 160 != 0
Party.sol	CR	602	COMPILATION FAILURE	return (address(0), 0)	//return (address(0), 0)
Party.sol	CR	603	COMPILATION FAILURE	uint256 cap = price * ROYALTY_CAP_BPS / 10_000	//uint256 cap = price * ROYALTY_CAP_BPS / 10_000
Party.sol	CR	604	CAUGHT	return (address(uint160(a)), v > cap ? cap : v)	//return (address(uint160(a)), v > cap ? cap : v)
Party.sol	CR	608	CAUGHT	revert Bad("no direct ETH")	//revert Bad("no direct ETH")
Party.sol	FHR	184	COMPILATION FAILURE	function params() external view returns (Params memory) { return _params; }	function params() external pure returns (Params memory) { return _params; }
Party.sol	FHR	184	COMPILATION FAILURE	function params() external view returns (Params memory) { return _params; }	function params() internal view returns (Params memory) { return _params; }
Party.sol	FHR	184	COMPILATION FAILURE	function params() external view returns (Params memory) { return _params; }	function params() private view returns (Params memory) { return _params; }
Party.sol	FHR	185	COMPILATION FAILURE	function depositOrder() external view returns (uint256[] memory) { return _order; }	function depositOrder() external pure returns (uint256[] memory) { return _order; }
Party.sol	FHR	185	COMPILATION FAILURE	function depositOrder() external view returns (uint256[] memory) { return _order; }	function depositOrder() internal view returns (uint256[] memory) { return _order; }
Party.sol	FHR	185	COMPILATION FAILURE	function depositOrder() external view returns (uint256[] memory) { return _order; }	function depositOrder() private view returns (uint256[] memory) { return _order; }
Party.sol	FHR	186	COMPILATION FAILURE	function burnOrder() external view returns (uint256[] memory) { return _burnOrder; }	function burnOrder() external pure returns (uint256[] memory) { return _burnOrder; }
Party.sol	FHR	186	COMPILATION FAILURE	function burnOrder() external view returns (uint256[] memory) { return _burnOrder; }	function burnOrder() internal view returns (uint256[] memory) { return _burnOrder; }
Party.sol	FHR	186	COMPILATION FAILURE	function burnOrder() external view returns (uint256[] memory) { return _burnOrder; }	function burnOrder() private view returns (uint256[] memory) { return _burnOrder; }
Party.sol	FHR	187	COMPILATION FAILURE	function count() public view returns (uint256) { return _order.length; }	function count() internal view returns (uint256) { return _order.length; }
Party.sol	FHR	187	COMPILATION FAILURE	function count() public view returns (uint256) { return _order.length; }	function count() private view returns (uint256) { return _order.length; }
Party.sol	FHR	187	COMPILATION FAILURE	function count() public view returns (uint256) { return _order.length; }	function count() public pure returns (uint256) { return _order.length; }
Party.sol	FHR	188	COMPILATION FAILURE	function proposalCount() external view returns (uint256) { return _proposals.length; }	function proposalCount() external pure returns (uint256) { return _proposals.length; }
Party.sol	FHR	188	COMPILATION FAILURE	function proposalCount() external view returns (uint256) { return _proposals.length; }	function proposalCount() internal view returns (uint256) { return _proposals.length; }
Party.sol	FHR	188	COMPILATION FAILURE	function proposalCount() external view returns (uint256) { return _proposals.length; }	function proposalCount() private view returns (uint256) { return _proposals.length; }
Party.sol	FHR	189	COMPILATION FAILURE	function proposal(uint256 id) external view returns (Proposal memory) { return _proposals[id]; }	function proposal(uint256 id) external pure returns (Proposal memory) { return _proposals[id]; }
Party.sol	FHR	189	COMPILATION FAILURE	function proposal(uint256 id) external view returns (Proposal memory) { return _proposals[id]; }	function proposal(uint256 id) internal view returns (Proposal memory) { return _proposals[id]; }
Party.sol	FHR	189	COMPILATION FAILURE	function proposal(uint256 id) external view returns (Proposal memory) { return _proposals[id]; }	function proposal(uint256 id) private view returns (Proposal memory) { return _proposals[id]; }
Party.sol	FHR	463	COMPILATION FAILURE	function openProposalsOf(address who) external view returns (uint256[] memory) { return _openIds[who]; }	function openProposalsOf(address who) external pure returns (uint256[] memory) { return _openIds[who]; }
Party.sol	FHR	463	COMPILATION FAILURE	function openProposalsOf(address who) external view returns (uint256[] memory) { return _openIds[who]; }	function openProposalsOf(address who) internal view returns (uint256[] memory) { return _openIds[who]; }
Party.sol	FHR	463	COMPILATION FAILURE	function openProposalsOf(address who) external view returns (uint256[] memory) { return _openIds[who]; }	function openProposalsOf(address who) private view returns (uint256[] memory) { return _openIds[who]; }
Party.sol	LOR	168	CAUGHT	p.minDeposit == 0 || p.minDeposit > SLOTS	p.minDeposit == 0  &&  p.minDeposit > SLOTS
Party.sol	LOR	169	CAUGHT	p.durationDays == 0 || p.durationDays > 60	p.durationDays == 0  &&  p.durationDays > 60
Party.sol	LOR	172	CAUGHT	p.defaultPrice.mode != PriceMode.Fixed && p.minAskWei == 0	p.defaultPrice.mode != PriceMode.Fixed  ||  p.minAskWei == 0
Party.sol	LOR	174	CAUGHT	bytes(p.name).length == 0 || bytes(p.name).length > 60	bytes(p.name).length == 0  &&  bytes(p.name).length > 60
Party.sol	LOR	209	CAUGHT	msg.sender != address(factory) || _opened || from != host	msg.sender != address(factory)  &&  _opened 
Party.sol	LOR	224	CAUGHT	ids.length < min || ids.length > remaining || ids.length == 0	ids.length < min  &&  ids.length > remaining 
Party.sol	LOR	225	CAUGHT	_params.eligibleRoot != bytes32(0) && proofs.length != ids.length	_params.eligibleRoot != bytes32(0)  ||  proofs.length != ids.length
Party.sol	LOR	262	CAUGHT	s != Status.OPEN && s != Status.EXPIRED	s != Status.OPEN  ||  s != Status.EXPIRED
Party.sol	LOR	263	CAUGHT	cards.partyOf(cardId) != address(this) || cards.ownerOf(cardId) != holder	cards.partyOf(cardId) != address(this)  &&  cards.ownerOf(cardId) != holder
Party.sol	LOR	333	CAUGHT	!_assembling || msg.sender != address(factory.statement())	!_assembling  &&  msg.sender != address(factory.statement())
Party.sol	LOR	342	CAUGHT	cancel ? s != Status.ASSEMBLED : (s != Status.FULL && s != Status.ASSEMBLED)	cancel ? s != Status.ASSEMBLED : (s != Status.FULL  ||  s != Status.ASSEMBLED)
Party.sol	LOR	343	CAUGHT	cancel && ask == 0	cancel  ||  ask == 0
Party.sol	LOR	348	CAUGHT	!cancel && buyDelayHours > MAX_BUY_DELAY_HOURS	!cancel  ||  buyDelayHours > MAX_BUY_DELAY_HOURS
Party.sol	LOR	386	CAUGHT	uint256 need = (!p.cancel && price < floorWei) ? PASS_BELOW_FLOOR : PASS	uint256 need = (!p.cancel  ||  price < floorWei) ? PASS_BELOW_FLOOR : PASS
Party.sol	LOR	387	CAUGHT	p.deadlock && need < PASS_DEADLOCK	p.deadlock  ||  need < PASS_DEADLOCK
Party.sol	LOR	399	CAUGHT	p.cancel ? s != Status.ASSEMBLED : (s != Status.FULL && s != Status.ASSEMBLED)	p.cancel ? s != Status.ASSEMBLED : (s != Status.FULL  ||  s != Status.ASSEMBLED)
Party.sol	LOR	404	CAUGHT	p.price.mode == PriceMode.Fixed && floor.sig.length == 0	p.price.mode == PriceMode.Fixed  ||  floor.sig.length == 0
Party.sol	LOR	414	CAUGHT	p.yes < need || (p.no > 0 && !p.deadlock)	p.yes < need  &&  (p.no > 0 && !p.deadlock)
Party.sol	LOR	414	CAUGHT	p.yes < need || (p.no > 0 && !p.deadlock)	p.yes < need || (p.no > 0  ||  !p.deadlock)
Party.sol	LOR	443	CAUGHT	blockedCounted[id] || p.cancel || p.executed || block.timestamp < p.endsAt || p.no == 0 || p.deadlock || p.yes < PASS || p.epoch != priceEpoch	blockedCounted[id]  &&  p.cancel 
Party.sol	LOR	452	CAUGHT	return since != type(uint64).max && block.timestamp > since + _t(DEADLOCK_TIME)	return since != type(uint64).max  ||  block.timestamp > since + _t(DEADLOCK_TIME)
Party.sol	LOR	467	CAUGHT	status() != Status.ASSEMBLED || ask == 0 || askSpec.mode == PriceMode.Fixed	status() != Status.ASSEMBLED  &&  ask == 0 
Party.sol	LOR	478	CAUGHT	status() != Status.ASSEMBLED || ask == 0	status() != Status.ASSEMBLED  &&  ask == 0
Party.sol	LOR	481	CAUGHT	price > maxPrice || msg.value < price	price > maxPrice  &&  msg.value < price
Party.sol	LOR	509	CAUGHT	cards.partyOf(c) != address(this) || cards.ownerOf(c) != msg.sender	cards.partyOf(c) != address(this)  &&  cards.ownerOf(c) != msg.sender
Party.sol	LOR	548	CAUGHT	msg.sender != host || to == address(0)	msg.sender != host  &&  to == address(0)
Party.sol	LOR	556	CAUGHT	p.mode == PriceMode.Fixed && (p.value <= 0 || p.value > 1e24)	p.mode == PriceMode.Fixed  ||  (p.value <= 0 || p.value > 1e24)
Party.sol	LOR	556	CAUGHT	p.mode == PriceMode.Fixed && (p.value <= 0 || p.value > 1e24)	p.mode == PriceMode.Fixed && (p.value <= 0  &&  p.value > 1e24)
Party.sol	LOR	557	CAUGHT	p.mode == PriceMode.FloorPct && (p.value <= -10_000 || p.value > 1_000_000)	p.mode == PriceMode.FloorPct  ||  (p.value <= -10_000 || p.value > 1_000_000)
Party.sol	LOR	557	CAUGHT	p.mode == PriceMode.FloorPct && (p.value <= -10_000 || p.value > 1_000_000)	p.mode == PriceMode.FloorPct && (p.value <= -10_000  &&  p.value > 1_000_000)
Party.sol	LOR	558	CAUGHT	p.mode == PriceMode.FloorDelta && (p.value < -1e24 || p.value > 1e24)	p.mode == PriceMode.FloorDelta  ||  (p.value < -1e24 || p.value > 1e24)
Party.sol	LOR	558	CAUGHT	p.mode == PriceMode.FloorDelta && (p.value < -1e24 || p.value > 1e24)	p.mode == PriceMode.FloorDelta && (p.value < -1e24  &&  p.value > 1e24)
Party.sol	LOR	562	CAUGHT	f.issuedAt > block.timestamp || block.timestamp - f.issuedAt > FLOOR_MAX_AGE	f.issuedAt > block.timestamp  &&  block.timestamp - f.issuedAt > FLOOR_MAX_AGE
Party.sol	LOR	594	CAUGHT	return h == 24 || h == 48 || h == 72 || h == 168	return h == 24  &&  h == 48 
Party.sol	LOR	600	CAUGHT	!ok || r.length < 64	!ok  &&  r.length < 64
Party.sol	LOR	602	CAUGHT	a == 0 || a >> 160 != 0	a == 0  &&  a >> 160 != 0
Party.sol	MIA	167	CAUGHT	host_ == address(0)	!(host_ == address(0))
Party.sol	MIA	167	UNCAUGHT	host_ == address(0)	false
Party.sol	MIA	167	CAUGHT	host_ == address(0)	true
Party.sol	MIA	168	CAUGHT	p.minDeposit == 0 || p.minDeposit > SLOTS	!(p.minDeposit == 0 || p.minDeposit > SLOTS)
Party.sol	MIA	168	CAUGHT	p.minDeposit == 0 || p.minDeposit > SLOTS	false
Party.sol	MIA	168	CAUGHT	p.minDeposit == 0 || p.minDeposit > SLOTS	true
Party.sol	MIA	169	CAUGHT	p.durationDays == 0 || p.durationDays > 60	!(p.durationDays == 0 || p.durationDays > 60)
Party.sol	MIA	169	CAUGHT	p.durationDays == 0 || p.durationDays > 60	false
Party.sol	MIA	169	CAUGHT	p.durationDays == 0 || p.durationDays > 60	true
Party.sol	MIA	170	CAUGHT	!_windowOk(p.voteHours)	false
Party.sol	MIA	170	CAUGHT	!_windowOk(p.voteHours)	true
Party.sol	MIA	172	CAUGHT	p.defaultPrice.mode != PriceMode.Fixed && p.minAskWei == 0	!(p.defaultPrice.mode != PriceMode.Fixed && p.minAskWei == 0)
Party.sol	MIA	172	CAUGHT	p.defaultPrice.mode != PriceMode.Fixed && p.minAskWei == 0	false
Party.sol	MIA	172	CAUGHT	p.defaultPrice.mode != PriceMode.Fixed && p.minAskWei == 0	true
Party.sol	MIA	173	CAUGHT	p.buyDelayHours > MAX_BUY_DELAY_HOURS	!(p.buyDelayHours > MAX_BUY_DELAY_HOURS)
Party.sol	MIA	173	CAUGHT	p.buyDelayHours > MAX_BUY_DELAY_HOURS	false
Party.sol	MIA	173	CAUGHT	p.buyDelayHours > MAX_BUY_DELAY_HOURS	true
Party.sol	MIA	174	CAUGHT	bytes(p.name).length == 0 || bytes(p.name).length > 60	!(bytes(p.name).length == 0 || bytes(p.name).length > 60)
Party.sol	MIA	174	CAUGHT	bytes(p.name).length == 0 || bytes(p.name).length > 60	false
Party.sol	MIA	174	CAUGHT	bytes(p.name).length == 0 || bytes(p.name).length > 60	true
Party.sol	MIA	175	CAUGHT	bytes(p.description).length > 1000	!(bytes(p.description).length > 1000)
Party.sol	MIA	175	CAUGHT	bytes(p.description).length > 1000	false
Party.sol	MIA	175	CAUGHT	bytes(p.description).length > 1000	true
Party.sol	MIA	192	CAUGHT	sold	!(sold)
Party.sol	MIA	192	CAUGHT	sold	false
Party.sol	MIA	192	CAUGHT	sold	true
Party.sol	MIA	193	CAUGHT	assembled	!(assembled)
Party.sol	MIA	193	CAUGHT	assembled	false
Party.sol	MIA	193	CAUGHT	assembled	true
Party.sol	MIA	194	CAUGHT	block.timestamp > deadline	!(block.timestamp > deadline)
Party.sol	MIA	194	CAUGHT	block.timestamp > deadline	false
Party.sol	MIA	194	CAUGHT	block.timestamp > deadline	true
Party.sol	MIA	195	COMPILATION FAILURE	return _order.length == SLOTS ? Status.FULL : Status.OPEN	!(return _order.length == SLOTS ? Status.FULL : Status.OPEN)
Party.sol	MIA	195	CAUGHT	return _order.length == SLOTS ? Status.FULL : Status.OPEN	false
Party.sol	MIA	195	CAUGHT	return _order.length == SLOTS ? Status.FULL : Status.OPEN	true
Party.sol	MIA	200	COMPILATION FAILURE	st = s == Status.OPEN ? "FILLING" : s == Status.FULL ? "FULL" : s == Status.ASSEMBLED ? "STATEMENT MADE" : s == Status.SOLD ? "SOLD / CLAIMABLE" : "EXPIRED / REDEEMABLE"	!(st = s == Status.OPEN ? "FILLING" : s == Status.FULL ? "FULL" : s == Status.ASSEMBLED ? "STATEMENT MADE" : s == Status.SOLD ? "SOLD / CLAIMABLE" : "EXPIRED / REDEEMABLE")
Party.sol	MIA	200	CAUGHT	st = s == Status.OPEN ? "FILLING" : s == Status.FULL ? "FULL" : s == Status.ASSEMBLED ? "STATEMENT MADE" : s == Status.SOLD ? "SOLD / CLAIMABLE" : "EXPIRED / REDEEMABLE"	false
Party.sol	MIA	200	CAUGHT	st = s == Status.OPEN ? "FILLING" : s == Status.FULL ? "FULL" : s == Status.ASSEMBLED ? "STATEMENT MADE" : s == Status.SOLD ? "SOLD / CLAIMABLE" : "EXPIRED / REDEEMABLE"	true
Party.sol	MIA	209	CAUGHT	msg.sender != address(factory) || _opened || from != host	!(msg.sender != address(factory) || _opened || from != host)
Party.sol	MIA	209	CAUGHT	msg.sender != address(factory) || _opened || from != host	false
Party.sol	MIA	209	CAUGHT	msg.sender != address(factory) || _opened || from != host	true
Party.sol	MIA	216	CAUGHT	!_opened	false
Party.sol	MIA	216	CAUGHT	!_opened	true
Party.sol	MIA	221	CAUGHT	status() != Status.OPEN	!(status() != Status.OPEN)
Party.sol	MIA	221	CAUGHT	status() != Status.OPEN	false
Party.sol	MIA	221	CAUGHT	status() != Status.OPEN	true
Party.sol	MIA	223	COMPILATION FAILURE	uint256 min = _params.minDeposit < remaining ? _params.minDeposit : remaining	!(uint256 min = _params.minDeposit < remaining ? _params.minDeposit : remaining)
Party.sol	MIA	223	CAUGHT	uint256 min = _params.minDeposit < remaining ? _params.minDeposit : remaining	false
Party.sol	MIA	223	CAUGHT	uint256 min = _params.minDeposit < remaining ? _params.minDeposit : remaining	true
Party.sol	MIA	224	CAUGHT	ids.length < min || ids.length > remaining || ids.length == 0	!(ids.length < min || ids.length > remaining || ids.length == 0)
Party.sol	MIA	224	CAUGHT	ids.length < min || ids.length > remaining || ids.length == 0	false
Party.sol	MIA	224	CAUGHT	ids.length < min || ids.length > remaining || ids.length == 0	true
Party.sol	MIA	225	CAUGHT	_params.eligibleRoot != bytes32(0) && proofs.length != ids.length	!(_params.eligibleRoot != bytes32(0) && proofs.length != ids.length)
Party.sol	MIA	225	CAUGHT	_params.eligibleRoot != bytes32(0) && proofs.length != ids.length	false
Party.sol	MIA	225	CAUGHT	_params.eligibleRoot != bytes32(0) && proofs.length != ids.length	true
Party.sol	MIA	228	CAUGHT	cardOfCredit[id] != 0	!(cardOfCredit[id] != 0)
Party.sol	MIA	228	CAUGHT	cardOfCredit[id] != 0	false
Party.sol	MIA	228	CAUGHT	cardOfCredit[id] != 0	true
Party.sol	MIA	229	CAUGHT	_params.eligibleRoot != bytes32(0)	!(_params.eligibleRoot != bytes32(0))
Party.sol	MIA	229	CAUGHT	_params.eligibleRoot != bytes32(0)	false
Party.sol	MIA	229	CAUGHT	_params.eligibleRoot != bytes32(0)	true
Party.sol	MIA	231	CAUGHT	!MerkleProof.verifyCalldata(proofs[i], _params.eligibleRoot, leaf)	false
Party.sol	MIA	231	CAUGHT	!MerkleProof.verifyCalldata(proofs[i], _params.eligibleRoot, leaf)	true
Party.sol	MIA	234	CAUGHT	credits.ownerOf(id) != address(this)	!(credits.ownerOf(id) != address(this))
Party.sol	MIA	234	UNCAUGHT	credits.ownerOf(id) != address(this)	false
Party.sol	MIA	234	CAUGHT	credits.ownerOf(id) != address(this)	true
Party.sol	MIA	242	CAUGHT	_order.length == SLOTS	!(_order.length == SLOTS)
Party.sol	MIA	242	CAUGHT	_order.length == SLOTS	false
Party.sol	MIA	242	CAUGHT	_order.length == SLOTS	true
Party.sol	MIA	245	CAUGHT	deadline < grace	!(deadline < grace)
Party.sol	MIA	245	CAUGHT	deadline < grace	false
Party.sol	MIA	245	CAUGHT	deadline < grace	true
Party.sol	MIA	256	CAUGHT	status() != Status.EXPIRED	!(status() != Status.EXPIRED)
Party.sol	MIA	256	CAUGHT	status() != Status.EXPIRED	false
Party.sol	MIA	256	CAUGHT	status() != Status.EXPIRED	true
Party.sol	MIA	262	CAUGHT	s != Status.OPEN && s != Status.EXPIRED	!(s != Status.OPEN && s != Status.EXPIRED)
Party.sol	MIA	262	CAUGHT	s != Status.OPEN && s != Status.EXPIRED	false
Party.sol	MIA	262	CAUGHT	s != Status.OPEN && s != Status.EXPIRED	true
Party.sol	MIA	263	CAUGHT	cards.partyOf(cardId) != address(this) || cards.ownerOf(cardId) != holder	!(cards.partyOf(cardId) != address(this) || cards.ownerOf(cardId) != holder)
Party.sol	MIA	263	CAUGHT	cards.partyOf(cardId) != address(this) || cards.ownerOf(cardId) != holder	false
Party.sol	MIA	263	CAUGHT	cards.partyOf(cardId) != address(this) || cards.ownerOf(cardId) != holder	true
Party.sol	MIA	277	CAUGHT	_order[i] == id	!(_order[i] == id)
Party.sol	MIA	277	CAUGHT	_order[i] == id	false
Party.sol	MIA	277	CAUGHT	_order[i] == id	true
Party.sol	MIA	291	CAUGHT	status() != Status.FULL	!(status() != Status.FULL)
Party.sol	MIA	291	CAUGHT	status() != Status.FULL	false
Party.sol	MIA	291	CAUGHT	status() != Status.FULL	true
Party.sol	MIA	293	CAUGHT	p == CreditKeys.Preset.Manual	!(p == CreditKeys.Preset.Manual)
Party.sol	MIA	293	CAUGHT	p == CreditKeys.Preset.Manual	false
Party.sol	MIA	293	CAUGHT	p == CreditKeys.Preset.Manual	true
Party.sol	MIA	294	CAUGHT	msg.sender != host	!(msg.sender != host)
Party.sol	MIA	294	CAUGHT	msg.sender != host	false
Party.sol	MIA	294	CAUGHT	msg.sender != host	true
Party.sol	MIA	295	CAUGHT	cards.heldNow(address(this), msg.sender) == 0	!(cards.heldNow(address(this), msg.sender) == 0)
Party.sol	MIA	295	CAUGHT	cards.heldNow(address(this), msg.sender) == 0	false
Party.sol	MIA	295	CAUGHT	cards.heldNow(address(this), msg.sender) == 0	true
Party.sol	MIA	301	COMPILATION FAILURE	PriceSpec memory spec = hasPendingPrice ? pendingPrice : _params.defaultPrice	!(PriceSpec memory spec = hasPendingPrice ? pendingPrice : _params.defaultPrice)
Party.sol	MIA	301	CAUGHT	PriceSpec memory spec = hasPendingPrice ? pendingPrice : _params.defaultPrice	false
Party.sol	MIA	301	CAUGHT	PriceSpec memory spec = hasPendingPrice ? pendingPrice : _params.defaultPrice	true
Party.sol	MIA	311	COMPILATION FAILURE	buyableAt = uint64(block.timestamp + _t(uint256(hasPendingPrice ? _pendingBuyDelay : _params.buyDelayHours) * 1 hours))	!(buyableAt = uint64(block.timestamp + _t(uint256(hasPendingPrice ? _pendingBuyDelay : _params.buyDelayHours) * 1 hours)))
Party.sol	MIA	311	CAUGHT	buyableAt = uint64(block.timestamp + _t(uint256(hasPendingPrice ? _pendingBuyDelay : _params.buyDelayHours) * 1 hours))	false
Party.sol	MIA	311	CAUGHT	buyableAt = uint64(block.timestamp + _t(uint256(hasPendingPrice ? _pendingBuyDelay : _params.buyDelayHours) * 1 hours))	true
Party.sol	MIA	333	CAUGHT	!_assembling || msg.sender != address(factory.statement())	!(!_assembling || msg.sender != address(factory.statement()))
Party.sol	MIA	333	CAUGHT	!_assembling || msg.sender != address(factory.statement())	false
Party.sol	MIA	333	CAUGHT	!_assembling || msg.sender != address(factory.statement())	true
Party.sol	MIA	342	CAUGHT	cancel ? s != Status.ASSEMBLED : (s != Status.FULL && s != Status.ASSEMBLED)	!(cancel ? s != Status.ASSEMBLED : (s != Status.FULL && s != Status.ASSEMBLED))
Party.sol	MIA	342	CAUGHT	cancel ? s != Status.ASSEMBLED : (s != Status.FULL && s != Status.ASSEMBLED)	false
Party.sol	MIA	342	CAUGHT	cancel ? s != Status.ASSEMBLED : (s != Status.FULL && s != Status.ASSEMBLED)	true
Party.sol	MIA	343	CAUGHT	cancel && ask == 0	!(cancel && ask == 0)
Party.sol	MIA	343	CAUGHT	cancel && ask == 0	false
Party.sol	MIA	343	CAUGHT	cancel && ask == 0	true
Party.sol	MIA	344	CAUGHT	cards.heldNow(address(this), msg.sender) == 0	!(cards.heldNow(address(this), msg.sender) == 0)
Party.sol	MIA	344	CAUGHT	cards.heldNow(address(this), msg.sender) == 0	false
Party.sol	MIA	344	CAUGHT	cards.heldNow(address(this), msg.sender) == 0	true
Party.sol	MIA	346	CAUGHT	_openIds[msg.sender].length >= MAX_OPEN_PER_PROPOSER	!(_openIds[msg.sender].length >= MAX_OPEN_PER_PROPOSER)
Party.sol	MIA	346	CAUGHT	_openIds[msg.sender].length >= MAX_OPEN_PER_PROPOSER	false
Party.sol	MIA	346	CAUGHT	_openIds[msg.sender].length >= MAX_OPEN_PER_PROPOSER	true
Party.sol	MIA	347	CAUGHT	!cancel	false
Party.sol	MIA	347	CAUGHT	!cancel	true
Party.sol	MIA	348	CAUGHT	!cancel && buyDelayHours > MAX_BUY_DELAY_HOURS	!(!cancel && buyDelayHours > MAX_BUY_DELAY_HOURS)
Party.sol	MIA	348	CAUGHT	!cancel && buyDelayHours > MAX_BUY_DELAY_HOURS	false
Party.sol	MIA	348	CAUGHT	!cancel && buyDelayHours > MAX_BUY_DELAY_HOURS	true
Party.sol	MIA	349	COMPILATION FAILURE	uint16 h = cancel ? 24 : (hours_ == 0 ? _params.voteHours : hours_)	!(uint16 h = cancel ? 24 : (hours_ == 0 ? _params.voteHours : hours_))
Party.sol	MIA	349	CAUGHT	uint16 h = cancel ? 24 : (hours_ == 0 ? _params.voteHours : hours_)	false
Party.sol	MIA	349	CAUGHT	uint16 h = cancel ? 24 : (hours_ == 0 ? _params.voteHours : hours_)	true
Party.sol	MIA	350	CAUGHT	!_windowOk(h)	false
Party.sol	MIA	350	CAUGHT	!_windowOk(h)	true
Party.sol	MIA	369	CAUGHT	block.timestamp >= p.endsAt	!(block.timestamp >= p.endsAt)
Party.sol	MIA	369	CAUGHT	block.timestamp >= p.endsAt	false
Party.sol	MIA	369	CAUGHT	block.timestamp >= p.endsAt	true
Party.sol	MIA	371	CAUGHT	w == 0	!(w == 0)
Party.sol	MIA	371	CAUGHT	w == 0	false
Party.sol	MIA	371	UNCAUGHT	w == 0	true
Party.sol	MIA	373	CAUGHT	w == 0	!(w == 0)
Party.sol	MIA	373	CAUGHT	w == 0	false
Party.sol	MIA	373	CAUGHT	w == 0	true
Party.sol	MIA	377	CAUGHT	prev == 1	!(prev == 1)
Party.sol	MIA	377	CAUGHT	prev == 1	false
Party.sol	MIA	377	CAUGHT	prev == 1	true
Party.sol	MIA	377	CAUGHT	prev == 2	!(prev == 2)
Party.sol	MIA	377	CAUGHT	prev == 2	false
Party.sol	MIA	377	CAUGHT	prev == 2	true
Party.sol	MIA	378	CAUGHT	support	!(support)
Party.sol	MIA	378	CAUGHT	support	false
Party.sol	MIA	378	CAUGHT	support	true
Party.sol	MIA	379	COMPILATION FAILURE	voteOf[id][voter] = support ? 1 : 2	!(voteOf[id][voter] = support ? 1 : 2)
Party.sol	MIA	379	CAUGHT	voteOf[id][voter] = support ? 1 : 2	false
Party.sol	MIA	379	CAUGHT	voteOf[id][voter] = support ? 1 : 2	true
Party.sol	MIA	386	COMPILATION FAILURE	uint256 need = (!p.cancel && price < floorWei) ? PASS_BELOW_FLOOR : PASS	!(uint256 need = (!p.cancel && price < floorWei) ? PASS_BELOW_FLOOR : PASS)
Party.sol	MIA	386	CAUGHT	uint256 need = (!p.cancel && price < floorWei) ? PASS_BELOW_FLOOR : PASS	false
Party.sol	MIA	386	CAUGHT	uint256 need = (!p.cancel && price < floorWei) ? PASS_BELOW_FLOOR : PASS	true
Party.sol	MIA	387	CAUGHT	p.deadlock && need < PASS_DEADLOCK	!(p.deadlock && need < PASS_DEADLOCK)
Party.sol	MIA	387	CAUGHT	p.deadlock && need < PASS_DEADLOCK	false
Party.sol	MIA	387	CAUGHT	p.deadlock && need < PASS_DEADLOCK	true
Party.sol	MIA	394	CAUGHT	p.executed	!(p.executed)
Party.sol	MIA	394	CAUGHT	p.executed	false
Party.sol	MIA	394	CAUGHT	p.executed	true
Party.sol	MIA	395	CAUGHT	block.timestamp < p.endsAt	!(block.timestamp < p.endsAt)
Party.sol	MIA	395	CAUGHT	block.timestamp < p.endsAt	false
Party.sol	MIA	395	CAUGHT	block.timestamp < p.endsAt	true
Party.sol	MIA	396	CAUGHT	block.timestamp > uint256(p.endsAt) + _t(EXECUTE_WINDOW)	!(block.timestamp > uint256(p.endsAt) + _t(EXECUTE_WINDOW))
Party.sol	MIA	396	CAUGHT	block.timestamp > uint256(p.endsAt) + _t(EXECUTE_WINDOW)	false
Party.sol	MIA	396	CAUGHT	block.timestamp > uint256(p.endsAt) + _t(EXECUTE_WINDOW)	true
Party.sol	MIA	397	CAUGHT	p.epoch != priceEpoch	!(p.epoch != priceEpoch)
Party.sol	MIA	397	CAUGHT	p.epoch != priceEpoch	false
Party.sol	MIA	397	CAUGHT	p.epoch != priceEpoch	true
Party.sol	MIA	398	CAUGHT	cards.heldNow(address(this), msg.sender) == 0	!(cards.heldNow(address(this), msg.sender) == 0)
Party.sol	MIA	398	CAUGHT	cards.heldNow(address(this), msg.sender) == 0	false
Party.sol	MIA	398	CAUGHT	cards.heldNow(address(this), msg.sender) == 0	true
Party.sol	MIA	399	CAUGHT	p.cancel ? s != Status.ASSEMBLED : (s != Status.FULL && s != Status.ASSEMBLED)	!(p.cancel ? s != Status.ASSEMBLED : (s != Status.FULL && s != Status.ASSEMBLED))
Party.sol	MIA	399	UNCAUGHT	p.cancel ? s != Status.ASSEMBLED : (s != Status.FULL && s != Status.ASSEMBLED)	false
Party.sol	MIA	399	CAUGHT	p.cancel ? s != Status.ASSEMBLED : (s != Status.FULL && s != Status.ASSEMBLED)	true
Party.sol	MIA	403	CAUGHT	!p.cancel	false
Party.sol	MIA	403	UNCAUGHT	!p.cancel	true
Party.sol	MIA	404	CAUGHT	p.price.mode == PriceMode.Fixed && floor.sig.length == 0	!(p.price.mode == PriceMode.Fixed && floor.sig.length == 0)
Party.sol	MIA	404	CAUGHT	p.price.mode == PriceMode.Fixed && floor.sig.length == 0	false
Party.sol	MIA	404	CAUGHT	p.price.mode == PriceMode.Fixed && floor.sig.length == 0	true
Party.sol	MIA	410	COMPILATION FAILURE	price = p.price.mode == PriceMode.Fixed ? uint256(p.price.value) : _clampMin(_resolveWith(p.price, floorWei))	!(price = p.price.mode == PriceMode.Fixed ? uint256(p.price.value) : _clampMin(_resolveWith(p.price, floorWei)))
Party.sol	MIA	410	UNCAUGHT	price = p.price.mode == PriceMode.Fixed ? uint256(p.price.value) : _clampMin(_resolveWith(p.price, floorWei))	false
Party.sol	MIA	410	CAUGHT	price = p.price.mode == PriceMode.Fixed ? uint256(p.price.value) : _clampMin(_resolveWith(p.price, floorWei))	true
Party.sol	MIA	414	CAUGHT	p.yes < need || (p.no > 0 && !p.deadlock)	!(p.yes < need || (p.no > 0 && !p.deadlock))
Party.sol	MIA	414	CAUGHT	p.yes < need || (p.no > 0 && !p.deadlock)	false
Party.sol	MIA	414	CAUGHT	p.yes < need || (p.no > 0 && !p.deadlock)	true
Party.sol	MIA	420	CAUGHT	p.cancel	!(p.cancel)
Party.sol	MIA	420	CAUGHT	p.cancel	false
Party.sol	MIA	420	CAUGHT	p.cancel	true
Party.sol	MIA	423	CAUGHT	s == Status.FULL	!(s == Status.FULL)
Party.sol	MIA	423	CAUGHT	s == Status.FULL	false
Party.sol	MIA	423	CAUGHT	s == Status.FULL	true
Party.sol	MIA	443	CAUGHT	blockedCounted[id] || p.cancel || p.executed || block.timestamp < p.endsAt || p.no == 0 || p.deadlock || p.yes < PASS || p.epoch != priceEpoch	!(blockedCounted[id] || p.cancel || p.executed || block.timestamp < p.endsAt || p.no == 0 || p.deadlock || p.yes < PASS || p.epoch != priceEpoch)
Party.sol	MIA	443	CAUGHT	blockedCounted[id] || p.cancel || p.executed || block.timestamp < p.endsAt || p.no == 0 || p.deadlock || p.yes < PASS || p.epoch != priceEpoch	false
Party.sol	MIA	443	CAUGHT	blockedCounted[id] || p.cancel || p.executed || block.timestamp < p.endsAt || p.no == 0 || p.deadlock || p.yes < PASS || p.epoch != priceEpoch	true
Party.sol	MIA	450	CAUGHT	blockedPriceProposals >= DEADLOCK_BLOCKS	!(blockedPriceProposals >= DEADLOCK_BLOCKS)
Party.sol	MIA	450	CAUGHT	blockedPriceProposals >= DEADLOCK_BLOCKS	false
Party.sol	MIA	450	CAUGHT	blockedPriceProposals >= DEADLOCK_BLOCKS	true
Party.sol	MIA	451	COMPILATION FAILURE	uint256 since = lastPriceExecutedAt != 0 ? lastPriceExecutedAt : (assembledAt != 0 ? assembledAt : (fullAt != 0 ? fullAt : type(uint64).max))	!(uint256 since = lastPriceExecutedAt != 0 ? lastPriceExecutedAt : (assembledAt != 0 ? assembledAt : (fullAt != 0 ? fullAt : type(uint64).max)))
Party.sol	MIA	451	CAUGHT	uint256 since = lastPriceExecutedAt != 0 ? lastPriceExecutedAt : (assembledAt != 0 ? assembledAt : (fullAt != 0 ? fullAt : type(uint64).max))	false
Party.sol	MIA	451	CAUGHT	uint256 since = lastPriceExecutedAt != 0 ? lastPriceExecutedAt : (assembledAt != 0 ? assembledAt : (fullAt != 0 ? fullAt : type(uint64).max))	true
Party.sol	MIA	459	CAUGHT	block.timestamp >= _proposals[ids[k - 1]].endsAt	!(block.timestamp >= _proposals[ids[k - 1]].endsAt)
Party.sol	MIA	459	CAUGHT	block.timestamp >= _proposals[ids[k - 1]].endsAt	false
Party.sol	MIA	459	CAUGHT	block.timestamp >= _proposals[ids[k - 1]].endsAt	true
Party.sol	MIA	467	CAUGHT	status() != Status.ASSEMBLED || ask == 0 || askSpec.mode == PriceMode.Fixed	!(status() != Status.ASSEMBLED || ask == 0 || askSpec.mode == PriceMode.Fixed)
Party.sol	MIA	467	CAUGHT	status() != Status.ASSEMBLED || ask == 0 || askSpec.mode == PriceMode.Fixed	false
Party.sol	MIA	467	CAUGHT	status() != Status.ASSEMBLED || ask == 0 || askSpec.mode == PriceMode.Fixed	true
Party.sol	MIA	469	CAUGHT	next <= ask	!(next <= ask)
Party.sol	MIA	469	CAUGHT	next <= ask	false
Party.sol	MIA	469	CAUGHT	next <= ask	true
Party.sol	MIA	478	CAUGHT	status() != Status.ASSEMBLED || ask == 0	!(status() != Status.ASSEMBLED || ask == 0)
Party.sol	MIA	478	CAUGHT	status() != Status.ASSEMBLED || ask == 0	false
Party.sol	MIA	478	CAUGHT	status() != Status.ASSEMBLED || ask == 0	true
Party.sol	MIA	479	CAUGHT	block.timestamp < buyableAt	!(block.timestamp < buyableAt)
Party.sol	MIA	479	CAUGHT	block.timestamp < buyableAt	false
Party.sol	MIA	479	CAUGHT	block.timestamp < buyableAt	true
Party.sol	MIA	481	CAUGHT	price > maxPrice || msg.value < price	!(price > maxPrice || msg.value < price)
Party.sol	MIA	481	CAUGHT	price > maxPrice || msg.value < price	false
Party.sol	MIA	481	CAUGHT	price > maxPrice || msg.value < price	true
Party.sol	MIA	492	CAUGHT	royalty > 0	!(royalty > 0)
Party.sol	MIA	492	CAUGHT	royalty > 0	false
Party.sol	MIA	492	UNCAUGHT	royalty > 0	true
Party.sol	MIA	496	CAUGHT	msg.value > price	!(msg.value > price)
Party.sol	MIA	496	CAUGHT	msg.value > price	false
Party.sol	MIA	496	CAUGHT	msg.value > price	true
Party.sol	MIA	498	CAUGHT	!ok	false
Party.sol	MIA	498	CAUGHT	!ok	true
Party.sol	MIA	505	CAUGHT	!sold	false
Party.sol	MIA	505	CAUGHT	!sold	true
Party.sol	MIA	509	CAUGHT	cards.partyOf(c) != address(this) || cards.ownerOf(c) != msg.sender	!(cards.partyOf(c) != address(this) || cards.ownerOf(c) != msg.sender)
Party.sol	MIA	509	CAUGHT	cards.partyOf(c) != address(this) || cards.ownerOf(c) != msg.sender	false
Party.sol	MIA	509	CAUGHT	cards.partyOf(c) != address(this) || cards.ownerOf(c) != msg.sender	true
Party.sol	MIA	517	CAUGHT	!ok	false
Party.sol	MIA	517	CAUGHT	!ok	true
Party.sol	MIA	523	CAUGHT	!sold	false
Party.sol	MIA	523	CAUGHT	!sold	true
Party.sol	MIA	526	CAUGHT	cards.partyOf(c) != address(this)	!(cards.partyOf(c) != address(this))
Party.sol	MIA	526	CAUGHT	cards.partyOf(c) != address(this)	false
Party.sol	MIA	526	CAUGHT	cards.partyOf(c) != address(this)	true
Party.sol	MIA	533	CAUGHT	!ok	false
Party.sol	MIA	533	UNCAUGHT	!ok	true
Party.sol	MIA	540	CAUGHT	amt == 0	!(amt == 0)
Party.sol	MIA	540	CAUGHT	amt == 0	false
Party.sol	MIA	540	CAUGHT	amt == 0	true
Party.sol	MIA	543	CAUGHT	!ok	false
Party.sol	MIA	543	CAUGHT	!ok	true
Party.sol	MIA	548	CAUGHT	msg.sender != host || to == address(0)	!(msg.sender != host || to == address(0))
Party.sol	MIA	548	CAUGHT	msg.sender != host || to == address(0)	false
Party.sol	MIA	548	CAUGHT	msg.sender != host || to == address(0)	true
Party.sol	MIA	556	CAUGHT	p.mode == PriceMode.Fixed && (p.value <= 0 || p.value > 1e24)	!(p.mode == PriceMode.Fixed && (p.value <= 0 || p.value > 1e24))
Party.sol	MIA	556	CAUGHT	p.mode == PriceMode.Fixed && (p.value <= 0 || p.value > 1e24)	false
Party.sol	MIA	556	CAUGHT	p.mode == PriceMode.Fixed && (p.value <= 0 || p.value > 1e24)	true
Party.sol	MIA	557	CAUGHT	p.mode == PriceMode.FloorPct && (p.value <= -10_000 || p.value > 1_000_000)	!(p.mode == PriceMode.FloorPct && (p.value <= -10_000 || p.value > 1_000_000))
Party.sol	MIA	557	CAUGHT	p.mode == PriceMode.FloorPct && (p.value <= -10_000 || p.value > 1_000_000)	false
Party.sol	MIA	557	CAUGHT	p.mode == PriceMode.FloorPct && (p.value <= -10_000 || p.value > 1_000_000)	true
Party.sol	MIA	558	CAUGHT	p.mode == PriceMode.FloorDelta && (p.value < -1e24 || p.value > 1e24)	!(p.mode == PriceMode.FloorDelta && (p.value < -1e24 || p.value > 1e24))
Party.sol	MIA	558	CAUGHT	p.mode == PriceMode.FloorDelta && (p.value < -1e24 || p.value > 1e24)	false
Party.sol	MIA	558	CAUGHT	p.mode == PriceMode.FloorDelta && (p.value < -1e24 || p.value > 1e24)	true
Party.sol	MIA	562	CAUGHT	f.issuedAt > block.timestamp || block.timestamp - f.issuedAt > FLOOR_MAX_AGE	!(f.issuedAt > block.timestamp || block.timestamp - f.issuedAt > FLOOR_MAX_AGE)
Party.sol	MIA	562	CAUGHT	f.issuedAt > block.timestamp || block.timestamp - f.issuedAt > FLOOR_MAX_AGE	false
Party.sol	MIA	562	CAUGHT	f.issuedAt > block.timestamp || block.timestamp - f.issuedAt > FLOOR_MAX_AGE	true
Party.sol	MIA	563	CAUGHT	f.issuedAt < lastFloorAt	!(f.issuedAt < lastFloorAt)
Party.sol	MIA	563	CAUGHT	f.issuedAt < lastFloorAt	false
Party.sol	MIA	563	CAUGHT	f.issuedAt < lastFloorAt	true
Party.sol	MIA	565	CAUGHT	!factory.isValidFloor(f.floorWei, uint8(_params.floorMode), f.issuedAt, f.sig)	false
Party.sol	MIA	565	CAUGHT	!factory.isValidFloor(f.floorWei, uint8(_params.floorMode), f.issuedAt, f.sig)	true
Party.sol	MIA	566	CAUGHT	f.floorWei == 0	!(f.floorWei == 0)
Party.sol	MIA	566	CAUGHT	f.floorWei == 0	false
Party.sol	MIA	566	CAUGHT	f.floorWei == 0	true
Party.sol	MIA	571	CAUGHT	p.mode == PriceMode.Fixed	!(p.mode == PriceMode.Fixed)
Party.sol	MIA	571	CAUGHT	p.mode == PriceMode.Fixed	false
Party.sol	MIA	571	CAUGHT	p.mode == PriceMode.Fixed	true
Party.sol	MIA	578	COMPILATION FAILURE	int256 r = p.mode == PriceMode.FloorPct ? f * (10_000 + p.value) / 10_000 : f + p.value	!(int256 r = p.mode == PriceMode.FloorPct ? f * (10_000 + p.value) / 10_000 : f + p.value)
Party.sol	MIA	578	CAUGHT	int256 r = p.mode == PriceMode.FloorPct ? f * (10_000 + p.value) / 10_000 : f + p.value	false
Party.sol	MIA	578	CAUGHT	int256 r = p.mode == PriceMode.FloorPct ? f * (10_000 + p.value) / 10_000 : f + p.value	true
Party.sol	MIA	579	CAUGHT	r <= 0	!(r <= 0)
Party.sol	MIA	579	CAUGHT	r <= 0	false
Party.sol	MIA	579	CAUGHT	r <= 0	true
Party.sol	MIA	585	COMPILATION FAILURE	return v < _params.minAskWei ? _params.minAskWei : v	!(return v < _params.minAskWei ? _params.minAskWei : v)
Party.sol	MIA	585	CAUGHT	return v < _params.minAskWei ? _params.minAskWei : v	false
Party.sol	MIA	585	CAUGHT	return v < _params.minAskWei ? _params.minAskWei : v	true
Party.sol	MIA	600	CAUGHT	!ok || r.length < 64	!(!ok || r.length < 64)
Party.sol	MIA	600	CAUGHT	!ok || r.length < 64	false
Party.sol	MIA	600	CAUGHT	!ok || r.length < 64	true
Party.sol	MIA	602	CAUGHT	a == 0 || a >> 160 != 0	!(a == 0 || a >> 160 != 0)
Party.sol	MIA	602	CAUGHT	a == 0 || a >> 160 != 0	false
Party.sol	MIA	602	CAUGHT	a == 0 || a >> 160 != 0	true
Party.sol	MIA	604	COMPILATION FAILURE	return (address(uint160(a)), v > cap ? cap : v)	!(return (address(uint160(a)), v > cap ? cap : v))
Party.sol	MIA	604	CAUGHT	return (address(uint160(a)), v > cap ? cap : v)	false
Party.sol	MIA	604	CAUGHT	return (address(uint160(a)), v > cap ? cap : v)	true
Party.sol	MVIE	199	CAUGHT	Status s = status()	Status s 
Party.sol	MVIE	222	CAUGHT	uint256 remaining = SLOTS - _order.length	uint256 remaining 
Party.sol	MVIE	223	CAUGHT	uint256 min = _params.minDeposit < remaining ? _params.minDeposit : remaining	uint256 min 
Party.sol	MVIE	227	CAUGHT	uint256 id = ids[i]	uint256 id 
Party.sol	MVIE	230	CAUGHT	bytes32 leaf = keccak256(bytes.concat(keccak256(abi.encode(id))))	bytes32 leaf 
Party.sol	MVIE	235	CAUGHT	uint256 card = cards.mint(from)	uint256 card 
Party.sol	MVIE	244	CAUGHT	uint256 grace = block.timestamp + _t(FILL_GRACE)	uint256 grace 
Party.sol	MVIE	261	CAUGHT	Status s = status()	Status s 
Party.sol	MVIE	264	CAUGHT	uint256 id = creditOfCard[cardId]	uint256 id 
Party.sol	MVIE	275	CAUGHT	uint256 n = _order.length	uint256 n 
Party.sol	MVIE	278	CAUGHT	uint256 j = i	uint256 j 
Party.sol	MVIE	292	CAUGHT	CreditKeys.Preset p = _params.arrangement	CreditKeys.Preset p 
Party.sol	MVIE	301	CAUGHT	PriceSpec memory spec = hasPendingPrice ? pendingPrice : _params.defaultPrice	PriceSpec memory spec 
Party.sol	MVIE	302	CAUGHT	uint256 price = _resolve(spec, floor)	uint256 price 
Party.sol	MVIE	315	CAUGHT	IStatement st = factory.statement()	IStatement st 
Party.sol	MVIE	318	CAUGHT	uint256 sid = st.make(order)	uint256 sid 
Party.sol	MVIE	341	CAUGHT	Status s = status()	Status s 
Party.sol	MVIE	349	CAUGHT	uint16 h = cancel ? 24 : (hours_ == 0 ? _params.voteHours : hours_)	uint16 h 
Party.sol	MVIE	352	CAUGHT	bool dl = _deadlocked()	bool dl 
Party.sol	MVIE	368	COMPILATION FAILURE	Proposal storage p = _proposals[id]	Proposal storage p 
Party.sol	MVIE	370	UNCAUGHT	uint128 w = weightOf[id][voter]	uint128 w 
Party.sol	MVIE	376	CAUGHT	uint8 prev = voteOf[id][voter]	uint8 prev 
Party.sol	MVIE	385	COMPILATION FAILURE	Proposal storage p = _proposals[id]	Proposal storage p 
Party.sol	MVIE	386	CAUGHT	uint256 need = (!p.cancel && price < floorWei) ? PASS_BELOW_FLOOR : PASS	uint256 need 
Party.sol	MVIE	392	COMPILATION FAILURE	Proposal storage p = _proposals[id]	Proposal storage p 
Party.sol	MVIE	393	CAUGHT	Status s = status()	Status s 
Party.sol	MVIE	413	CAUGHT	uint256 need = needFor(id, price, floorWei)	uint256 need 
Party.sol	MVIE	440	COMPILATION FAILURE	Proposal storage p = _proposals[id]	Proposal storage p 
Party.sol	MVIE	451	CAUGHT	uint256 since = lastPriceExecutedAt != 0 ? lastPriceExecutedAt : (assembledAt != 0 ? assembledAt : (fullAt != 0 ? fullAt : type(uint64).max))	uint256 since 
Party.sol	MVIE	457	COMPILATION FAILURE	uint256[] storage ids = _openIds[who]	uint256[] storage ids 
Party.sol	MVIE	458	CAUGHT	uint256 k = ids.length	uint256 k 
Party.sol	MVIE	468	CAUGHT	uint256 next = _resolve(askSpec, floor)	uint256 next 
Party.sol	MVIE	480	CAUGHT	uint256 price = ask	uint256 price 
Party.sol	MVIE	484	CAUGHT	uint256 fee = price * factory.FEE_BPS() / 10_000	uint256 fee 
Party.sol	MVIE	485	CAUGHT	uint256 pot = price - royalty - fee	uint256 pot 
Party.sol	MVIE	486	CAUGHT	uint256 share = pot / SLOTS	uint256 share 
Party.sol	MVIE	487	CAUGHT	uint256 dust = pot - share * SLOTS	uint256 dust 
Party.sol	MVIE	508	CAUGHT	uint256 c = cardIds[i]	uint256 c 
Party.sol	MVIE	525	CAUGHT	uint256 c = cardIds[i]	uint256 c 
Party.sol	MVIE	527	CAUGHT	address holder = cards.ownerOf(c)	address holder 
Party.sol	MVIE	539	CAUGHT	uint256 amt = owed[msg.sender]	uint256 amt 
Party.sol	MVIE	577	CAUGHT	int256 f = int256(floorWei)	int256 f 
Party.sol	MVIE	578	CAUGHT	int256 r = p.mode == PriceMode.FloorPct ? f * (10_000 + p.value) / 10_000 : f + p.value	int256 r 
Party.sol	MVIE	603	CAUGHT	uint256 cap = price * ROYALTY_CAP_BPS / 10_000	uint256 cap 
Party.sol	MWA	226	CAUGHT	i < ids.length	!(i < ids.length)
Party.sol	MWA	251	CAUGHT	i < cardIds.length	!(i < cardIds.length)
Party.sol	MWA	257	CAUGHT	i < cardIds.length	!(i < cardIds.length)
Party.sol	MWA	276	CAUGHT	i < n	!(i < n)
Party.sol	MWA	278	CAUGHT	j + 1 < n	!(j + 1 < n)
Party.sol	MWA	322	UNCAUGHT	i < SLOTS	!(i < SLOTS)
Party.sol	MWA	458	CAUGHT	k > 0	!(k > 0)
Party.sol	MWA	507	CAUGHT	i < cardIds.length	!(i < cardIds.length)
Party.sol	MWA	524	CAUGHT	i < cardIds.length	!(i < cardIds.length)
Party.sol	ROR	168	CAUGHT	p.minDeposit == 0 || p.minDeposit > SLOTS	p.minDeposit != 0 || p.minDeposit > SLOTS
Party.sol	ROR	168	CAUGHT	p.minDeposit == 0 || p.minDeposit > SLOTS	p.minDeposit < 0 || p.minDeposit > SLOTS
Party.sol	ROR	168	UNCAUGHT	p.minDeposit == 0 || p.minDeposit > SLOTS	p.minDeposit <= 0 || p.minDeposit > SLOTS
Party.sol	ROR	168	CAUGHT	p.minDeposit == 0 || p.minDeposit > SLOTS	p.minDeposit == 0 || p.minDeposit != SLOTS
Party.sol	ROR	168	CAUGHT	p.minDeposit == 0 || p.minDeposit > SLOTS	p.minDeposit == 0 || p.minDeposit < SLOTS
Party.sol	ROR	168	CAUGHT	p.minDeposit == 0 || p.minDeposit > SLOTS	p.minDeposit == 0 || p.minDeposit <= SLOTS
Party.sol	ROR	168	CAUGHT	p.minDeposit == 0 || p.minDeposit > SLOTS	p.minDeposit == 0 || p.minDeposit == SLOTS
Party.sol	ROR	168	CAUGHT	p.minDeposit == 0 || p.minDeposit > SLOTS	p.minDeposit == 0 || p.minDeposit >= SLOTS
Party.sol	ROR	168	CAUGHT	p.minDeposit == 0 || p.minDeposit > SLOTS	p.minDeposit > 0 || p.minDeposit > SLOTS
Party.sol	ROR	168	CAUGHT	p.minDeposit == 0 || p.minDeposit > SLOTS	p.minDeposit >= 0 || p.minDeposit > SLOTS
Party.sol	ROR	169	CAUGHT	p.durationDays == 0 || p.durationDays > 60	p.durationDays != 0 || p.durationDays > 60
Party.sol	ROR	169	CAUGHT	p.durationDays == 0 || p.durationDays > 60	p.durationDays < 0 || p.durationDays > 60
Party.sol	ROR	169	UNCAUGHT	p.durationDays == 0 || p.durationDays > 60	p.durationDays <= 0 || p.durationDays > 60
Party.sol	ROR	169	CAUGHT	p.durationDays == 0 || p.durationDays > 60	p.durationDays == 0 || p.durationDays != 60
Party.sol	ROR	169	CAUGHT	p.durationDays == 0 || p.durationDays > 60	p.durationDays == 0 || p.durationDays < 60
Party.sol	ROR	169	CAUGHT	p.durationDays == 0 || p.durationDays > 60	p.durationDays == 0 || p.durationDays <= 60
Party.sol	ROR	169	CAUGHT	p.durationDays == 0 || p.durationDays > 60	p.durationDays == 0 || p.durationDays == 60
Party.sol	ROR	169	CAUGHT	p.durationDays == 0 || p.durationDays > 60	p.durationDays == 0 || p.durationDays >= 60
Party.sol	ROR	169	CAUGHT	p.durationDays == 0 || p.durationDays > 60	p.durationDays > 0 || p.durationDays > 60
Party.sol	ROR	169	CAUGHT	p.durationDays == 0 || p.durationDays > 60	p.durationDays >= 0 || p.durationDays > 60
Party.sol	ROR	172	CAUGHT	p.defaultPrice.mode != PriceMode.Fixed && p.minAskWei == 0	p.defaultPrice.mode != PriceMode.Fixed && p.minAskWei != 0
Party.sol	ROR	172	CAUGHT	p.defaultPrice.mode != PriceMode.Fixed && p.minAskWei == 0	p.defaultPrice.mode != PriceMode.Fixed && p.minAskWei < 0
Party.sol	ROR	172	UNCAUGHT	p.defaultPrice.mode != PriceMode.Fixed && p.minAskWei == 0	p.defaultPrice.mode != PriceMode.Fixed && p.minAskWei <= 0
Party.sol	ROR	172	CAUGHT	p.defaultPrice.mode != PriceMode.Fixed && p.minAskWei == 0	p.defaultPrice.mode != PriceMode.Fixed && p.minAskWei > 0
Party.sol	ROR	172	CAUGHT	p.defaultPrice.mode != PriceMode.Fixed && p.minAskWei == 0	p.defaultPrice.mode != PriceMode.Fixed && p.minAskWei >= 0
Party.sol	ROR	172	CAUGHT	p.defaultPrice.mode != PriceMode.Fixed && p.minAskWei == 0	p.defaultPrice.mode < PriceMode.Fixed && p.minAskWei == 0
Party.sol	ROR	172	CAUGHT	p.defaultPrice.mode != PriceMode.Fixed && p.minAskWei == 0	p.defaultPrice.mode <= PriceMode.Fixed && p.minAskWei == 0
Party.sol	ROR	172	CAUGHT	p.defaultPrice.mode != PriceMode.Fixed && p.minAskWei == 0	p.defaultPrice.mode == PriceMode.Fixed && p.minAskWei == 0
Party.sol	ROR	172	UNCAUGHT	p.defaultPrice.mode != PriceMode.Fixed && p.minAskWei == 0	p.defaultPrice.mode > PriceMode.Fixed && p.minAskWei == 0
Party.sol	ROR	172	CAUGHT	p.defaultPrice.mode != PriceMode.Fixed && p.minAskWei == 0	p.defaultPrice.mode >= PriceMode.Fixed && p.minAskWei == 0
Party.sol	ROR	173	CAUGHT	p.buyDelayHours > MAX_BUY_DELAY_HOURS	p.buyDelayHours != MAX_BUY_DELAY_HOURS
Party.sol	ROR	173	CAUGHT	p.buyDelayHours > MAX_BUY_DELAY_HOURS	p.buyDelayHours < MAX_BUY_DELAY_HOURS
Party.sol	ROR	173	CAUGHT	p.buyDelayHours > MAX_BUY_DELAY_HOURS	p.buyDelayHours <= MAX_BUY_DELAY_HOURS
Party.sol	ROR	173	CAUGHT	p.buyDelayHours > MAX_BUY_DELAY_HOURS	p.buyDelayHours == MAX_BUY_DELAY_HOURS
Party.sol	ROR	173	CAUGHT	p.buyDelayHours > MAX_BUY_DELAY_HOURS	p.buyDelayHours >= MAX_BUY_DELAY_HOURS
Party.sol	ROR	174	CAUGHT	bytes(p.name).length == 0 || bytes(p.name).length > 60	bytes(p.name).length != 0 || bytes(p.name).length > 60
Party.sol	ROR	174	CAUGHT	bytes(p.name).length == 0 || bytes(p.name).length > 60	bytes(p.name).length < 0 || bytes(p.name).length > 60
Party.sol	ROR	174	UNCAUGHT	bytes(p.name).length == 0 || bytes(p.name).length > 60	bytes(p.name).length <= 0 || bytes(p.name).length > 60
Party.sol	ROR	174	CAUGHT	bytes(p.name).length == 0 || bytes(p.name).length > 60	bytes(p.name).length == 0 || bytes(p.name).length != 60
Party.sol	ROR	174	CAUGHT	bytes(p.name).length == 0 || bytes(p.name).length > 60	bytes(p.name).length == 0 || bytes(p.name).length < 60
Party.sol	ROR	174	CAUGHT	bytes(p.name).length == 0 || bytes(p.name).length > 60	bytes(p.name).length == 0 || bytes(p.name).length <= 60
Party.sol	ROR	174	CAUGHT	bytes(p.name).length == 0 || bytes(p.name).length > 60	bytes(p.name).length == 0 || bytes(p.name).length == 60
Party.sol	ROR	174	CAUGHT	bytes(p.name).length == 0 || bytes(p.name).length > 60	bytes(p.name).length == 0 || bytes(p.name).length >= 60
Party.sol	ROR	174	CAUGHT	bytes(p.name).length == 0 || bytes(p.name).length > 60	bytes(p.name).length > 0 || bytes(p.name).length > 60
Party.sol	ROR	174	CAUGHT	bytes(p.name).length == 0 || bytes(p.name).length > 60	bytes(p.name).length >= 0 || bytes(p.name).length > 60
Party.sol	ROR	175	CAUGHT	bytes(p.description).length > 1000	bytes(p.description).length != 1000
Party.sol	ROR	175	CAUGHT	bytes(p.description).length > 1000	bytes(p.description).length < 1000
Party.sol	ROR	175	CAUGHT	bytes(p.description).length > 1000	bytes(p.description).length <= 1000
Party.sol	ROR	175	CAUGHT	bytes(p.description).length > 1000	bytes(p.description).length == 1000
Party.sol	ROR	175	CAUGHT	bytes(p.description).length > 1000	bytes(p.description).length >= 1000
Party.sol	ROR	194	CAUGHT	block.timestamp > deadline	block.timestamp != deadline
Party.sol	ROR	194	CAUGHT	block.timestamp > deadline	block.timestamp < deadline
Party.sol	ROR	194	CAUGHT	block.timestamp > deadline	block.timestamp <= deadline
Party.sol	ROR	194	CAUGHT	block.timestamp > deadline	block.timestamp == deadline
Party.sol	ROR	194	CAUGHT	block.timestamp > deadline	block.timestamp >= deadline
Party.sol	ROR	195	COMPILATION FAILURE	return _order.length == SLOTS ? Status.FULL : Status.OPEN	return _order.length != SLOTS ? Status.FULL : Status.OPEN
Party.sol	ROR	195	COMPILATION FAILURE	return _order.length == SLOTS ? Status.FULL : Status.OPEN	return _order.length < SLOTS ? Status.FULL : Status.OPEN
Party.sol	ROR	195	COMPILATION FAILURE	return _order.length == SLOTS ? Status.FULL : Status.OPEN	return _order.length <= SLOTS ? Status.FULL : Status.OPEN
Party.sol	ROR	195	COMPILATION FAILURE	return _order.length == SLOTS ? Status.FULL : Status.OPEN	return _order.length > SLOTS ? Status.FULL : Status.OPEN
Party.sol	ROR	195	COMPILATION FAILURE	return _order.length == SLOTS ? Status.FULL : Status.OPEN	return _order.length >= SLOTS ? Status.FULL : Status.OPEN
Party.sol	ROR	200	COMPILATION FAILURE	st = s == Status.OPEN ? "FILLING" : s == Status.FULL ? "FULL" : s == Status.ASSEMBLED ? "STATEMENT MADE" : s == Status.SOLD ? "SOLD / CLAIMABLE" : "EXPIRED / REDEEMABLE"	st = s != Status.OPEN ? "FILLING" : s 
Party.sol	ROR	200	COMPILATION FAILURE	st = s == Status.OPEN ? "FILLING" : s == Status.FULL ? "FULL" : s == Status.ASSEMBLED ? "STATEMENT MADE" : s == Status.SOLD ? "SOLD / CLAIMABLE" : "EXPIRED / REDEEMABLE"	st = s < Status.OPEN ? "FILLING" : s 
Party.sol	ROR	200	COMPILATION FAILURE	st = s == Status.OPEN ? "FILLING" : s == Status.FULL ? "FULL" : s == Status.ASSEMBLED ? "STATEMENT MADE" : s == Status.SOLD ? "SOLD / CLAIMABLE" : "EXPIRED / REDEEMABLE"	st = s <= Status.OPEN ? "FILLING" : s 
Party.sol	ROR	200	COMPILATION FAILURE	st = s == Status.OPEN ? "FILLING" : s == Status.FULL ? "FULL" : s == Status.ASSEMBLED ? "STATEMENT MADE" : s == Status.SOLD ? "SOLD / CLAIMABLE" : "EXPIRED / REDEEMABLE"	st = s > Status.OPEN ? "FILLING" : s 
Party.sol	ROR	200	COMPILATION FAILURE	st = s == Status.OPEN ? "FILLING" : s == Status.FULL ? "FULL" : s == Status.ASSEMBLED ? "STATEMENT MADE" : s == Status.SOLD ? "SOLD / CLAIMABLE" : "EXPIRED / REDEEMABLE"	st = s >= Status.OPEN ? "FILLING" : s 
Party.sol	ROR	221	CAUGHT	status() != Status.OPEN	status() < Status.OPEN
Party.sol	ROR	221	CAUGHT	status() != Status.OPEN	status() <= Status.OPEN
Party.sol	ROR	221	CAUGHT	status() != Status.OPEN	status() == Status.OPEN
Party.sol	ROR	221	UNCAUGHT	status() != Status.OPEN	status() > Status.OPEN
Party.sol	ROR	221	CAUGHT	status() != Status.OPEN	status() >= Status.OPEN
Party.sol	ROR	223	COMPILATION FAILURE	uint256 min = _params.minDeposit < remaining ? _params.minDeposit : remaining	uint256 min = _params.minDeposit != remaining ? _params.minDeposit : remaining
Party.sol	ROR	223	COMPILATION FAILURE	uint256 min = _params.minDeposit < remaining ? _params.minDeposit : remaining	uint256 min = _params.minDeposit <= remaining ? _params.minDeposit : remaining
Party.sol	ROR	223	COMPILATION FAILURE	uint256 min = _params.minDeposit < remaining ? _params.minDeposit : remaining	uint256 min = _params.minDeposit == remaining ? _params.minDeposit : remaining
Party.sol	ROR	223	COMPILATION FAILURE	uint256 min = _params.minDeposit < remaining ? _params.minDeposit : remaining	uint256 min = _params.minDeposit > remaining ? _params.minDeposit : remaining
Party.sol	ROR	223	COMPILATION FAILURE	uint256 min = _params.minDeposit < remaining ? _params.minDeposit : remaining	uint256 min = _params.minDeposit >= remaining ? _params.minDeposit : remaining
Party.sol	ROR	224	CAUGHT	ids.length < min || ids.length > remaining || ids.length == 0	ids.length != min || ids.length > remaining || ids.length == 0
Party.sol	ROR	224	CAUGHT	ids.length < min || ids.length > remaining || ids.length == 0	ids.length < min || ids.length != remaining || ids.length == 0
Party.sol	ROR	224	CAUGHT	ids.length < min || ids.length > remaining || ids.length == 0	ids.length < min || ids.length < remaining || ids.length == 0
Party.sol	ROR	224	CAUGHT	ids.length < min || ids.length > remaining || ids.length == 0	ids.length < min || ids.length <= remaining || ids.length == 0
Party.sol	ROR	224	CAUGHT	ids.length < min || ids.length > remaining || ids.length == 0	ids.length < min || ids.length == remaining || ids.length == 0
Party.sol	ROR	224	CAUGHT	ids.length < min || ids.length > remaining || ids.length == 0	ids.length < min || ids.length > remaining || ids.length != 0
Party.sol	ROR	224	UNCAUGHT	ids.length < min || ids.length > remaining || ids.length == 0	ids.length < min || ids.length > remaining || ids.length < 0
Party.sol	ROR	224	UNCAUGHT	ids.length < min || ids.length > remaining || ids.length == 0	ids.length < min || ids.length > remaining || ids.length <= 0
Party.sol	ROR	224	CAUGHT	ids.length < min || ids.length > remaining || ids.length == 0	ids.length < min || ids.length > remaining || ids.length > 0
Party.sol	ROR	224	CAUGHT	ids.length < min || ids.length > remaining || ids.length == 0	ids.length < min || ids.length > remaining || ids.length >= 0
Party.sol	ROR	224	CAUGHT	ids.length < min || ids.length > remaining || ids.length == 0	ids.length < min || ids.length >= remaining || ids.length == 0
Party.sol	ROR	224	CAUGHT	ids.length < min || ids.length > remaining || ids.length == 0	ids.length <= min || ids.length > remaining || ids.length == 0
Party.sol	ROR	224	CAUGHT	ids.length < min || ids.length > remaining || ids.length == 0	ids.length == min || ids.length > remaining || ids.length == 0
Party.sol	ROR	224	CAUGHT	ids.length < min || ids.length > remaining || ids.length == 0	ids.length > min || ids.length > remaining || ids.length == 0
Party.sol	ROR	224	CAUGHT	ids.length < min || ids.length > remaining || ids.length == 0	ids.length >= min || ids.length > remaining || ids.length == 0
Party.sol	ROR	225	COMPILATION FAILURE	_params.eligibleRoot != bytes32(0) && proofs.length != ids.length	_params.eligibleRoot < bytes32(0) && proofs.length 
Party.sol	ROR	225	COMPILATION FAILURE	_params.eligibleRoot != bytes32(0) && proofs.length != ids.length	_params.eligibleRoot <= bytes32(0) && proofs.length 
Party.sol	ROR	225	COMPILATION FAILURE	_params.eligibleRoot != bytes32(0) && proofs.length != ids.length	_params.eligibleRoot == bytes32(0) && proofs.length 
Party.sol	ROR	225	COMPILATION FAILURE	_params.eligibleRoot != bytes32(0) && proofs.length != ids.length	_params.eligibleRoot > bytes32(0) && proofs.length 
Party.sol	ROR	225	COMPILATION FAILURE	_params.eligibleRoot != bytes32(0) && proofs.length != ids.length	_params.eligibleRoot >= bytes32(0) && proofs.length 
Party.sol	ROR	226	UNCAUGHT	i < ids.length	i != ids.length
Party.sol	ROR	226	CAUGHT	i < ids.length	i <= ids.length
Party.sol	ROR	226	CAUGHT	i < ids.length	i == ids.length
Party.sol	ROR	226	CAUGHT	i < ids.length	i > ids.length
Party.sol	ROR	226	CAUGHT	i < ids.length	i >= ids.length
Party.sol	ROR	228	CAUGHT	cardOfCredit[id] != 0	cardOfCredit[id] < 0
Party.sol	ROR	228	CAUGHT	cardOfCredit[id] != 0	cardOfCredit[id] <= 0
Party.sol	ROR	228	CAUGHT	cardOfCredit[id] != 0	cardOfCredit[id] == 0
Party.sol	ROR	228	UNCAUGHT	cardOfCredit[id] != 0	cardOfCredit[id] > 0
Party.sol	ROR	228	CAUGHT	cardOfCredit[id] != 0	cardOfCredit[id] >= 0
Party.sol	ROR	229	CAUGHT	_params.eligibleRoot != bytes32(0)	_params.eligibleRoot < bytes32(0)
Party.sol	ROR	229	CAUGHT	_params.eligibleRoot != bytes32(0)	_params.eligibleRoot <= bytes32(0)
Party.sol	ROR	229	CAUGHT	_params.eligibleRoot != bytes32(0)	_params.eligibleRoot == bytes32(0)
Party.sol	ROR	229	UNCAUGHT	_params.eligibleRoot != bytes32(0)	_params.eligibleRoot > bytes32(0)
Party.sol	ROR	229	CAUGHT	_params.eligibleRoot != bytes32(0)	_params.eligibleRoot >= bytes32(0)
Party.sol	ROR	242	CAUGHT	_order.length == SLOTS	_order.length != SLOTS
Party.sol	ROR	242	CAUGHT	_order.length == SLOTS	_order.length < SLOTS
Party.sol	ROR	242	CAUGHT	_order.length == SLOTS	_order.length <= SLOTS
Party.sol	ROR	242	CAUGHT	_order.length == SLOTS	_order.length > SLOTS
Party.sol	ROR	242	UNCAUGHT	_order.length == SLOTS	_order.length >= SLOTS
Party.sol	ROR	245	CAUGHT	deadline < grace	deadline != grace
Party.sol	ROR	245	UNCAUGHT	deadline < grace	deadline <= grace
Party.sol	ROR	245	CAUGHT	deadline < grace	deadline == grace
Party.sol	ROR	245	CAUGHT	deadline < grace	deadline > grace
Party.sol	ROR	245	CAUGHT	deadline < grace	deadline >= grace
Party.sol	ROR	251	UNCAUGHT	i < cardIds.length	i != cardIds.length
Party.sol	ROR	251	CAUGHT	i < cardIds.length	i <= cardIds.length
Party.sol	ROR	251	CAUGHT	i < cardIds.length	i == cardIds.length
Party.sol	ROR	251	CAUGHT	i < cardIds.length	i > cardIds.length
Party.sol	ROR	251	CAUGHT	i < cardIds.length	i >= cardIds.length
Party.sol	ROR	256	UNCAUGHT	status() != Status.EXPIRED	status() < Status.EXPIRED
Party.sol	ROR	256	CAUGHT	status() != Status.EXPIRED	status() <= Status.EXPIRED
Party.sol	ROR	256	CAUGHT	status() != Status.EXPIRED	status() == Status.EXPIRED
Party.sol	ROR	256	CAUGHT	status() != Status.EXPIRED	status() > Status.EXPIRED
Party.sol	ROR	256	CAUGHT	status() != Status.EXPIRED	status() >= Status.EXPIRED
Party.sol	ROR	257	UNCAUGHT	i < cardIds.length	i != cardIds.length
Party.sol	ROR	257	CAUGHT	i < cardIds.length	i <= cardIds.length
Party.sol	ROR	257	CAUGHT	i < cardIds.length	i == cardIds.length
Party.sol	ROR	257	CAUGHT	i < cardIds.length	i > cardIds.length
Party.sol	ROR	257	CAUGHT	i < cardIds.length	i >= cardIds.length
Party.sol	ROR	262	COMPILATION FAILURE	s != Status.OPEN && s != Status.EXPIRED	s < Status.OPEN && s 
Party.sol	ROR	262	COMPILATION FAILURE	s != Status.OPEN && s != Status.EXPIRED	s <= Status.OPEN && s 
Party.sol	ROR	262	COMPILATION FAILURE	s != Status.OPEN && s != Status.EXPIRED	s == Status.OPEN && s 
Party.sol	ROR	262	COMPILATION FAILURE	s != Status.OPEN && s != Status.EXPIRED	s > Status.OPEN && s 
Party.sol	ROR	262	COMPILATION FAILURE	s != Status.OPEN && s != Status.EXPIRED	s >= Status.OPEN && s 
Party.sol	ROR	276	UNCAUGHT	i < n	i != n
Party.sol	ROR	276	UNCAUGHT	i < n	i <= n
Party.sol	ROR	276	CAUGHT	i < n	i == n
Party.sol	ROR	276	CAUGHT	i < n	i > n
Party.sol	ROR	276	CAUGHT	i < n	i >= n
Party.sol	ROR	277	CAUGHT	_order[i] == id	_order[i] != id
Party.sol	ROR	277	CAUGHT	_order[i] == id	_order[i] < id
Party.sol	ROR	277	CAUGHT	_order[i] == id	_order[i] <= id
Party.sol	ROR	277	CAUGHT	_order[i] == id	_order[i] > id
Party.sol	ROR	277	UNCAUGHT	_order[i] == id	_order[i] >= id
Party.sol	ROR	278	UNCAUGHT	j + 1 < n	j + 1 != n
Party.sol	ROR	278	CAUGHT	j + 1 < n	j + 1 <= n
Party.sol	ROR	278	CAUGHT	j + 1 < n	j + 1 == n
Party.sol	ROR	278	CAUGHT	j + 1 < n	j + 1 > n
Party.sol	ROR	278	CAUGHT	j + 1 < n	j + 1 >= n
Party.sol	ROR	291	CAUGHT	status() != Status.FULL	status() < Status.FULL
Party.sol	ROR	291	CAUGHT	status() != Status.FULL	status() <= Status.FULL
Party.sol	ROR	291	CAUGHT	status() != Status.FULL	status() == Status.FULL
Party.sol	ROR	291	CAUGHT	status() != Status.FULL	status() > Status.FULL
Party.sol	ROR	291	CAUGHT	status() != Status.FULL	status() >= Status.FULL
Party.sol	ROR	293	CAUGHT	p == CreditKeys.Preset.Manual	p != CreditKeys.Preset.Manual
Party.sol	ROR	293	CAUGHT	p == CreditKeys.Preset.Manual	p < CreditKeys.Preset.Manual
Party.sol	ROR	293	CAUGHT	p == CreditKeys.Preset.Manual	p <= CreditKeys.Preset.Manual
Party.sol	ROR	293	CAUGHT	p == CreditKeys.Preset.Manual	p > CreditKeys.Preset.Manual
Party.sol	ROR	293	UNCAUGHT	p == CreditKeys.Preset.Manual	p >= CreditKeys.Preset.Manual
Party.sol	ROR	295	CAUGHT	cards.heldNow(address(this), msg.sender) == 0	cards.heldNow(address(this), msg.sender) != 0
Party.sol	ROR	295	CAUGHT	cards.heldNow(address(this), msg.sender) == 0	cards.heldNow(address(this), msg.sender) < 0
Party.sol	ROR	295	UNCAUGHT	cards.heldNow(address(this), msg.sender) == 0	cards.heldNow(address(this), msg.sender) <= 0
Party.sol	ROR	295	CAUGHT	cards.heldNow(address(this), msg.sender) == 0	cards.heldNow(address(this), msg.sender) > 0
Party.sol	ROR	295	CAUGHT	cards.heldNow(address(this), msg.sender) == 0	cards.heldNow(address(this), msg.sender) >= 0
Party.sol	ROR	322	UNCAUGHT	i < SLOTS	i != SLOTS
Party.sol	ROR	322	CAUGHT	i < SLOTS	i <= SLOTS
Party.sol	ROR	322	UNCAUGHT	i < SLOTS	i == SLOTS
Party.sol	ROR	322	UNCAUGHT	i < SLOTS	i > SLOTS
Party.sol	ROR	322	UNCAUGHT	i < SLOTS	i >= SLOTS
Party.sol	ROR	342	COMPILATION FAILURE	cancel ? s != Status.ASSEMBLED : (s != Status.FULL && s != Status.ASSEMBLED)	cancel ? s < Status.ASSEMBLED : (s 
Party.sol	ROR	342	COMPILATION FAILURE	cancel ? s != Status.ASSEMBLED : (s != Status.FULL && s != Status.ASSEMBLED)	cancel ? s <= Status.ASSEMBLED : (s 
Party.sol	ROR	342	COMPILATION FAILURE	cancel ? s != Status.ASSEMBLED : (s != Status.FULL && s != Status.ASSEMBLED)	cancel ? s == Status.ASSEMBLED : (s 
Party.sol	ROR	342	COMPILATION FAILURE	cancel ? s != Status.ASSEMBLED : (s != Status.FULL && s != Status.ASSEMBLED)	cancel ? s > Status.ASSEMBLED : (s 
Party.sol	ROR	342	COMPILATION FAILURE	cancel ? s != Status.ASSEMBLED : (s != Status.FULL && s != Status.ASSEMBLED)	cancel ? s >= Status.ASSEMBLED : (s 
Party.sol	ROR	343	CAUGHT	cancel && ask == 0	cancel && ask != 0
Party.sol	ROR	343	CAUGHT	cancel && ask == 0	cancel && ask < 0
Party.sol	ROR	343	UNCAUGHT	cancel && ask == 0	cancel && ask <= 0
Party.sol	ROR	343	CAUGHT	cancel && ask == 0	cancel && ask > 0
Party.sol	ROR	343	CAUGHT	cancel && ask == 0	cancel && ask >= 0
Party.sol	ROR	344	CAUGHT	cards.heldNow(address(this), msg.sender) == 0	cards.heldNow(address(this), msg.sender) != 0
Party.sol	ROR	344	CAUGHT	cards.heldNow(address(this), msg.sender) == 0	cards.heldNow(address(this), msg.sender) < 0
Party.sol	ROR	344	UNCAUGHT	cards.heldNow(address(this), msg.sender) == 0	cards.heldNow(address(this), msg.sender) <= 0
Party.sol	ROR	344	CAUGHT	cards.heldNow(address(this), msg.sender) == 0	cards.heldNow(address(this), msg.sender) > 0
Party.sol	ROR	344	CAUGHT	cards.heldNow(address(this), msg.sender) == 0	cards.heldNow(address(this), msg.sender) >= 0
Party.sol	ROR	346	CAUGHT	_openIds[msg.sender].length >= MAX_OPEN_PER_PROPOSER	_openIds[msg.sender].length != MAX_OPEN_PER_PROPOSER
Party.sol	ROR	346	CAUGHT	_openIds[msg.sender].length >= MAX_OPEN_PER_PROPOSER	_openIds[msg.sender].length < MAX_OPEN_PER_PROPOSER
Party.sol	ROR	346	CAUGHT	_openIds[msg.sender].length >= MAX_OPEN_PER_PROPOSER	_openIds[msg.sender].length <= MAX_OPEN_PER_PROPOSER
Party.sol	ROR	346	UNCAUGHT	_openIds[msg.sender].length >= MAX_OPEN_PER_PROPOSER	_openIds[msg.sender].length == MAX_OPEN_PER_PROPOSER
Party.sol	ROR	346	CAUGHT	_openIds[msg.sender].length >= MAX_OPEN_PER_PROPOSER	_openIds[msg.sender].length > MAX_OPEN_PER_PROPOSER
Party.sol	ROR	348	CAUGHT	!cancel && buyDelayHours > MAX_BUY_DELAY_HOURS	!cancel && buyDelayHours != MAX_BUY_DELAY_HOURS
Party.sol	ROR	348	CAUGHT	!cancel && buyDelayHours > MAX_BUY_DELAY_HOURS	!cancel && buyDelayHours < MAX_BUY_DELAY_HOURS
Party.sol	ROR	348	CAUGHT	!cancel && buyDelayHours > MAX_BUY_DELAY_HOURS	!cancel && buyDelayHours <= MAX_BUY_DELAY_HOURS
Party.sol	ROR	348	CAUGHT	!cancel && buyDelayHours > MAX_BUY_DELAY_HOURS	!cancel && buyDelayHours == MAX_BUY_DELAY_HOURS
Party.sol	ROR	348	CAUGHT	!cancel && buyDelayHours > MAX_BUY_DELAY_HOURS	!cancel && buyDelayHours >= MAX_BUY_DELAY_HOURS
Party.sol	ROR	349	COMPILATION FAILURE	uint16 h = cancel ? 24 : (hours_ == 0 ? _params.voteHours : hours_)	uint16 h = cancel ? 24 : (hours_ != 0 ? _params.voteHours : hours_)
Party.sol	ROR	349	COMPILATION FAILURE	uint16 h = cancel ? 24 : (hours_ == 0 ? _params.voteHours : hours_)	uint16 h = cancel ? 24 : (hours_ < 0 ? _params.voteHours : hours_)
Party.sol	ROR	349	COMPILATION FAILURE	uint16 h = cancel ? 24 : (hours_ == 0 ? _params.voteHours : hours_)	uint16 h = cancel ? 24 : (hours_ <= 0 ? _params.voteHours : hours_)
Party.sol	ROR	349	COMPILATION FAILURE	uint16 h = cancel ? 24 : (hours_ == 0 ? _params.voteHours : hours_)	uint16 h = cancel ? 24 : (hours_ > 0 ? _params.voteHours : hours_)
Party.sol	ROR	349	COMPILATION FAILURE	uint16 h = cancel ? 24 : (hours_ == 0 ? _params.voteHours : hours_)	uint16 h = cancel ? 24 : (hours_ >= 0 ? _params.voteHours : hours_)
Party.sol	ROR	369	CAUGHT	block.timestamp >= p.endsAt	block.timestamp != p.endsAt
Party.sol	ROR	369	CAUGHT	block.timestamp >= p.endsAt	block.timestamp < p.endsAt
Party.sol	ROR	369	CAUGHT	block.timestamp >= p.endsAt	block.timestamp <= p.endsAt
Party.sol	ROR	369	UNCAUGHT	block.timestamp >= p.endsAt	block.timestamp == p.endsAt
Party.sol	ROR	369	CAUGHT	block.timestamp >= p.endsAt	block.timestamp > p.endsAt
Party.sol	ROR	371	CAUGHT	w == 0	w != 0
Party.sol	ROR	371	CAUGHT	w == 0	w < 0
Party.sol	ROR	371	UNCAUGHT	w == 0	w <= 0
Party.sol	ROR	371	CAUGHT	w == 0	w > 0
Party.sol	ROR	371	UNCAUGHT	w == 0	w >= 0
Party.sol	ROR	373	CAUGHT	w == 0	w != 0
Party.sol	ROR	373	CAUGHT	w == 0	w < 0
Party.sol	ROR	373	UNCAUGHT	w == 0	w <= 0
Party.sol	ROR	373	CAUGHT	w == 0	w > 0
Party.sol	ROR	373	CAUGHT	w == 0	w >= 0
Party.sol	ROR	377	CAUGHT	prev == 1	prev != 1
Party.sol	ROR	377	CAUGHT	prev == 1	prev < 1
Party.sol	ROR	377	CAUGHT	prev == 1	prev <= 1
Party.sol	ROR	377	CAUGHT	prev == 1	prev > 1
Party.sol	ROR	377	CAUGHT	prev == 1	prev >= 1
Party.sol	ROR	377	CAUGHT	prev == 2	prev != 2
Party.sol	ROR	377	CAUGHT	prev == 2	prev < 2
Party.sol	ROR	377	CAUGHT	prev == 2	prev <= 2
Party.sol	ROR	377	CAUGHT	prev == 2	prev > 2
Party.sol	ROR	377	UNCAUGHT	prev == 2	prev >= 2
Party.sol	ROR	386	COMPILATION FAILURE	uint256 need = (!p.cancel && price < floorWei) ? PASS_BELOW_FLOOR : PASS	uint256 need = (!p.cancel && price != floorWei) ? PASS_BELOW_FLOOR : PASS
Party.sol	ROR	386	COMPILATION FAILURE	uint256 need = (!p.cancel && price < floorWei) ? PASS_BELOW_FLOOR : PASS	uint256 need = (!p.cancel && price <= floorWei) ? PASS_BELOW_FLOOR : PASS
Party.sol	ROR	386	COMPILATION FAILURE	uint256 need = (!p.cancel && price < floorWei) ? PASS_BELOW_FLOOR : PASS	uint256 need = (!p.cancel && price == floorWei) ? PASS_BELOW_FLOOR : PASS
Party.sol	ROR	386	COMPILATION FAILURE	uint256 need = (!p.cancel && price < floorWei) ? PASS_BELOW_FLOOR : PASS	uint256 need = (!p.cancel && price > floorWei) ? PASS_BELOW_FLOOR : PASS
Party.sol	ROR	386	COMPILATION FAILURE	uint256 need = (!p.cancel && price < floorWei) ? PASS_BELOW_FLOOR : PASS	uint256 need = (!p.cancel && price >= floorWei) ? PASS_BELOW_FLOOR : PASS
Party.sol	ROR	387	CAUGHT	p.deadlock && need < PASS_DEADLOCK	p.deadlock && need != PASS_DEADLOCK
Party.sol	ROR	387	UNCAUGHT	p.deadlock && need < PASS_DEADLOCK	p.deadlock && need <= PASS_DEADLOCK
Party.sol	ROR	387	CAUGHT	p.deadlock && need < PASS_DEADLOCK	p.deadlock && need == PASS_DEADLOCK
Party.sol	ROR	387	CAUGHT	p.deadlock && need < PASS_DEADLOCK	p.deadlock && need > PASS_DEADLOCK
Party.sol	ROR	387	CAUGHT	p.deadlock && need < PASS_DEADLOCK	p.deadlock && need >= PASS_DEADLOCK
Party.sol	ROR	395	CAUGHT	block.timestamp < p.endsAt	block.timestamp != p.endsAt
Party.sol	ROR	395	CAUGHT	block.timestamp < p.endsAt	block.timestamp <= p.endsAt
Party.sol	ROR	395	CAUGHT	block.timestamp < p.endsAt	block.timestamp == p.endsAt
Party.sol	ROR	395	CAUGHT	block.timestamp < p.endsAt	block.timestamp > p.endsAt
Party.sol	ROR	395	CAUGHT	block.timestamp < p.endsAt	block.timestamp >= p.endsAt
Party.sol	ROR	396	CAUGHT	block.timestamp > uint256(p.endsAt) + _t(EXECUTE_WINDOW)	block.timestamp != uint256(p.endsAt) + _t(EXECUTE_WINDOW)
Party.sol	ROR	396	CAUGHT	block.timestamp > uint256(p.endsAt) + _t(EXECUTE_WINDOW)	block.timestamp < uint256(p.endsAt) + _t(EXECUTE_WINDOW)
Party.sol	ROR	396	CAUGHT	block.timestamp > uint256(p.endsAt) + _t(EXECUTE_WINDOW)	block.timestamp <= uint256(p.endsAt) + _t(EXECUTE_WINDOW)
Party.sol	ROR	396	CAUGHT	block.timestamp > uint256(p.endsAt) + _t(EXECUTE_WINDOW)	block.timestamp == uint256(p.endsAt) + _t(EXECUTE_WINDOW)
Party.sol	ROR	396	CAUGHT	block.timestamp > uint256(p.endsAt) + _t(EXECUTE_WINDOW)	block.timestamp >= uint256(p.endsAt) + _t(EXECUTE_WINDOW)
Party.sol	ROR	397	UNCAUGHT	p.epoch != priceEpoch	p.epoch < priceEpoch
Party.sol	ROR	397	CAUGHT	p.epoch != priceEpoch	p.epoch <= priceEpoch
Party.sol	ROR	397	CAUGHT	p.epoch != priceEpoch	p.epoch == priceEpoch
Party.sol	ROR	397	CAUGHT	p.epoch != priceEpoch	p.epoch > priceEpoch
Party.sol	ROR	397	CAUGHT	p.epoch != priceEpoch	p.epoch >= priceEpoch
Party.sol	ROR	398	CAUGHT	cards.heldNow(address(this), msg.sender) == 0	cards.heldNow(address(this), msg.sender) != 0
Party.sol	ROR	398	CAUGHT	cards.heldNow(address(this), msg.sender) == 0	cards.heldNow(address(this), msg.sender) < 0
Party.sol	ROR	398	UNCAUGHT	cards.heldNow(address(this), msg.sender) == 0	cards.heldNow(address(this), msg.sender) <= 0
Party.sol	ROR	398	CAUGHT	cards.heldNow(address(this), msg.sender) == 0	cards.heldNow(address(this), msg.sender) > 0
Party.sol	ROR	398	CAUGHT	cards.heldNow(address(this), msg.sender) == 0	cards.heldNow(address(this), msg.sender) >= 0
Party.sol	ROR	399	COMPILATION FAILURE	p.cancel ? s != Status.ASSEMBLED : (s != Status.FULL && s != Status.ASSEMBLED)	p.cancel ? s < Status.ASSEMBLED : (s 
Party.sol	ROR	399	COMPILATION FAILURE	p.cancel ? s != Status.ASSEMBLED : (s != Status.FULL && s != Status.ASSEMBLED)	p.cancel ? s <= Status.ASSEMBLED : (s 
Party.sol	ROR	399	COMPILATION FAILURE	p.cancel ? s != Status.ASSEMBLED : (s != Status.FULL && s != Status.ASSEMBLED)	p.cancel ? s == Status.ASSEMBLED : (s 
Party.sol	ROR	399	COMPILATION FAILURE	p.cancel ? s != Status.ASSEMBLED : (s != Status.FULL && s != Status.ASSEMBLED)	p.cancel ? s > Status.ASSEMBLED : (s 
Party.sol	ROR	399	COMPILATION FAILURE	p.cancel ? s != Status.ASSEMBLED : (s != Status.FULL && s != Status.ASSEMBLED)	p.cancel ? s >= Status.ASSEMBLED : (s 
Party.sol	ROR	404	COMPILATION FAILURE	p.price.mode == PriceMode.Fixed && floor.sig.length == 0	p.price.mode != PriceMode.Fixed && floor.sig.length 
Party.sol	ROR	404	COMPILATION FAILURE	p.price.mode == PriceMode.Fixed && floor.sig.length == 0	p.price.mode < PriceMode.Fixed && floor.sig.length 
Party.sol	ROR	404	COMPILATION FAILURE	p.price.mode == PriceMode.Fixed && floor.sig.length == 0	p.price.mode <= PriceMode.Fixed && floor.sig.length 
Party.sol	ROR	404	COMPILATION FAILURE	p.price.mode == PriceMode.Fixed && floor.sig.length == 0	p.price.mode > PriceMode.Fixed && floor.sig.length 
Party.sol	ROR	404	COMPILATION FAILURE	p.price.mode == PriceMode.Fixed && floor.sig.length == 0	p.price.mode >= PriceMode.Fixed && floor.sig.length 
Party.sol	ROR	410	COMPILATION FAILURE	price = p.price.mode == PriceMode.Fixed ? uint256(p.price.value) : _clampMin(_resolveWith(p.price, floorWei))	price = p.price.mode != PriceMode.Fixed ? uint256(p.price.value) : _clampMin(_resolveWith(p.price, floorWei))
Party.sol	ROR	410	COMPILATION FAILURE	price = p.price.mode == PriceMode.Fixed ? uint256(p.price.value) : _clampMin(_resolveWith(p.price, floorWei))	price = p.price.mode < PriceMode.Fixed ? uint256(p.price.value) : _clampMin(_resolveWith(p.price, floorWei))
Party.sol	ROR	410	COMPILATION FAILURE	price = p.price.mode == PriceMode.Fixed ? uint256(p.price.value) : _clampMin(_resolveWith(p.price, floorWei))	price = p.price.mode <= PriceMode.Fixed ? uint256(p.price.value) : _clampMin(_resolveWith(p.price, floorWei))
Party.sol	ROR	410	COMPILATION FAILURE	price = p.price.mode == PriceMode.Fixed ? uint256(p.price.value) : _clampMin(_resolveWith(p.price, floorWei))	price = p.price.mode > PriceMode.Fixed ? uint256(p.price.value) : _clampMin(_resolveWith(p.price, floorWei))
Party.sol	ROR	410	COMPILATION FAILURE	price = p.price.mode == PriceMode.Fixed ? uint256(p.price.value) : _clampMin(_resolveWith(p.price, floorWei))	price = p.price.mode >= PriceMode.Fixed ? uint256(p.price.value) : _clampMin(_resolveWith(p.price, floorWei))
Party.sol	ROR	414	CAUGHT	p.yes < need || (p.no > 0 && !p.deadlock)	p.yes != need || (p.no > 0 && !p.deadlock)
Party.sol	ROR	414	UNCAUGHT	p.yes < need || (p.no > 0 && !p.deadlock)	p.yes < need || (p.no != 0 && !p.deadlock)
Party.sol	ROR	414	CAUGHT	p.yes < need || (p.no > 0 && !p.deadlock)	p.yes < need || (p.no < 0 && !p.deadlock)
Party.sol	ROR	414	CAUGHT	p.yes < need || (p.no > 0 && !p.deadlock)	p.yes < need || (p.no <= 0 && !p.deadlock)
Party.sol	ROR	414	CAUGHT	p.yes < need || (p.no > 0 && !p.deadlock)	p.yes < need || (p.no == 0 && !p.deadlock)
Party.sol	ROR	414	CAUGHT	p.yes < need || (p.no > 0 && !p.deadlock)	p.yes < need || (p.no >= 0 && !p.deadlock)
Party.sol	ROR	414	CAUGHT	p.yes < need || (p.no > 0 && !p.deadlock)	p.yes <= need || (p.no > 0 && !p.deadlock)
Party.sol	ROR	414	CAUGHT	p.yes < need || (p.no > 0 && !p.deadlock)	p.yes == need || (p.no > 0 && !p.deadlock)
Party.sol	ROR	414	CAUGHT	p.yes < need || (p.no > 0 && !p.deadlock)	p.yes > need || (p.no > 0 && !p.deadlock)
Party.sol	ROR	414	CAUGHT	p.yes < need || (p.no > 0 && !p.deadlock)	p.yes >= need || (p.no > 0 && !p.deadlock)
Party.sol	ROR	423	CAUGHT	s == Status.FULL	s != Status.FULL
Party.sol	ROR	423	CAUGHT	s == Status.FULL	s < Status.FULL
Party.sol	ROR	423	UNCAUGHT	s == Status.FULL	s <= Status.FULL
Party.sol	ROR	423	CAUGHT	s == Status.FULL	s > Status.FULL
Party.sol	ROR	423	CAUGHT	s == Status.FULL	s >= Status.FULL
Party.sol	ROR	443	COMPILATION FAILURE	blockedCounted[id] || p.cancel || p.executed || block.timestamp < p.endsAt || p.no == 0 || p.deadlock || p.yes < PASS || p.epoch != priceEpoch	blockedCounted[id] || p.cancel || p.executed || block.timestamp != p.endsAt || p.no == 0 || p.deadlock || p.yes 
Party.sol	ROR	443	CAUGHT	blockedCounted[id] || p.cancel || p.executed || block.timestamp < p.endsAt || p.no == 0 || p.deadlock || p.yes < PASS || p.epoch != priceEpoch	blockedCounted[id] || p.cancel || p.executed || block.timestamp < p.endsAt || p.no != 0 || p.deadlock || p.yes < PASS || p.epoch != priceEpoch
Party.sol	ROR	443	CAUGHT	blockedCounted[id] || p.cancel || p.executed || block.timestamp < p.endsAt || p.no == 0 || p.deadlock || p.yes < PASS || p.epoch != priceEpoch	blockedCounted[id] || p.cancel || p.executed || block.timestamp < p.endsAt || p.no < 0 || p.deadlock || p.yes < PASS || p.epoch != priceEpoch
Party.sol	ROR	443	UNCAUGHT	blockedCounted[id] || p.cancel || p.executed || block.timestamp < p.endsAt || p.no == 0 || p.deadlock || p.yes < PASS || p.epoch != priceEpoch	blockedCounted[id] || p.cancel || p.executed || block.timestamp < p.endsAt || p.no <= 0 || p.deadlock || p.yes < PASS || p.epoch != priceEpoch
Party.sol	ROR	443	UNCAUGHT	blockedCounted[id] || p.cancel || p.executed || block.timestamp < p.endsAt || p.no == 0 || p.deadlock || p.yes < PASS || p.epoch != priceEpoch	blockedCounted[id] || p.cancel || p.executed || block.timestamp < p.endsAt || p.no == 0 || p.deadlock || p.yes < PASS || p.epoch < priceEpoch
Party.sol	ROR	443	CAUGHT	blockedCounted[id] || p.cancel || p.executed || block.timestamp < p.endsAt || p.no == 0 || p.deadlock || p.yes < PASS || p.epoch != priceEpoch	blockedCounted[id] || p.cancel || p.executed || block.timestamp < p.endsAt || p.no == 0 || p.deadlock || p.yes < PASS || p.epoch <= priceEpoch
Party.sol	ROR	443	CAUGHT	blockedCounted[id] || p.cancel || p.executed || block.timestamp < p.endsAt || p.no == 0 || p.deadlock || p.yes < PASS || p.epoch != priceEpoch	blockedCounted[id] || p.cancel || p.executed || block.timestamp < p.endsAt || p.no == 0 || p.deadlock || p.yes < PASS || p.epoch == priceEpoch
Party.sol	ROR	443	CAUGHT	blockedCounted[id] || p.cancel || p.executed || block.timestamp < p.endsAt || p.no == 0 || p.deadlock || p.yes < PASS || p.epoch != priceEpoch	blockedCounted[id] || p.cancel || p.executed || block.timestamp < p.endsAt || p.no == 0 || p.deadlock || p.yes < PASS || p.epoch > priceEpoch
Party.sol	ROR	443	CAUGHT	blockedCounted[id] || p.cancel || p.executed || block.timestamp < p.endsAt || p.no == 0 || p.deadlock || p.yes < PASS || p.epoch != priceEpoch	blockedCounted[id] || p.cancel || p.executed || block.timestamp < p.endsAt || p.no == 0 || p.deadlock || p.yes < PASS || p.epoch >= priceEpoch
Party.sol	ROR	443	CAUGHT	blockedCounted[id] || p.cancel || p.executed || block.timestamp < p.endsAt || p.no == 0 || p.deadlock || p.yes < PASS || p.epoch != priceEpoch	blockedCounted[id] || p.cancel || p.executed || block.timestamp < p.endsAt || p.no > 0 || p.deadlock || p.yes < PASS || p.epoch != priceEpoch
Party.sol	ROR	443	CAUGHT	blockedCounted[id] || p.cancel || p.executed || block.timestamp < p.endsAt || p.no == 0 || p.deadlock || p.yes < PASS || p.epoch != priceEpoch	blockedCounted[id] || p.cancel || p.executed || block.timestamp < p.endsAt || p.no >= 0 || p.deadlock || p.yes < PASS || p.epoch != priceEpoch
Party.sol	ROR	443	COMPILATION FAILURE	blockedCounted[id] || p.cancel || p.executed || block.timestamp < p.endsAt || p.no == 0 || p.deadlock || p.yes < PASS || p.epoch != priceEpoch	blockedCounted[id] || p.cancel || p.executed || block.timestamp <= p.endsAt || p.no == 0 || p.deadlock || p.yes 
Party.sol	ROR	443	COMPILATION FAILURE	blockedCounted[id] || p.cancel || p.executed || block.timestamp < p.endsAt || p.no == 0 || p.deadlock || p.yes < PASS || p.epoch != priceEpoch	blockedCounted[id] || p.cancel || p.executed || block.timestamp == p.endsAt || p.no == 0 || p.deadlock || p.yes 
Party.sol	ROR	443	COMPILATION FAILURE	blockedCounted[id] || p.cancel || p.executed || block.timestamp < p.endsAt || p.no == 0 || p.deadlock || p.yes < PASS || p.epoch != priceEpoch	blockedCounted[id] || p.cancel || p.executed || block.timestamp > p.endsAt || p.no == 0 || p.deadlock || p.yes 
Party.sol	ROR	443	COMPILATION FAILURE	blockedCounted[id] || p.cancel || p.executed || block.timestamp < p.endsAt || p.no == 0 || p.deadlock || p.yes < PASS || p.epoch != priceEpoch	blockedCounted[id] || p.cancel || p.executed || block.timestamp >= p.endsAt || p.no == 0 || p.deadlock || p.yes 
Party.sol	ROR	450	CAUGHT	blockedPriceProposals >= DEADLOCK_BLOCKS	blockedPriceProposals != DEADLOCK_BLOCKS
Party.sol	ROR	450	CAUGHT	blockedPriceProposals >= DEADLOCK_BLOCKS	blockedPriceProposals < DEADLOCK_BLOCKS
Party.sol	ROR	450	CAUGHT	blockedPriceProposals >= DEADLOCK_BLOCKS	blockedPriceProposals <= DEADLOCK_BLOCKS
Party.sol	ROR	450	UNCAUGHT	blockedPriceProposals >= DEADLOCK_BLOCKS	blockedPriceProposals == DEADLOCK_BLOCKS
Party.sol	ROR	450	CAUGHT	blockedPriceProposals >= DEADLOCK_BLOCKS	blockedPriceProposals > DEADLOCK_BLOCKS
Party.sol	ROR	451	COMPILATION FAILURE	uint256 since = lastPriceExecutedAt != 0 ? lastPriceExecutedAt : (assembledAt != 0 ? assembledAt : (fullAt != 0 ? fullAt : type(uint64).max))	uint256 since = lastPriceExecutedAt < 0 ? lastPriceExecutedAt : (assembledAt 
Party.sol	ROR	451	COMPILATION FAILURE	uint256 since = lastPriceExecutedAt != 0 ? lastPriceExecutedAt : (assembledAt != 0 ? assembledAt : (fullAt != 0 ? fullAt : type(uint64).max))	uint256 since = lastPriceExecutedAt <= 0 ? lastPriceExecutedAt : (assembledAt 
Party.sol	ROR	451	COMPILATION FAILURE	uint256 since = lastPriceExecutedAt != 0 ? lastPriceExecutedAt : (assembledAt != 0 ? assembledAt : (fullAt != 0 ? fullAt : type(uint64).max))	uint256 since = lastPriceExecutedAt == 0 ? lastPriceExecutedAt : (assembledAt 
Party.sol	ROR	451	COMPILATION FAILURE	uint256 since = lastPriceExecutedAt != 0 ? lastPriceExecutedAt : (assembledAt != 0 ? assembledAt : (fullAt != 0 ? fullAt : type(uint64).max))	uint256 since = lastPriceExecutedAt > 0 ? lastPriceExecutedAt : (assembledAt 
Party.sol	ROR	451	COMPILATION FAILURE	uint256 since = lastPriceExecutedAt != 0 ? lastPriceExecutedAt : (assembledAt != 0 ? assembledAt : (fullAt != 0 ? fullAt : type(uint64).max))	uint256 since = lastPriceExecutedAt >= 0 ? lastPriceExecutedAt : (assembledAt 
Party.sol	ROR	452	COMPILATION FAILURE	return since != type(uint64).max && block.timestamp > since + _t(DEADLOCK_TIME)	return since != type(uint64).max && block.timestamp != since + _t(DEADLOCK_TIME)
Party.sol	ROR	452	COMPILATION FAILURE	return since != type(uint64).max && block.timestamp > since + _t(DEADLOCK_TIME)	return since != type(uint64).max && block.timestamp < since + _t(DEADLOCK_TIME)
Party.sol	ROR	452	COMPILATION FAILURE	return since != type(uint64).max && block.timestamp > since + _t(DEADLOCK_TIME)	return since != type(uint64).max && block.timestamp <= since + _t(DEADLOCK_TIME)
Party.sol	ROR	452	COMPILATION FAILURE	return since != type(uint64).max && block.timestamp > since + _t(DEADLOCK_TIME)	return since != type(uint64).max && block.timestamp == since + _t(DEADLOCK_TIME)
Party.sol	ROR	452	COMPILATION FAILURE	return since != type(uint64).max && block.timestamp > since + _t(DEADLOCK_TIME)	return since != type(uint64).max && block.timestamp >= since + _t(DEADLOCK_TIME)
Party.sol	ROR	452	COMPILATION FAILURE	return since != type(uint64).max && block.timestamp > since + _t(DEADLOCK_TIME)	return since < type(uint64).max && block.timestamp > since + _t(DEADLOCK_TIME)
Party.sol	ROR	452	COMPILATION FAILURE	return since != type(uint64).max && block.timestamp > since + _t(DEADLOCK_TIME)	return since <= type(uint64).max && block.timestamp > since + _t(DEADLOCK_TIME)
Party.sol	ROR	452	COMPILATION FAILURE	return since != type(uint64).max && block.timestamp > since + _t(DEADLOCK_TIME)	return since == type(uint64).max && block.timestamp > since + _t(DEADLOCK_TIME)
Party.sol	ROR	452	COMPILATION FAILURE	return since != type(uint64).max && block.timestamp > since + _t(DEADLOCK_TIME)	return since > type(uint64).max && block.timestamp > since + _t(DEADLOCK_TIME)
Party.sol	ROR	452	COMPILATION FAILURE	return since != type(uint64).max && block.timestamp > since + _t(DEADLOCK_TIME)	return since >= type(uint64).max && block.timestamp > since + _t(DEADLOCK_TIME)
Party.sol	ROR	458	UNCAUGHT	k > 0	k != 0
Party.sol	ROR	458	CAUGHT	k > 0	k < 0
Party.sol	ROR	458	CAUGHT	k > 0	k <= 0
Party.sol	ROR	458	CAUGHT	k > 0	k == 0
Party.sol	ROR	458	CAUGHT	k > 0	k >= 0
Party.sol	ROR	459	CAUGHT	block.timestamp >= _proposals[ids[k - 1]].endsAt	block.timestamp != _proposals[ids[k - 1]].endsAt
Party.sol	ROR	459	CAUGHT	block.timestamp >= _proposals[ids[k - 1]].endsAt	block.timestamp < _proposals[ids[k - 1]].endsAt
Party.sol	ROR	459	CAUGHT	block.timestamp >= _proposals[ids[k - 1]].endsAt	block.timestamp <= _proposals[ids[k - 1]].endsAt
Party.sol	ROR	459	UNCAUGHT	block.timestamp >= _proposals[ids[k - 1]].endsAt	block.timestamp == _proposals[ids[k - 1]].endsAt
Party.sol	ROR	459	CAUGHT	block.timestamp >= _proposals[ids[k - 1]].endsAt	block.timestamp > _proposals[ids[k - 1]].endsAt
Party.sol	ROR	467	COMPILATION FAILURE	status() != Status.ASSEMBLED || ask == 0 || askSpec.mode == PriceMode.Fixed	status() != Status.ASSEMBLED || ask != 0 || askSpec.mode 
Party.sol	ROR	467	COMPILATION FAILURE	status() != Status.ASSEMBLED || ask == 0 || askSpec.mode == PriceMode.Fixed	status() != Status.ASSEMBLED || ask < 0 || askSpec.mode 
Party.sol	ROR	467	COMPILATION FAILURE	status() != Status.ASSEMBLED || ask == 0 || askSpec.mode == PriceMode.Fixed	status() != Status.ASSEMBLED || ask <= 0 || askSpec.mode 
Party.sol	ROR	467	COMPILATION FAILURE	status() != Status.ASSEMBLED || ask == 0 || askSpec.mode == PriceMode.Fixed	status() != Status.ASSEMBLED || ask > 0 || askSpec.mode 
Party.sol	ROR	467	COMPILATION FAILURE	status() != Status.ASSEMBLED || ask == 0 || askSpec.mode == PriceMode.Fixed	status() != Status.ASSEMBLED || ask >= 0 || askSpec.mode 
Party.sol	ROR	467	UNCAUGHT	status() != Status.ASSEMBLED || ask == 0 || askSpec.mode == PriceMode.Fixed	status() < Status.ASSEMBLED || ask == 0 || askSpec.mode == PriceMode.Fixed
Party.sol	ROR	467	CAUGHT	status() != Status.ASSEMBLED || ask == 0 || askSpec.mode == PriceMode.Fixed	status() <= Status.ASSEMBLED || ask == 0 || askSpec.mode == PriceMode.Fixed
Party.sol	ROR	467	CAUGHT	status() != Status.ASSEMBLED || ask == 0 || askSpec.mode == PriceMode.Fixed	status() == Status.ASSEMBLED || ask == 0 || askSpec.mode == PriceMode.Fixed
Party.sol	ROR	467	UNCAUGHT	status() != Status.ASSEMBLED || ask == 0 || askSpec.mode == PriceMode.Fixed	status() > Status.ASSEMBLED || ask == 0 || askSpec.mode == PriceMode.Fixed
Party.sol	ROR	467	CAUGHT	status() != Status.ASSEMBLED || ask == 0 || askSpec.mode == PriceMode.Fixed	status() >= Status.ASSEMBLED || ask == 0 || askSpec.mode == PriceMode.Fixed
Party.sol	ROR	469	CAUGHT	next <= ask	next != ask
Party.sol	ROR	469	CAUGHT	next <= ask	next < ask
Party.sol	ROR	469	CAUGHT	next <= ask	next == ask
Party.sol	ROR	469	CAUGHT	next <= ask	next > ask
Party.sol	ROR	469	CAUGHT	next <= ask	next >= ask
Party.sol	ROR	478	CAUGHT	status() != Status.ASSEMBLED || ask == 0	status() != Status.ASSEMBLED || ask != 0
Party.sol	ROR	478	CAUGHT	status() != Status.ASSEMBLED || ask == 0	status() != Status.ASSEMBLED || ask < 0
Party.sol	ROR	478	UNCAUGHT	status() != Status.ASSEMBLED || ask == 0	status() != Status.ASSEMBLED || ask <= 0
Party.sol	ROR	478	CAUGHT	status() != Status.ASSEMBLED || ask == 0	status() != Status.ASSEMBLED || ask > 0
Party.sol	ROR	478	CAUGHT	status() != Status.ASSEMBLED || ask == 0	status() != Status.ASSEMBLED || ask >= 0
Party.sol	ROR	478	UNCAUGHT	status() != Status.ASSEMBLED || ask == 0	status() < Status.ASSEMBLED || ask == 0
Party.sol	ROR	478	CAUGHT	status() != Status.ASSEMBLED || ask == 0	status() <= Status.ASSEMBLED || ask == 0
Party.sol	ROR	478	CAUGHT	status() != Status.ASSEMBLED || ask == 0	status() == Status.ASSEMBLED || ask == 0
Party.sol	ROR	478	UNCAUGHT	status() != Status.ASSEMBLED || ask == 0	status() > Status.ASSEMBLED || ask == 0
Party.sol	ROR	478	CAUGHT	status() != Status.ASSEMBLED || ask == 0	status() >= Status.ASSEMBLED || ask == 0
Party.sol	ROR	479	UNCAUGHT	block.timestamp < buyableAt	block.timestamp != buyableAt
Party.sol	ROR	479	CAUGHT	block.timestamp < buyableAt	block.timestamp <= buyableAt
Party.sol	ROR	479	CAUGHT	block.timestamp < buyableAt	block.timestamp == buyableAt
Party.sol	ROR	479	CAUGHT	block.timestamp < buyableAt	block.timestamp > buyableAt
Party.sol	ROR	479	CAUGHT	block.timestamp < buyableAt	block.timestamp >= buyableAt
Party.sol	ROR	481	CAUGHT	price > maxPrice || msg.value < price	price != maxPrice || msg.value < price
Party.sol	ROR	481	CAUGHT	price > maxPrice || msg.value < price	price < maxPrice || msg.value < price
Party.sol	ROR	481	CAUGHT	price > maxPrice || msg.value < price	price <= maxPrice || msg.value < price
Party.sol	ROR	481	CAUGHT	price > maxPrice || msg.value < price	price == maxPrice || msg.value < price
Party.sol	ROR	481	CAUGHT	price > maxPrice || msg.value < price	price > maxPrice || msg.value != price
Party.sol	ROR	481	CAUGHT	price > maxPrice || msg.value < price	price > maxPrice || msg.value <= price
Party.sol	ROR	481	CAUGHT	price > maxPrice || msg.value < price	price > maxPrice || msg.value == price
Party.sol	ROR	481	CAUGHT	price > maxPrice || msg.value < price	price > maxPrice || msg.value > price
Party.sol	ROR	481	CAUGHT	price > maxPrice || msg.value < price	price > maxPrice || msg.value >= price
Party.sol	ROR	481	CAUGHT	price > maxPrice || msg.value < price	price >= maxPrice || msg.value < price
Party.sol	ROR	492	UNCAUGHT	royalty > 0	royalty != 0
Party.sol	ROR	492	CAUGHT	royalty > 0	royalty < 0
Party.sol	ROR	492	CAUGHT	royalty > 0	royalty <= 0
Party.sol	ROR	492	CAUGHT	royalty > 0	royalty == 0
Party.sol	ROR	492	UNCAUGHT	royalty > 0	royalty >= 0
Party.sol	ROR	496	UNCAUGHT	msg.value > price	msg.value != price
Party.sol	ROR	496	CAUGHT	msg.value > price	msg.value < price
Party.sol	ROR	496	CAUGHT	msg.value > price	msg.value <= price
Party.sol	ROR	496	CAUGHT	msg.value > price	msg.value == price
Party.sol	ROR	496	CAUGHT	msg.value > price	msg.value >= price
Party.sol	ROR	507	UNCAUGHT	i < cardIds.length	i != cardIds.length
Party.sol	ROR	507	CAUGHT	i < cardIds.length	i <= cardIds.length
Party.sol	ROR	507	CAUGHT	i < cardIds.length	i == cardIds.length
Party.sol	ROR	507	CAUGHT	i < cardIds.length	i > cardIds.length
Party.sol	ROR	507	CAUGHT	i < cardIds.length	i >= cardIds.length
Party.sol	ROR	524	UNCAUGHT	i < cardIds.length	i != cardIds.length
Party.sol	ROR	524	CAUGHT	i < cardIds.length	i <= cardIds.length
Party.sol	ROR	524	CAUGHT	i < cardIds.length	i == cardIds.length
Party.sol	ROR	524	CAUGHT	i < cardIds.length	i > cardIds.length
Party.sol	ROR	524	CAUGHT	i < cardIds.length	i >= cardIds.length
Party.sol	ROR	540	CAUGHT	amt == 0	amt != 0
Party.sol	ROR	540	CAUGHT	amt == 0	amt < 0
Party.sol	ROR	540	UNCAUGHT	amt == 0	amt <= 0
Party.sol	ROR	540	CAUGHT	amt == 0	amt > 0
Party.sol	ROR	540	CAUGHT	amt == 0	amt >= 0
Party.sol	ROR	556	CAUGHT	p.mode == PriceMode.Fixed && (p.value <= 0 || p.value > 1e24)	p.mode != PriceMode.Fixed && (p.value <= 0 || p.value > 1e24)
Party.sol	ROR	556	CAUGHT	p.mode == PriceMode.Fixed && (p.value <= 0 || p.value > 1e24)	p.mode < PriceMode.Fixed && (p.value <= 0 || p.value > 1e24)
Party.sol	ROR	556	UNCAUGHT	p.mode == PriceMode.Fixed && (p.value <= 0 || p.value > 1e24)	p.mode <= PriceMode.Fixed && (p.value <= 0 || p.value > 1e24)
Party.sol	ROR	556	CAUGHT	p.mode == PriceMode.Fixed && (p.value <= 0 || p.value > 1e24)	p.mode == PriceMode.Fixed && (p.value != 0 || p.value > 1e24)
Party.sol	ROR	556	CAUGHT	p.mode == PriceMode.Fixed && (p.value <= 0 || p.value > 1e24)	p.mode == PriceMode.Fixed && (p.value < 0 || p.value > 1e24)
Party.sol	ROR	556	CAUGHT	p.mode == PriceMode.Fixed && (p.value <= 0 || p.value > 1e24)	p.mode == PriceMode.Fixed && (p.value <= 0 || p.value != 1e24)
Party.sol	ROR	556	CAUGHT	p.mode == PriceMode.Fixed && (p.value <= 0 || p.value > 1e24)	p.mode == PriceMode.Fixed && (p.value <= 0 || p.value < 1e24)
Party.sol	ROR	556	CAUGHT	p.mode == PriceMode.Fixed && (p.value <= 0 || p.value > 1e24)	p.mode == PriceMode.Fixed && (p.value <= 0 || p.value <= 1e24)
Party.sol	ROR	556	CAUGHT	p.mode == PriceMode.Fixed && (p.value <= 0 || p.value > 1e24)	p.mode == PriceMode.Fixed && (p.value <= 0 || p.value == 1e24)
Party.sol	ROR	556	CAUGHT	p.mode == PriceMode.Fixed && (p.value <= 0 || p.value > 1e24)	p.mode == PriceMode.Fixed && (p.value <= 0 || p.value >= 1e24)
Party.sol	ROR	556	CAUGHT	p.mode == PriceMode.Fixed && (p.value <= 0 || p.value > 1e24)	p.mode == PriceMode.Fixed && (p.value == 0 || p.value > 1e24)
Party.sol	ROR	556	CAUGHT	p.mode == PriceMode.Fixed && (p.value <= 0 || p.value > 1e24)	p.mode == PriceMode.Fixed && (p.value > 0 || p.value > 1e24)
Party.sol	ROR	556	CAUGHT	p.mode == PriceMode.Fixed && (p.value <= 0 || p.value > 1e24)	p.mode == PriceMode.Fixed && (p.value >= 0 || p.value > 1e24)
Party.sol	ROR	556	CAUGHT	p.mode == PriceMode.Fixed && (p.value <= 0 || p.value > 1e24)	p.mode > PriceMode.Fixed && (p.value <= 0 || p.value > 1e24)
Party.sol	ROR	556	CAUGHT	p.mode == PriceMode.Fixed && (p.value <= 0 || p.value > 1e24)	p.mode >= PriceMode.Fixed && (p.value <= 0 || p.value > 1e24)
Party.sol	ROR	557	CAUGHT	p.mode == PriceMode.FloorPct && (p.value <= -10_000 || p.value > 1_000_000)	p.mode != PriceMode.FloorPct && (p.value <= -10_000 || p.value > 1_000_000)
Party.sol	ROR	557	CAUGHT	p.mode == PriceMode.FloorPct && (p.value <= -10_000 || p.value > 1_000_000)	p.mode < PriceMode.FloorPct && (p.value <= -10_000 || p.value > 1_000_000)
Party.sol	ROR	557	CAUGHT	p.mode == PriceMode.FloorPct && (p.value <= -10_000 || p.value > 1_000_000)	p.mode <= PriceMode.FloorPct && (p.value <= -10_000 || p.value > 1_000_000)
Party.sol	ROR	557	CAUGHT	p.mode == PriceMode.FloorPct && (p.value <= -10_000 || p.value > 1_000_000)	p.mode == PriceMode.FloorPct && (p.value != -10_000 || p.value > 1_000_000)
Party.sol	ROR	557	CAUGHT	p.mode == PriceMode.FloorPct && (p.value <= -10_000 || p.value > 1_000_000)	p.mode == PriceMode.FloorPct && (p.value < -10_000 || p.value > 1_000_000)
Party.sol	ROR	557	CAUGHT	p.mode == PriceMode.FloorPct && (p.value <= -10_000 || p.value > 1_000_000)	p.mode == PriceMode.FloorPct && (p.value <= -10_000 || p.value != 1_000_000)
Party.sol	ROR	557	CAUGHT	p.mode == PriceMode.FloorPct && (p.value <= -10_000 || p.value > 1_000_000)	p.mode == PriceMode.FloorPct && (p.value <= -10_000 || p.value < 1_000_000)
Party.sol	ROR	557	CAUGHT	p.mode == PriceMode.FloorPct && (p.value <= -10_000 || p.value > 1_000_000)	p.mode == PriceMode.FloorPct && (p.value <= -10_000 || p.value <= 1_000_000)
Party.sol	ROR	557	CAUGHT	p.mode == PriceMode.FloorPct && (p.value <= -10_000 || p.value > 1_000_000)	p.mode == PriceMode.FloorPct && (p.value <= -10_000 || p.value == 1_000_000)
Party.sol	ROR	557	CAUGHT	p.mode == PriceMode.FloorPct && (p.value <= -10_000 || p.value > 1_000_000)	p.mode == PriceMode.FloorPct && (p.value <= -10_000 || p.value >= 1_000_000)
Party.sol	ROR	557	UNCAUGHT	p.mode == PriceMode.FloorPct && (p.value <= -10_000 || p.value > 1_000_000)	p.mode == PriceMode.FloorPct && (p.value == -10_000 || p.value > 1_000_000)
Party.sol	ROR	557	CAUGHT	p.mode == PriceMode.FloorPct && (p.value <= -10_000 || p.value > 1_000_000)	p.mode == PriceMode.FloorPct && (p.value > -10_000 || p.value > 1_000_000)
Party.sol	ROR	557	CAUGHT	p.mode == PriceMode.FloorPct && (p.value <= -10_000 || p.value > 1_000_000)	p.mode == PriceMode.FloorPct && (p.value >= -10_000 || p.value > 1_000_000)
Party.sol	ROR	557	CAUGHT	p.mode == PriceMode.FloorPct && (p.value <= -10_000 || p.value > 1_000_000)	p.mode > PriceMode.FloorPct && (p.value <= -10_000 || p.value > 1_000_000)
Party.sol	ROR	557	CAUGHT	p.mode == PriceMode.FloorPct && (p.value <= -10_000 || p.value > 1_000_000)	p.mode >= PriceMode.FloorPct && (p.value <= -10_000 || p.value > 1_000_000)
Party.sol	ROR	558	CAUGHT	p.mode == PriceMode.FloorDelta && (p.value < -1e24 || p.value > 1e24)	p.mode != PriceMode.FloorDelta && (p.value < -1e24 || p.value > 1e24)
Party.sol	ROR	558	CAUGHT	p.mode == PriceMode.FloorDelta && (p.value < -1e24 || p.value > 1e24)	p.mode < PriceMode.FloorDelta && (p.value < -1e24 || p.value > 1e24)
Party.sol	ROR	558	UNCAUGHT	p.mode == PriceMode.FloorDelta && (p.value < -1e24 || p.value > 1e24)	p.mode <= PriceMode.FloorDelta && (p.value < -1e24 || p.value > 1e24)
Party.sol	ROR	558	CAUGHT	p.mode == PriceMode.FloorDelta && (p.value < -1e24 || p.value > 1e24)	p.mode == PriceMode.FloorDelta && (p.value != -1e24 || p.value > 1e24)
Party.sol	ROR	558	CAUGHT	p.mode == PriceMode.FloorDelta && (p.value < -1e24 || p.value > 1e24)	p.mode == PriceMode.FloorDelta && (p.value < -1e24 || p.value != 1e24)
Party.sol	ROR	558	CAUGHT	p.mode == PriceMode.FloorDelta && (p.value < -1e24 || p.value > 1e24)	p.mode == PriceMode.FloorDelta && (p.value < -1e24 || p.value < 1e24)
Party.sol	ROR	558	CAUGHT	p.mode == PriceMode.FloorDelta && (p.value < -1e24 || p.value > 1e24)	p.mode == PriceMode.FloorDelta && (p.value < -1e24 || p.value <= 1e24)
Party.sol	ROR	558	CAUGHT	p.mode == PriceMode.FloorDelta && (p.value < -1e24 || p.value > 1e24)	p.mode == PriceMode.FloorDelta && (p.value < -1e24 || p.value == 1e24)
Party.sol	ROR	558	CAUGHT	p.mode == PriceMode.FloorDelta && (p.value < -1e24 || p.value > 1e24)	p.mode == PriceMode.FloorDelta && (p.value < -1e24 || p.value >= 1e24)
Party.sol	ROR	558	CAUGHT	p.mode == PriceMode.FloorDelta && (p.value < -1e24 || p.value > 1e24)	p.mode == PriceMode.FloorDelta && (p.value <= -1e24 || p.value > 1e24)
Party.sol	ROR	558	CAUGHT	p.mode == PriceMode.FloorDelta && (p.value < -1e24 || p.value > 1e24)	p.mode == PriceMode.FloorDelta && (p.value == -1e24 || p.value > 1e24)
Party.sol	ROR	558	CAUGHT	p.mode == PriceMode.FloorDelta && (p.value < -1e24 || p.value > 1e24)	p.mode == PriceMode.FloorDelta && (p.value > -1e24 || p.value > 1e24)
Party.sol	ROR	558	CAUGHT	p.mode == PriceMode.FloorDelta && (p.value < -1e24 || p.value > 1e24)	p.mode == PriceMode.FloorDelta && (p.value >= -1e24 || p.value > 1e24)
Party.sol	ROR	558	CAUGHT	p.mode == PriceMode.FloorDelta && (p.value < -1e24 || p.value > 1e24)	p.mode > PriceMode.FloorDelta && (p.value < -1e24 || p.value > 1e24)
Party.sol	ROR	558	UNCAUGHT	p.mode == PriceMode.FloorDelta && (p.value < -1e24 || p.value > 1e24)	p.mode >= PriceMode.FloorDelta && (p.value < -1e24 || p.value > 1e24)
Party.sol	ROR	562	COMPILATION FAILURE	f.issuedAt > block.timestamp || block.timestamp - f.issuedAt > FLOOR_MAX_AGE	f.issuedAt != block.timestamp || block.timestamp - f.issuedAt 
Party.sol	ROR	562	COMPILATION FAILURE	f.issuedAt > block.timestamp || block.timestamp - f.issuedAt > FLOOR_MAX_AGE	f.issuedAt < block.timestamp || block.timestamp - f.issuedAt 
Party.sol	ROR	562	COMPILATION FAILURE	f.issuedAt > block.timestamp || block.timestamp - f.issuedAt > FLOOR_MAX_AGE	f.issuedAt <= block.timestamp || block.timestamp - f.issuedAt 
Party.sol	ROR	562	COMPILATION FAILURE	f.issuedAt > block.timestamp || block.timestamp - f.issuedAt > FLOOR_MAX_AGE	f.issuedAt == block.timestamp || block.timestamp - f.issuedAt 
Party.sol	ROR	562	COMPILATION FAILURE	f.issuedAt > block.timestamp || block.timestamp - f.issuedAt > FLOOR_MAX_AGE	f.issuedAt >= block.timestamp || block.timestamp - f.issuedAt 
Party.sol	ROR	563	CAUGHT	f.issuedAt < lastFloorAt	f.issuedAt != lastFloorAt
Party.sol	ROR	563	CAUGHT	f.issuedAt < lastFloorAt	f.issuedAt <= lastFloorAt
Party.sol	ROR	563	CAUGHT	f.issuedAt < lastFloorAt	f.issuedAt == lastFloorAt
Party.sol	ROR	563	CAUGHT	f.issuedAt < lastFloorAt	f.issuedAt > lastFloorAt
Party.sol	ROR	563	CAUGHT	f.issuedAt < lastFloorAt	f.issuedAt >= lastFloorAt
Party.sol	ROR	566	CAUGHT	f.floorWei == 0	f.floorWei != 0
Party.sol	ROR	566	CAUGHT	f.floorWei == 0	f.floorWei < 0
Party.sol	ROR	566	UNCAUGHT	f.floorWei == 0	f.floorWei <= 0
Party.sol	ROR	566	CAUGHT	f.floorWei == 0	f.floorWei > 0
Party.sol	ROR	566	CAUGHT	f.floorWei == 0	f.floorWei >= 0
Party.sol	ROR	571	CAUGHT	p.mode == PriceMode.Fixed	p.mode != PriceMode.Fixed
Party.sol	ROR	571	CAUGHT	p.mode == PriceMode.Fixed	p.mode < PriceMode.Fixed
Party.sol	ROR	571	UNCAUGHT	p.mode == PriceMode.Fixed	p.mode <= PriceMode.Fixed
Party.sol	ROR	571	CAUGHT	p.mode == PriceMode.Fixed	p.mode > PriceMode.Fixed
Party.sol	ROR	571	CAUGHT	p.mode == PriceMode.Fixed	p.mode >= PriceMode.Fixed
Party.sol	ROR	578	COMPILATION FAILURE	int256 r = p.mode == PriceMode.FloorPct ? f * (10_000 + p.value) / 10_000 : f + p.value	int256 r = p.mode != PriceMode.FloorPct ? f * (10_000 + p.value) / 10_000 : f + p.value
Party.sol	ROR	578	COMPILATION FAILURE	int256 r = p.mode == PriceMode.FloorPct ? f * (10_000 + p.value) / 10_000 : f + p.value	int256 r = p.mode < PriceMode.FloorPct ? f * (10_000 + p.value) / 10_000 : f + p.value
Party.sol	ROR	578	COMPILATION FAILURE	int256 r = p.mode == PriceMode.FloorPct ? f * (10_000 + p.value) / 10_000 : f + p.value	int256 r = p.mode <= PriceMode.FloorPct ? f * (10_000 + p.value) / 10_000 : f + p.value
Party.sol	ROR	578	COMPILATION FAILURE	int256 r = p.mode == PriceMode.FloorPct ? f * (10_000 + p.value) / 10_000 : f + p.value	int256 r = p.mode > PriceMode.FloorPct ? f * (10_000 + p.value) / 10_000 : f + p.value
Party.sol	ROR	578	COMPILATION FAILURE	int256 r = p.mode == PriceMode.FloorPct ? f * (10_000 + p.value) / 10_000 : f + p.value	int256 r = p.mode >= PriceMode.FloorPct ? f * (10_000 + p.value) / 10_000 : f + p.value
Party.sol	ROR	579	CAUGHT	r <= 0	r != 0
Party.sol	ROR	579	CAUGHT	r <= 0	r < 0
Party.sol	ROR	579	CAUGHT	r <= 0	r == 0
Party.sol	ROR	579	CAUGHT	r <= 0	r > 0
Party.sol	ROR	579	CAUGHT	r <= 0	r >= 0
Party.sol	ROR	585	COMPILATION FAILURE	return v < _params.minAskWei ? _params.minAskWei : v	return v != _params.minAskWei ? _params.minAskWei : v
Party.sol	ROR	585	COMPILATION FAILURE	return v < _params.minAskWei ? _params.minAskWei : v	return v <= _params.minAskWei ? _params.minAskWei : v
Party.sol	ROR	585	COMPILATION FAILURE	return v < _params.minAskWei ? _params.minAskWei : v	return v == _params.minAskWei ? _params.minAskWei : v
Party.sol	ROR	585	COMPILATION FAILURE	return v < _params.minAskWei ? _params.minAskWei : v	return v > _params.minAskWei ? _params.minAskWei : v
Party.sol	ROR	585	COMPILATION FAILURE	return v < _params.minAskWei ? _params.minAskWei : v	return v >= _params.minAskWei ? _params.minAskWei : v
Party.sol	ROR	594	COMPILATION FAILURE	return h == 24 || h == 48 || h == 72 || h == 168	return h != 24 || h 
Party.sol	ROR	594	COMPILATION FAILURE	return h == 24 || h == 48 || h == 72 || h == 168	return h < 24 || h 
Party.sol	ROR	594	COMPILATION FAILURE	return h == 24 || h == 48 || h == 72 || h == 168	return h <= 24 || h 
Party.sol	ROR	594	COMPILATION FAILURE	return h == 24 || h == 48 || h == 72 || h == 168	return h > 24 || h 
Party.sol	ROR	594	COMPILATION FAILURE	return h == 24 || h == 48 || h == 72 || h == 168	return h >= 24 || h 
Party.sol	ROR	600	CAUGHT	!ok || r.length < 64	!ok || r.length != 64
Party.sol	ROR	600	CAUGHT	!ok || r.length < 64	!ok || r.length <= 64
Party.sol	ROR	600	CAUGHT	!ok || r.length < 64	!ok || r.length == 64
Party.sol	ROR	600	CAUGHT	!ok || r.length < 64	!ok || r.length > 64
Party.sol	ROR	600	CAUGHT	!ok || r.length < 64	!ok || r.length >= 64
Party.sol	ROR	602	CAUGHT	a == 0 || a >> 160 != 0	a != 0 || a >> 160 != 0
Party.sol	ROR	602	CAUGHT	a == 0 || a >> 160 != 0	a < 0 || a >> 160 != 0
Party.sol	ROR	602	UNCAUGHT	a == 0 || a >> 160 != 0	a <= 0 || a >> 160 != 0
Party.sol	ROR	602	CAUGHT	a == 0 || a >> 160 != 0	a == 0 || a >> 160 < 0
Party.sol	ROR	602	CAUGHT	a == 0 || a >> 160 != 0	a == 0 || a >> 160 <= 0
Party.sol	ROR	602	CAUGHT	a == 0 || a >> 160 != 0	a == 0 || a >> 160 == 0
Party.sol	ROR	602	UNCAUGHT	a == 0 || a >> 160 != 0	a == 0 || a >> 160 > 0
Party.sol	ROR	602	CAUGHT	a == 0 || a >> 160 != 0	a == 0 || a >> 160 >= 0
Party.sol	ROR	602	CAUGHT	a == 0 || a >> 160 != 0	a > 0 || a >> 160 != 0
Party.sol	ROR	602	CAUGHT	a == 0 || a >> 160 != 0	a >= 0 || a >> 160 != 0
Party.sol	ROR	604	COMPILATION FAILURE	return (address(uint160(a)), v > cap ? cap : v)	return (address(uint160(a)), v != cap ? cap : v)
Party.sol	ROR	604	COMPILATION FAILURE	return (address(uint160(a)), v > cap ? cap : v)	return (address(uint160(a)), v < cap ? cap : v)
Party.sol	ROR	604	COMPILATION FAILURE	return (address(uint160(a)), v > cap ? cap : v)	return (address(uint160(a)), v <= cap ? cap : v)
Party.sol	ROR	604	COMPILATION FAILURE	return (address(uint160(a)), v > cap ? cap : v)	return (address(uint160(a)), v == cap ? cap : v)
Party.sol	ROR	604	COMPILATION FAILURE	return (address(uint160(a)), v > cap ? cap : v)	return (address(uint160(a)), v >= cap ? cap : v)
Party.sol	RR	43	COMPILATION FAILURE	uint256 public constant SLOTS = 80	revert()
Party.sol	RR	44	COMPILATION FAILURE	uint256 public constant PASS = 41	revert()
Party.sol	RR	45	COMPILATION FAILURE	uint256 public constant PASS_BELOW_FLOOR = 60	revert()
Party.sol	RR	46	COMPILATION FAILURE	uint256 public constant PASS_DEADLOCK = 54	revert()
Party.sol	RR	47	COMPILATION FAILURE	uint256 public constant DEADLOCK_BLOCKS = 3	revert()
Party.sol	RR	48	COMPILATION FAILURE	uint256 public constant DEADLOCK_TIME = 30 days	revert()
Party.sol	RR	49	COMPILATION FAILURE	uint256 public constant EXECUTE_WINDOW = 7 days	revert()
Party.sol	RR	50	COMPILATION FAILURE	uint256 public constant MAX_BUY_DELAY_HOURS = 72	revert()
Party.sol	RR	51	COMPILATION FAILURE	uint256 public constant FILL_GRACE = 2 days	revert()
Party.sol	RR	52	COMPILATION FAILURE	uint256 public constant FLOOR_MAX_AGE = 1 hours	revert()
Party.sol	RR	53	COMPILATION FAILURE	uint256 public constant ROYALTY_CAP_BPS = 1000	revert()
Party.sol	RR	54	COMPILATION FAILURE	uint256 public constant MAX_OPEN_PER_PROPOSER = 3	revert()
Party.sol	RR	158	UNCAUGHT	_disableInitializers()	revert()
Party.sol	RR	161	COMPILATION FAILURE	initializer	revert()
Party.sol	RR	162	CAUGHT	factory = IFactory(msg.sender)	revert()
Party.sol	RR	163	CAUGHT	credits = factory.credits()	revert()
Party.sol	RR	164	CAUGHT	cards = factory.cards()	revert()
Party.sol	RR	165	CAUGHT	timeUnit = factory.timeUnit()	revert()
Party.sol	RR	171	CAUGHT	_checkPrice(p.defaultPrice)	revert()
Party.sol	RR	176	CAUGHT	host = host_	revert()
Party.sol	RR	177	CAUGHT	_params = p	revert()
Party.sol	RR	178	CAUGHT	createdAt = uint64(block.timestamp)	revert()
Party.sol	RR	179	CAUGHT	deadline = uint64(block.timestamp + _t(uint256(p.durationDays) * 1 days))	revert()
Party.sol	RR	184	CAUGHT	return _params	revert()
Party.sol	RR	185	CAUGHT	return _order	revert()
Party.sol	RR	186	CAUGHT	return _burnOrder	revert()
Party.sol	RR	187	CAUGHT	return _order.length	revert()
Party.sol	RR	188	CAUGHT	return _proposals.length	revert()
Party.sol	RR	189	CAUGHT	return _proposals[id]	revert()
Party.sol	RR	192	CAUGHT	return Status.SOLD	revert()
Party.sol	RR	193	CAUGHT	return Status.ASSEMBLED	revert()
Party.sol	RR	194	CAUGHT	return Status.EXPIRED	revert()
Party.sol	RR	195	CAUGHT	return _order.length == SLOTS ? Status.FULL : Status.OPEN	revert()
Party.sol	RR	199	COMPILATION FAILURE	Status s = status()	revert()
Party.sol	RR	200	CAUGHT	st = s == Status.OPEN ? "FILLING" : s == Status.FULL ? "FULL" : s == Status.ASSEMBLED ? "STATEMENT MADE" : s == Status.SOLD ? "SOLD / CLAIMABLE" : "EXPIRED / REDEEMABLE"	revert()
Party.sol	RR	201	CAUGHT	return (_params.name, creditOfCard[cardId], st)	revert()
Party.sol	RR	208	COMPILATION FAILURE	nonReentrant	revert()
Party.sol	RR	210	CAUGHT	_opened = true	revert()
Party.sol	RR	211	CAUGHT	_deposit(from, ids, proofs)	revert()
Party.sol	RR	215	COMPILATION FAILURE	nonReentrant	revert()
Party.sol	RR	217	CAUGHT	_deposit(msg.sender, ids, proofs)	revert()
Party.sol	RR	222	COMPILATION FAILURE	uint256 remaining = SLOTS - _order.length	revert()
Party.sol	RR	223	COMPILATION FAILURE	uint256 min = _params.minDeposit < remaining ? _params.minDeposit : remaining	revert()
Party.sol	RR	226	CAUGHT	++i	revert()
Party.sol	RR	226	COMPILATION FAILURE	i < ids.length	revert()
Party.sol	RR	226	COMPILATION FAILURE	uint256 i	revert()
Party.sol	RR	227	COMPILATION FAILURE	uint256 id = ids[i]	revert()
Party.sol	RR	230	COMPILATION FAILURE	bytes32 leaf = keccak256(bytes.concat(keccak256(abi.encode(id))))	revert()
Party.sol	RR	233	CAUGHT	credits.transferFrom(from, address(this), id)	revert()
Party.sol	RR	235	COMPILATION FAILURE	uint256 card = cards.mint(from)	revert()
Party.sol	RR	236	CAUGHT	cardOfCredit[id] = card	revert()
Party.sol	RR	237	CAUGHT	creditOfCard[card] = id	revert()
Party.sol	RR	238	CAUGHT	_order.push(id)	revert()
Party.sol	RR	239	CAUGHT	++cardsOutstanding	revert()
Party.sol	RR	240	CAUGHT	emit Deposited(from, id, card)	revert()
Party.sol	RR	243	CAUGHT	fullAt = uint64(block.timestamp)	revert()
Party.sol	RR	244	COMPILATION FAILURE	uint256 grace = block.timestamp + _t(FILL_GRACE)	revert()
Party.sol	RR	245	CAUGHT	deadline = uint64(grace)	revert()
Party.sol	RR	250	COMPILATION FAILURE	nonReentrant	revert()
Party.sol	RR	251	CAUGHT	++i	revert()
Party.sol	RR	251	CAUGHT	_redeem(cardIds[i], msg.sender)	revert()
Party.sol	RR	251	CAUGHT	for (uint256 i; i < cardIds.length; ++i) _redeem(cardIds[i], msg.sender)	revert()
Party.sol	RR	251	COMPILATION FAILURE	i < cardIds.length	revert()
Party.sol	RR	251	COMPILATION FAILURE	uint256 i	revert()
Party.sol	RR	255	COMPILATION FAILURE	nonReentrant	revert()
Party.sol	RR	257	CAUGHT	++i	revert()
Party.sol	RR	257	CAUGHT	_redeem(cardIds[i], cards.ownerOf(cardIds[i]))	revert()
Party.sol	RR	257	CAUGHT	for (uint256 i; i < cardIds.length; ++i) _redeem(cardIds[i], cards.ownerOf(cardIds[i]))	revert()
Party.sol	RR	257	COMPILATION FAILURE	i < cardIds.length	revert()
Party.sol	RR	257	COMPILATION FAILURE	uint256 i	revert()
Party.sol	RR	261	COMPILATION FAILURE	Status s = status()	revert()
Party.sol	RR	264	COMPILATION FAILURE	uint256 id = creditOfCard[cardId]	revert()
Party.sol	RR	265	CAUGHT	delete creditOfCard[cardId]	revert()
Party.sol	RR	266	CAUGHT	delete cardOfCredit[id]	revert()
Party.sol	RR	267	CAUGHT	_removeFromOrder(id)	revert()
Party.sol	RR	268	CAUGHT	--cardsOutstanding	revert()
Party.sol	RR	269	CAUGHT	cards.burn(cardId)	revert()
Party.sol	RR	270	CAUGHT	credits.transferFrom(address(this), holder, id)	revert()
Party.sol	RR	271	CAUGHT	emit Redeemed(holder, id, cardId)	revert()
Party.sol	RR	275	COMPILATION FAILURE	uint256 n = _order.length	revert()
Party.sol	RR	276	CAUGHT	++i	revert()
Party.sol	RR	276	COMPILATION FAILURE	i < n	revert()
Party.sol	RR	276	COMPILATION FAILURE	uint256 i	revert()
Party.sol	RR	278	CAUGHT	++j	revert()
Party.sol	RR	278	CAUGHT	_order[j] = _order[j + 1]	revert()
Party.sol	RR	278	CAUGHT	for (uint256 j = i; j + 1 < n; ++j) _order[j] = _order[j + 1]	revert()
Party.sol	RR	278	COMPILATION FAILURE	j + 1 < n	revert()
Party.sol	RR	278	COMPILATION FAILURE	uint256 j = i	revert()
Party.sol	RR	279	CAUGHT	_order.pop()	revert()
Party.sol	RR	280	COMPILATION FAILURE	return;	revert()
Party.sol	RR	290	COMPILATION FAILURE	nonReentrant	revert()
Party.sol	RR	292	COMPILATION FAILURE	CreditKeys.Preset p = _params.arrangement	revert()
Party.sol	RR	298	CAUGHT	CreditKeys.verifyOrder(p, credits, _order, order, _params.seed)	revert()
Party.sol	RR	301	COMPILATION FAILURE	PriceSpec memory spec = hasPendingPrice ? pendingPrice : _params.defaultPrice	revert()
Party.sol	RR	302	COMPILATION FAILURE	uint256 price = _resolve(spec, floor)	revert()
Party.sol	RR	305	CAUGHT	assembled = true	revert()
Party.sol	RR	306	CAUGHT	assembledAt = uint64(block.timestamp)	revert()
Party.sol	RR	307	CAUGHT	_burnOrder = order	revert()
Party.sol	RR	308	CAUGHT	ask = price	revert()
Party.sol	RR	309	CAUGHT	askSpec = spec	revert()
Party.sol	RR	310	CAUGHT	askLiveAt = uint64(block.timestamp)	revert()
Party.sol	RR	311	CAUGHT	buyableAt = uint64(block.timestamp + _t(uint256(hasPendingPrice ? _pendingBuyDelay : _params.buyDelayHours) * 1 hours))	revert()
Party.sol	RR	312	CAUGHT	++priceEpoch	revert()
Party.sol	RR	315	COMPILATION FAILURE	IStatement st = factory.statement()	revert()
Party.sol	RR	316	CAUGHT	credits.setApprovalForAll(address(st), true)	revert()
Party.sol	RR	317	CAUGHT	_assembling = true	revert()
Party.sol	RR	318	COMPILATION FAILURE	uint256 sid = st.make(order)	revert()
Party.sol	RR	319	CAUGHT	_assembling = false	revert()
Party.sol	RR	320	CAUGHT	credits.setApprovalForAll(address(st), false)	revert()
Party.sol	RR	322	CAUGHT	++i	revert()
Party.sol	RR	322	COMPILATION FAILURE	i < SLOTS	revert()
Party.sol	RR	322	COMPILATION FAILURE	uint256 i	revert()
Party.sol	RR	324	COMPILATION FAILURE	catch {}	revert()
Party.sol	RR	324	COMPILATION FAILURE	returns (address o) { if (o == address(this)) revert Bad("not burned"); }	revert()
Party.sol	RR	324	COMPILATION FAILURE	try credits.ownerOf(order[i]) returns (address o) { if (o == address(this)) revert Bad("not burned"); } catch {}	revert()
Party.sol	RR	326	CAUGHT	statementId = sid	revert()
Party.sol	RR	327	CAUGHT	emit Assembled(msg.sender, sid, order)	revert()
Party.sol	RR	328	CAUGHT	emit AskSet(price, hasPendingPrice)	revert()
Party.sol	RR	334	CAUGHT	return this.onERC721Received.selector	revert()
Party.sol	RR	341	COMPILATION FAILURE	Status s = status()	revert()
Party.sol	RR	342	COMPILATION FAILURE	cancel ? s != Status.ASSEMBLED : (s != Status.FULL && s != Status.ASSEMBLED)	revert()
Party.sol	RR	345	CAUGHT	_refreshOpen(msg.sender)	revert()
Party.sol	RR	347	CAUGHT	_checkPrice(price)	revert()
Party.sol	RR	349	COMPILATION FAILURE	uint16 h = cancel ? 24 : (hours_ == 0 ? _params.voteHours : hours_)	revert()
Party.sol	RR	351	CAUGHT	id = _proposals.length	revert()
Party.sol	RR	352	COMPILATION FAILURE	bool dl = _deadlocked()	revert()
Party.sol	RR	358	CAUGHT	_openIds[msg.sender].push(id)	revert()
Party.sol	RR	359	CAUGHT	emit Proposed(id, msg.sender, cancel, price.mode, price.value, _proposals[id].endsAt, dl)	revert()
Party.sol	RR	360	CAUGHT	_vote(id, msg.sender, true)	revert()
Party.sol	RR	364	CAUGHT	_vote(id, msg.sender, support)	revert()
Party.sol	RR	368	COMPILATION FAILURE	Proposal storage p = _proposals[id]	revert()
Party.sol	RR	370	COMPILATION FAILURE	uint128 w = weightOf[id][voter]	revert()
Party.sol	RR	372	CAUGHT	w = uint128(cards.heldAt(address(this), voter, p.snapshot))	revert()
Party.sol	RR	374	CAUGHT	weightOf[id][voter] = w	revert()
Party.sol	RR	376	COMPILATION FAILURE	uint8 prev = voteOf[id][voter]	revert()
Party.sol	RR	377	CAUGHT	p.no -= w	revert()
Party.sol	RR	377	CAUGHT	p.yes -= w	revert()
Party.sol	RR	378	CAUGHT	p.no += w	revert()
Party.sol	RR	378	CAUGHT	p.yes += w	revert()
Party.sol	RR	379	CAUGHT	voteOf[id][voter] = support ? 1 : 2	revert()
Party.sol	RR	380	CAUGHT	emit Voted(id, voter, support, w)	revert()
Party.sol	RR	385	COMPILATION FAILURE	Proposal storage p = _proposals[id]	revert()
Party.sol	RR	386	COMPILATION FAILURE	uint256 need = (!p.cancel && price < floorWei) ? PASS_BELOW_FLOOR : PASS	revert()
Party.sol	RR	387	CAUGHT	need = PASS_DEADLOCK	revert()
Party.sol	RR	388	CAUGHT	return need	revert()
Party.sol	RR	391	COMPILATION FAILURE	nonReentrant	revert()
Party.sol	RR	392	COMPILATION FAILURE	Proposal storage p = _proposals[id]	revert()
Party.sol	RR	393	COMPILATION FAILURE	Status s = status()	revert()
Party.sol	RR	399	COMPILATION FAILURE	p.cancel ? s != Status.ASSEMBLED : (s != Status.FULL && s != Status.ASSEMBLED)	revert()
Party.sol	RR	401	COMPILATION FAILURE	uint256 price	revert()
Party.sol	RR	402	COMPILATION FAILURE	uint256 floorWei	revert()
Party.sol	RR	406	CAUGHT	price = uint256(p.price.value)	revert()
Party.sol	RR	407	CAUGHT	floorWei = type(uint256).max	revert()
Party.sol	RR	409	CAUGHT	floorWei = _floor(floor)	revert()
Party.sol	RR	410	CAUGHT	price = p.price.mode == PriceMode.Fixed ? uint256(p.price.value) : _clampMin(_resolveWith(p.price, floorWei))	revert()
Party.sol	RR	413	COMPILATION FAILURE	uint256 need = needFor(id, price, floorWei)	revert()
Party.sol	RR	416	CAUGHT	p.executed = true	revert()
Party.sol	RR	417	CAUGHT	++priceEpoch	revert()
Party.sol	RR	418	CAUGHT	lastPriceExecutedAt = uint64(block.timestamp)	revert()
Party.sol	RR	419	CAUGHT	blockedPriceProposals = 0	revert()
Party.sol	RR	421	CAUGHT	ask = 0	revert()
Party.sol	RR	422	CAUGHT	askLiveAt = 0	revert()
Party.sol	RR	424	CAUGHT	pendingPrice = p.price	revert()
Party.sol	RR	425	CAUGHT	_pendingBuyDelay = p.buyDelayHours	revert()
Party.sol	RR	426	CAUGHT	hasPendingPrice = true	revert()
Party.sol	RR	427	CAUGHT	emit PendingPriceSet(id, p.price.mode, p.price.value)	revert()
Party.sol	RR	429	CAUGHT	ask = price	revert()
Party.sol	RR	430	CAUGHT	askSpec = p.price	revert()
Party.sol	RR	431	CAUGHT	askLiveAt = uint64(block.timestamp)	revert()
Party.sol	RR	432	CAUGHT	buyableAt = uint64(block.timestamp + _t(uint256(p.buyDelayHours) * 1 hours))	revert()
Party.sol	RR	433	CAUGHT	emit AskSet(price, true)	revert()
Party.sol	RR	435	CAUGHT	emit Executed(id, msg.sender)	revert()
Party.sol	RR	440	COMPILATION FAILURE	Proposal storage p = _proposals[id]	revert()
Party.sol	RR	444	CAUGHT	blockedCounted[id] = true	revert()
Party.sol	RR	445	CAUGHT	++blockedPriceProposals	revert()
Party.sol	RR	446	CAUGHT	emit BlockedCounted(id, blockedPriceProposals)	revert()
Party.sol	RR	450	CAUGHT	return true	revert()
Party.sol	RR	451	COMPILATION FAILURE	uint256 since = lastPriceExecutedAt != 0 ? lastPriceExecutedAt : (assembledAt != 0 ? assembledAt : (fullAt != 0 ? fullAt : type(uint64).max))	revert()
Party.sol	RR	452	CAUGHT	return since != type(uint64).max && block.timestamp > since + _t(DEADLOCK_TIME)	revert()
Party.sol	RR	457	COMPILATION FAILURE	uint256[] storage ids = _openIds[who]	revert()
Party.sol	RR	458	CAUGHT	--k	revert()
Party.sol	RR	458	COMPILATION FAILURE	k > 0	revert()
Party.sol	RR	458	COMPILATION FAILURE	uint256 k = ids.length	revert()
Party.sol	RR	459	CAUGHT	ids.pop()	revert()
Party.sol	RR	459	CAUGHT	ids[k - 1] = ids[ids.length - 1]	revert()
Party.sol	RR	463	CAUGHT	return _openIds[who]	revert()
Party.sol	RR	468	COMPILATION FAILURE	uint256 next = _resolve(askSpec, floor)	revert()
Party.sol	RR	470	CAUGHT	ask = next	revert()
Party.sol	RR	471	CAUGHT	emit AskSet(next, false)	revert()
Party.sol	RR	477	COMPILATION FAILURE	nonReentrant	revert()
Party.sol	RR	480	COMPILATION FAILURE	uint256 price = ask	revert()
Party.sol	RR	483	COMPILATION FAILURE	(address royaltyTo, uint256 royalty) = _royalty(price)	revert()
Party.sol	RR	483	COMPILATION FAILURE	address royaltyTo	revert()
Party.sol	RR	483	COMPILATION FAILURE	uint256 royalty	revert()
Party.sol	RR	484	COMPILATION FAILURE	uint256 fee = price * factory.FEE_BPS() / 10_000	revert()
Party.sol	RR	485	COMPILATION FAILURE	uint256 pot = price - royalty - fee	revert()
Party.sol	RR	486	COMPILATION FAILURE	uint256 share = pot / SLOTS	revert()
Party.sol	RR	487	COMPILATION FAILURE	uint256 dust = pot - share * SLOTS	revert()
Party.sol	RR	489	CAUGHT	sold = true	revert()
Party.sol	RR	490	CAUGHT	perCard = share	revert()
Party.sol	RR	491	CAUGHT	ask = 0	revert()
Party.sol	RR	492	CAUGHT	owed[royaltyTo] += royalty	revert()
Party.sol	RR	493	CAUGHT	owed[factory.feeRecipient()] += fee + dust	revert()
Party.sol	RR	495	CAUGHT	factory.statement().transferFrom(address(this), msg.sender, statementId)	revert()
Party.sol	RR	497	COMPILATION FAILURE	(bool ok,) = msg.sender.call{value: msg.value - price}("")	revert()
Party.sol	RR	497	COMPILATION FAILURE	bool ok	revert()
Party.sol	RR	500	CAUGHT	emit Sold(msg.sender, price, royalty, fee, share)	revert()
Party.sol	RR	504	COMPILATION FAILURE	nonReentrant	revert()
Party.sol	RR	506	COMPILATION FAILURE	uint256 total	revert()
Party.sol	RR	507	CAUGHT	++i	revert()
Party.sol	RR	507	COMPILATION FAILURE	i < cardIds.length	revert()
Party.sol	RR	507	COMPILATION FAILURE	uint256 i	revert()
Party.sol	RR	508	COMPILATION FAILURE	uint256 c = cardIds[i]	revert()
Party.sol	RR	510	CAUGHT	delete creditOfCard[c]	revert()
Party.sol	RR	511	CAUGHT	--cardsOutstanding	revert()
Party.sol	RR	512	CAUGHT	cards.burn(c)	revert()
Party.sol	RR	513	CAUGHT	total += perCard	revert()
Party.sol	RR	514	CAUGHT	emit Claimed(msg.sender, c, perCard)	revert()
Party.sol	RR	516	COMPILATION FAILURE	(bool ok,) = msg.sender.call{value: total}("")	revert()
Party.sol	RR	516	COMPILATION FAILURE	bool ok	revert()
Party.sol	RR	522	COMPILATION FAILURE	nonReentrant	revert()
Party.sol	RR	524	CAUGHT	++i	revert()
Party.sol	RR	524	COMPILATION FAILURE	i < cardIds.length	revert()
Party.sol	RR	524	COMPILATION FAILURE	uint256 i	revert()
Party.sol	RR	525	COMPILATION FAILURE	uint256 c = cardIds[i]	revert()
Party.sol	RR	527	COMPILATION FAILURE	address holder = cards.ownerOf(c)	revert()
Party.sol	RR	528	CAUGHT	delete creditOfCard[c]	revert()
Party.sol	RR	529	CAUGHT	--cardsOutstanding	revert()
Party.sol	RR	530	CAUGHT	cards.burn(c)	revert()
Party.sol	RR	531	CAUGHT	emit Claimed(holder, c, perCard)	revert()
Party.sol	RR	532	COMPILATION FAILURE	(bool ok,) = holder.call{value: perCard, gas: 50_000}("")	revert()
Party.sol	RR	532	COMPILATION FAILURE	bool ok	revert()
Party.sol	RR	533	CAUGHT	owed[holder] += perCard	revert()
Party.sol	RR	538	COMPILATION FAILURE	nonReentrant	revert()
Party.sol	RR	539	COMPILATION FAILURE	uint256 amt = owed[msg.sender]	revert()
Party.sol	RR	541	CAUGHT	owed[msg.sender] = 0	revert()
Party.sol	RR	542	COMPILATION FAILURE	(bool ok,) = msg.sender.call{value: amt}("")	revert()
Party.sol	RR	542	COMPILATION FAILURE	bool ok	revert()
Party.sol	RR	544	CAUGHT	emit Withdrawn(msg.sender, amt)	revert()
Party.sol	RR	549	CAUGHT	emit HostTransferred(host, to)	revert()
Party.sol	RR	550	CAUGHT	host = to	revert()
Party.sol	RR	564	CAUGHT	lastFloorAt = f.issuedAt	revert()
Party.sol	RR	567	CAUGHT	return f.floorWei	revert()
Party.sol	RR	571	CAUGHT	return uint256(p.value)	revert()
Party.sol	RR	572	CAUGHT	return _clampMin(_resolveWith(p, _floor(f)))	revert()
Party.sol	RR	576	UNCAUGHT	return uint256(p.value)	revert()
Party.sol	RR	577	COMPILATION FAILURE	int256 f = int256(floorWei)	revert()
Party.sol	RR	578	COMPILATION FAILURE	int256 r = p.mode == PriceMode.FloorPct ? f * (10_000 + p.value) / 10_000 : f + p.value	revert()
Party.sol	RR	580	CAUGHT	return uint256(r)	revert()
Party.sol	RR	585	CAUGHT	return v < _params.minAskWei ? _params.minAskWei : v	revert()
Party.sol	RR	590	CAUGHT	return secs * timeUnit / 1 hours	revert()
Party.sol	RR	594	CAUGHT	return h == 24 || h == 48 || h == 72 || h == 168	revert()
Party.sol	RR	599	COMPILATION FAILURE	(bool ok, bytes memory r) = address(factory.statement()).staticcall{gas: 50_000}(abi.encodeWithSignature("royaltyInfo(uint256,uint256)", statementId, price))	revert()
Party.sol	RR	599	COMPILATION FAILURE	bool ok	revert()
Party.sol	RR	599	COMPILATION FAILURE	bytes memory r	revert()
Party.sol	RR	600	CAUGHT	return (address(0), 0)	revert()
Party.sol	RR	601	COMPILATION FAILURE	(uint256 a, uint256 v) = abi.decode(r, (uint256, uint256))	revert()
Party.sol	RR	601	COMPILATION FAILURE	uint256 a	revert()
Party.sol	RR	601	COMPILATION FAILURE	uint256 v	revert()
Party.sol	RR	602	CAUGHT	return (address(0), 0)	revert()
Party.sol	RR	603	COMPILATION FAILURE	uint256 cap = price * ROYALTY_CAP_BPS / 10_000	revert()
Party.sol	RR	604	CAUGHT	return (address(uint160(a)), v > cap ? cap : v)	revert()
Party.sol	SBR	43	UNCAUGHT	uint256 public constant SLOTS = 80	uint128 public constant SLOTS = 80
Party.sol	SBR	43	CAUGHT	uint256 public constant SLOTS = 80	uint256 public immutable SLOTS = 80
Party.sol	SBR	44	UNCAUGHT	uint256 public constant PASS = 41	uint128 public constant PASS = 41
Party.sol	SBR	44	CAUGHT	uint256 public constant PASS = 41	uint256 public immutable PASS = 41
Party.sol	SBR	45	UNCAUGHT	uint256 public constant PASS_BELOW_FLOOR = 60	uint128 public constant PASS_BELOW_FLOOR = 60
Party.sol	SBR	45	CAUGHT	uint256 public constant PASS_BELOW_FLOOR = 60	uint256 public immutable PASS_BELOW_FLOOR = 60
Party.sol	SBR	46	UNCAUGHT	uint256 public constant PASS_DEADLOCK = 54	uint128 public constant PASS_DEADLOCK = 54
Party.sol	SBR	46	CAUGHT	uint256 public constant PASS_DEADLOCK = 54	uint256 public immutable PASS_DEADLOCK = 54
Party.sol	SBR	47	UNCAUGHT	uint256 public constant DEADLOCK_BLOCKS = 3	uint128 public constant DEADLOCK_BLOCKS = 3
Party.sol	SBR	47	CAUGHT	uint256 public constant DEADLOCK_BLOCKS = 3	uint256 public immutable DEADLOCK_BLOCKS = 3
Party.sol	SBR	48	UNCAUGHT	uint256 public constant DEADLOCK_TIME = 30 days	uint128 public constant DEADLOCK_TIME = 30 days
Party.sol	SBR	48	CAUGHT	uint256 public constant DEADLOCK_TIME = 30 days	uint256 public constant DEADLOCK_TIME = 30 hours
Party.sol	SBR	48	CAUGHT	uint256 public constant DEADLOCK_TIME = 30 days	uint256 public constant DEADLOCK_TIME = 30 minutes
Party.sol	SBR	48	CAUGHT	uint256 public constant DEADLOCK_TIME = 30 days	uint256 public constant DEADLOCK_TIME = 30 seconds
Party.sol	SBR	48	CAUGHT	uint256 public constant DEADLOCK_TIME = 30 days	uint256 public constant DEADLOCK_TIME = 30 weeks
Party.sol	SBR	48	CAUGHT	uint256 public constant DEADLOCK_TIME = 30 days	uint256 public immutable DEADLOCK_TIME = 30 days
Party.sol	SBR	49	UNCAUGHT	uint256 public constant EXECUTE_WINDOW = 7 days	uint128 public constant EXECUTE_WINDOW = 7 days
Party.sol	SBR	49	CAUGHT	uint256 public constant EXECUTE_WINDOW = 7 days	uint256 public constant EXECUTE_WINDOW = 7 hours
Party.sol	SBR	49	CAUGHT	uint256 public constant EXECUTE_WINDOW = 7 days	uint256 public constant EXECUTE_WINDOW = 7 minutes
Party.sol	SBR	49	CAUGHT	uint256 public constant EXECUTE_WINDOW = 7 days	uint256 public constant EXECUTE_WINDOW = 7 seconds
Party.sol	SBR	49	CAUGHT	uint256 public constant EXECUTE_WINDOW = 7 days	uint256 public constant EXECUTE_WINDOW = 7 weeks
Party.sol	SBR	49	CAUGHT	uint256 public constant EXECUTE_WINDOW = 7 days	uint256 public immutable EXECUTE_WINDOW = 7 days
Party.sol	SBR	50	UNCAUGHT	uint256 public constant MAX_BUY_DELAY_HOURS = 72	uint128 public constant MAX_BUY_DELAY_HOURS = 72
Party.sol	SBR	50	CAUGHT	uint256 public constant MAX_BUY_DELAY_HOURS = 72	uint256 public immutable MAX_BUY_DELAY_HOURS = 72
Party.sol	SBR	51	UNCAUGHT	uint256 public constant FILL_GRACE = 2 days	uint128 public constant FILL_GRACE = 2 days
Party.sol	SBR	51	CAUGHT	uint256 public constant FILL_GRACE = 2 days	uint256 public constant FILL_GRACE = 2 hours
Party.sol	SBR	51	CAUGHT	uint256 public constant FILL_GRACE = 2 days	uint256 public constant FILL_GRACE = 2 minutes
Party.sol	SBR	51	CAUGHT	uint256 public constant FILL_GRACE = 2 days	uint256 public constant FILL_GRACE = 2 seconds
Party.sol	SBR	51	CAUGHT	uint256 public constant FILL_GRACE = 2 days	uint256 public constant FILL_GRACE = 2 weeks
Party.sol	SBR	51	CAUGHT	uint256 public constant FILL_GRACE = 2 days	uint256 public immutable FILL_GRACE = 2 days
Party.sol	SBR	52	UNCAUGHT	uint256 public constant FLOOR_MAX_AGE = 1 hours	uint128 public constant FLOOR_MAX_AGE = 1 hours
Party.sol	SBR	52	CAUGHT	uint256 public constant FLOOR_MAX_AGE = 1 hours	uint256 public constant FLOOR_MAX_AGE = 1 days
Party.sol	SBR	52	CAUGHT	uint256 public constant FLOOR_MAX_AGE = 1 hours	uint256 public constant FLOOR_MAX_AGE = 1 minutes
Party.sol	SBR	52	CAUGHT	uint256 public constant FLOOR_MAX_AGE = 1 hours	uint256 public constant FLOOR_MAX_AGE = 1 seconds
Party.sol	SBR	52	CAUGHT	uint256 public constant FLOOR_MAX_AGE = 1 hours	uint256 public constant FLOOR_MAX_AGE = 1 weeks
Party.sol	SBR	52	CAUGHT	uint256 public constant FLOOR_MAX_AGE = 1 hours	uint256 public immutable FLOOR_MAX_AGE = 1 hours
Party.sol	SBR	53	UNCAUGHT	uint256 public constant ROYALTY_CAP_BPS = 1000	uint128 public constant ROYALTY_CAP_BPS = 1000
Party.sol	SBR	53	CAUGHT	uint256 public constant ROYALTY_CAP_BPS = 1000	uint256 public immutable ROYALTY_CAP_BPS = 1000
Party.sol	SBR	54	UNCAUGHT	uint256 public constant MAX_OPEN_PER_PROPOSER = 3	uint128 public constant MAX_OPEN_PER_PROPOSER = 3
Party.sol	SBR	54	CAUGHT	uint256 public constant MAX_OPEN_PER_PROPOSER = 3	uint256 public immutable MAX_OPEN_PER_PROPOSER = 3
Party.sol	SBR	162	CAUGHT	factory = IFactory(msg.sender)	factory = IFactory(tx.origin)
Party.sol	SBR	178	UNCAUGHT	createdAt = uint64(block.timestamp)	createdAt = uint32(block.timestamp)
Party.sol	SBR	178	CAUGHT	createdAt = uint64(block.timestamp)	createdAt = uint64(0)
Party.sol	SBR	179	UNCAUGHT	deadline = uint64(block.timestamp + _t(uint256(p.durationDays) * 1 days))	deadline = uint32(block.timestamp + _t(uint256(p.durationDays) * 1 days))
Party.sol	SBR	179	CAUGHT	deadline = uint64(block.timestamp + _t(uint256(p.durationDays) * 1 days))	deadline = uint64(0 + _t(uint256(p.durationDays) * 1 days))
Party.sol	SBR	179	UNCAUGHT	deadline = uint64(block.timestamp + _t(uint256(p.durationDays) * 1 days))	deadline = uint64(block.timestamp + _t(uint128(p.durationDays) * 1 days))
Party.sol	SBR	179	CAUGHT	deadline = uint64(block.timestamp + _t(uint256(p.durationDays) * 1 days))	deadline = uint64(block.timestamp + _t(uint256(p.durationDays) * 1 hours))
Party.sol	SBR	179	CAUGHT	deadline = uint64(block.timestamp + _t(uint256(p.durationDays) * 1 days))	deadline = uint64(block.timestamp + _t(uint256(p.durationDays) * 1 minutes))
Party.sol	SBR	179	CAUGHT	deadline = uint64(block.timestamp + _t(uint256(p.durationDays) * 1 days))	deadline = uint64(block.timestamp + _t(uint256(p.durationDays) * 1 seconds))
Party.sol	SBR	179	CAUGHT	deadline = uint64(block.timestamp + _t(uint256(p.durationDays) * 1 days))	deadline = uint64(block.timestamp + _t(uint256(p.durationDays) * 1 weeks))
Party.sol	SBR	194	CAUGHT	block.timestamp > deadline	0 > deadline
Party.sol	SBR	198	COMPILATION FAILURE	(string memory name, uint256 creditId, string memory st)	(string memory name, uint128 creditId, string memory st)
Party.sol	SBR	198	COMPILATION FAILURE	(string memory name, uint256 creditId, string memory st)	(string storage name, uint256 creditId, string storage st)
Party.sol	SBR	209	CAUGHT	msg.sender != address(factory) || _opened || from != host	tx.origin != address(factory) || _opened || from != host
Party.sol	SBR	217	CAUGHT	_deposit(msg.sender, ids, proofs)	_deposit(tx.origin, ids, proofs)
Party.sol	SBR	222	COMPILATION FAILURE	uint256 remaining = SLOTS - _order.length	uint128 remaining = SLOTS - _order.length
Party.sol	SBR	223	COMPILATION FAILURE	uint256 min = _params.minDeposit < remaining ? _params.minDeposit : remaining	uint128 min = _params.minDeposit < remaining ? _params.minDeposit : remaining
Party.sol	SBR	226	UNCAUGHT	uint256 i	uint128 i
Party.sol	SBR	227	COMPILATION FAILURE	uint256 id = ids[i]	uint128 id = ids[i]
Party.sol	SBR	230	UNCAUGHT	bytes32 leaf = keccak256(bytes.concat(keccak256(abi.encode(id))))	bytes32 leaf = keccak256(bytes.concat(keccak256(abi.encodePacked(id))))
Party.sol	SBR	235	COMPILATION FAILURE	uint256 card = cards.mint(from)	uint128 card = cards.mint(from)
Party.sol	SBR	243	UNCAUGHT	fullAt = uint64(block.timestamp)	fullAt = uint32(block.timestamp)
Party.sol	SBR	243	CAUGHT	fullAt = uint64(block.timestamp)	fullAt = uint64(0)
Party.sol	SBR	244	COMPILATION FAILURE	uint256 grace = block.timestamp + _t(FILL_GRACE)	uint128 grace = block.timestamp + _t(FILL_GRACE)
Party.sol	SBR	244	CAUGHT	uint256 grace = block.timestamp + _t(FILL_GRACE)	uint256 grace = 0 + _t(FILL_GRACE)
Party.sol	SBR	245	UNCAUGHT	deadline = uint64(grace)	deadline = uint32(grace)
Party.sol	SBR	251	CAUGHT	_redeem(cardIds[i], msg.sender)	_redeem(cardIds[i], tx.origin)
Party.sol	SBR	251	UNCAUGHT	for (uint256 i; i < cardIds.length; ++i) _redeem(cardIds[i], msg.sender)	for (uint128 i; i < cardIds.length; ++i) _redeem(cardIds[i], msg.sender)
Party.sol	SBR	251	CAUGHT	for (uint256 i; i < cardIds.length; ++i) _redeem(cardIds[i], msg.sender)	for (uint256 i; i < cardIds.length; ++i) _redeem(cardIds[i], tx.origin)
Party.sol	SBR	251	UNCAUGHT	uint256 i	uint128 i
Party.sol	SBR	257	UNCAUGHT	for (uint256 i; i < cardIds.length; ++i) _redeem(cardIds[i], cards.ownerOf(cardIds[i]))	for (uint128 i; i < cardIds.length; ++i) _redeem(cardIds[i], cards.ownerOf(cardIds[i]))
Party.sol	SBR	257	UNCAUGHT	uint256 i	uint128 i
Party.sol	SBR	264	COMPILATION FAILURE	uint256 id = creditOfCard[cardId]	uint128 id = creditOfCard[cardId]
Party.sol	SBR	275	COMPILATION FAILURE	uint256 n = _order.length	uint128 n = _order.length
Party.sol	SBR	276	UNCAUGHT	uint256 i	uint128 i
Party.sol	SBR	278	COMPILATION FAILURE	for (uint256 j = i; j + 1 < n; ++j) _order[j] = _order[j + 1]	for (uint128 j = i; j + 1 < n; ++j) _order[j] = _order[j + 1]
Party.sol	SBR	278	COMPILATION FAILURE	uint256 j = i	uint128 j = i
Party.sol	SBR	294	CAUGHT	msg.sender != host	tx.origin != host
Party.sol	SBR	295	CAUGHT	cards.heldNow(address(this), msg.sender) == 0	cards.heldNow(address(this), tx.origin) == 0
Party.sol	SBR	301	UNCAUGHT	PriceSpec memory spec = hasPendingPrice ? pendingPrice : _params.defaultPrice	PriceSpec storage spec = hasPendingPrice ? pendingPrice : _params.defaultPrice
Party.sol	SBR	302	COMPILATION FAILURE	uint256 price = _resolve(spec, floor)	uint128 price = _resolve(spec, floor)
Party.sol	SBR	306	UNCAUGHT	assembledAt = uint64(block.timestamp)	assembledAt = uint32(block.timestamp)
Party.sol	SBR	306	CAUGHT	assembledAt = uint64(block.timestamp)	assembledAt = uint64(0)
Party.sol	SBR	310	UNCAUGHT	askLiveAt = uint64(block.timestamp)	askLiveAt = uint32(block.timestamp)
Party.sol	SBR	310	CAUGHT	askLiveAt = uint64(block.timestamp)	askLiveAt = uint64(0)
Party.sol	SBR	311	UNCAUGHT	buyableAt = uint64(block.timestamp + _t(uint256(hasPendingPrice ? _pendingBuyDelay : _params.buyDelayHours) * 1 hours))	buyableAt = uint32(block.timestamp + _t(uint256(hasPendingPrice ? _pendingBuyDelay : _params.buyDelayHours) * 1 hours))
Party.sol	SBR	311	CAUGHT	buyableAt = uint64(block.timestamp + _t(uint256(hasPendingPrice ? _pendingBuyDelay : _params.buyDelayHours) * 1 hours))	buyableAt = uint64(0 + _t(uint256(hasPendingPrice ? _pendingBuyDelay : _params.buyDelayHours) * 1 hours))
Party.sol	SBR	311	UNCAUGHT	buyableAt = uint64(block.timestamp + _t(uint256(hasPendingPrice ? _pendingBuyDelay : _params.buyDelayHours) * 1 hours))	buyableAt = uint64(block.timestamp + _t(uint128(hasPendingPrice ? _pendingBuyDelay : _params.buyDelayHours) * 1 hours))
Party.sol	SBR	311	CAUGHT	buyableAt = uint64(block.timestamp + _t(uint256(hasPendingPrice ? _pendingBuyDelay : _params.buyDelayHours) * 1 hours))	buyableAt = uint64(block.timestamp + _t(uint256(hasPendingPrice ? _pendingBuyDelay : _params.buyDelayHours) * 1 days))
Party.sol	SBR	311	CAUGHT	buyableAt = uint64(block.timestamp + _t(uint256(hasPendingPrice ? _pendingBuyDelay : _params.buyDelayHours) * 1 hours))	buyableAt = uint64(block.timestamp + _t(uint256(hasPendingPrice ? _pendingBuyDelay : _params.buyDelayHours) * 1 minutes))
Party.sol	SBR	311	CAUGHT	buyableAt = uint64(block.timestamp + _t(uint256(hasPendingPrice ? _pendingBuyDelay : _params.buyDelayHours) * 1 hours))	buyableAt = uint64(block.timestamp + _t(uint256(hasPendingPrice ? _pendingBuyDelay : _params.buyDelayHours) * 1 seconds))
Party.sol	SBR	311	CAUGHT	buyableAt = uint64(block.timestamp + _t(uint256(hasPendingPrice ? _pendingBuyDelay : _params.buyDelayHours) * 1 hours))	buyableAt = uint64(block.timestamp + _t(uint256(hasPendingPrice ? _pendingBuyDelay : _params.buyDelayHours) * 1 weeks))
Party.sol	SBR	318	COMPILATION FAILURE	uint256 sid = st.make(order)	uint128 sid = st.make(order)
Party.sol	SBR	322	UNCAUGHT	uint256 i	uint128 i
Party.sol	SBR	333	CAUGHT	!_assembling || msg.sender != address(factory.statement())	!_assembling || tx.origin != address(factory.statement())
Party.sol	SBR	340	COMPILATION FAILURE	(uint256 id)	(uint128 id)
Party.sol	SBR	344	CAUGHT	cards.heldNow(address(this), msg.sender) == 0	cards.heldNow(address(this), tx.origin) == 0
Party.sol	SBR	345	CAUGHT	_refreshOpen(msg.sender)	_refreshOpen(tx.origin)
Party.sol	SBR	346	CAUGHT	_openIds[msg.sender].length >= MAX_OPEN_PER_PROPOSER	_openIds[tx.origin].length >= MAX_OPEN_PER_PROPOSER
Party.sol	SBR	349	COMPILATION FAILURE	uint16 h = cancel ? 24 : (hours_ == 0 ? _params.voteHours : hours_)	uint16 h = cancel ? 24 : (hours_ == 0 ? _params.voteHours : days_)
Party.sol	SBR	349	COMPILATION FAILURE	uint16 h = cancel ? 24 : (hours_ == 0 ? _params.voteHours : hours_)	uint16 h = cancel ? 24 : (hours_ == 0 ? _params.voteHours : minutes_)
Party.sol	SBR	349	COMPILATION FAILURE	uint16 h = cancel ? 24 : (hours_ == 0 ? _params.voteHours : hours_)	uint16 h = cancel ? 24 : (hours_ == 0 ? _params.voteHours : seconds_)
Party.sol	SBR	349	COMPILATION FAILURE	uint16 h = cancel ? 24 : (hours_ == 0 ? _params.voteHours : hours_)	uint16 h = cancel ? 24 : (hours_ == 0 ? _params.voteHours : weeks_)
Party.sol	SBR	349	COMPILATION FAILURE	uint16 h = cancel ? 24 : (hours_ == 0 ? _params.voteHours : hours_)	uint8 h = cancel ? 24 : (hours_ == 0 ? _params.voteHours : hours_)
Party.sol	SBR	358	CAUGHT	_openIds[msg.sender].push(id)	_openIds[tx.origin].push(id)
Party.sol	SBR	360	CAUGHT	_vote(id, msg.sender, true)	_vote(id, tx.origin, true)
Party.sol	SBR	364	CAUGHT	_vote(id, msg.sender, support)	_vote(id, tx.origin, support)
Party.sol	SBR	368	CAUGHT	Proposal storage p = _proposals[id]	Proposal memory p = _proposals[id]
Party.sol	SBR	369	CAUGHT	block.timestamp >= p.endsAt	0 >= p.endsAt
Party.sol	SBR	370	COMPILATION FAILURE	uint128 w = weightOf[id][voter]	uint128 w = etherghtOf[id][voter]
Party.sol	SBR	370	COMPILATION FAILURE	uint128 w = weightOf[id][voter]	uint128 w = gweightOf[id][voter]
Party.sol	SBR	370	COMPILATION FAILURE	uint128 w = weightOf[id][voter]	uint64 w = weightOf[id][voter]
Party.sol	SBR	372	UNCAUGHT	w = uint128(cards.heldAt(address(this), voter, p.snapshot))	w = uint64(cards.heldAt(address(this), voter, p.snapshot))
Party.sol	SBR	373	CAUGHT	revert Bad("no weight at snapshot")	revert Bad("no etherght at snapshot")
Party.sol	SBR	373	CAUGHT	revert Bad("no weight at snapshot")	revert Bad("no gweight at snapshot")
Party.sol	SBR	385	UNCAUGHT	Proposal storage p = _proposals[id]	Proposal memory p = _proposals[id]
Party.sol	SBR	386	COMPILATION FAILURE	uint256 need = (!p.cancel && price < floorWei) ? PASS_BELOW_FLOOR : PASS	uint128 need = (!p.cancel && price < floorWei) ? PASS_BELOW_FLOOR : PASS
Party.sol	SBR	392	CAUGHT	Proposal storage p = _proposals[id]	Proposal memory p = _proposals[id]
Party.sol	SBR	395	CAUGHT	block.timestamp < p.endsAt	0 < p.endsAt
Party.sol	SBR	396	CAUGHT	block.timestamp > uint256(p.endsAt) + _t(EXECUTE_WINDOW)	0 > uint256(p.endsAt) + _t(EXECUTE_WINDOW)
Party.sol	SBR	396	UNCAUGHT	block.timestamp > uint256(p.endsAt) + _t(EXECUTE_WINDOW)	block.timestamp > uint128(p.endsAt) + _t(EXECUTE_WINDOW)
Party.sol	SBR	398	CAUGHT	cards.heldNow(address(this), msg.sender) == 0	cards.heldNow(address(this), tx.origin) == 0
Party.sol	SBR	401	COMPILATION FAILURE	uint256 price	uint128 price
Party.sol	SBR	402	COMPILATION FAILURE	uint256 floorWei	uint128 floorWei
Party.sol	SBR	406	COMPILATION FAILURE	price = uint256(p.price.value)	price = uint128(p.price.value)
Party.sol	SBR	407	UNCAUGHT	floorWei = type(uint256).max	floorWei = type(uint128).max
Party.sol	SBR	410	COMPILATION FAILURE	price = p.price.mode == PriceMode.Fixed ? uint256(p.price.value) : _clampMin(_resolveWith(p.price, floorWei))	price = p.price.mode == PriceMode.Fixed ? uint128(p.price.value) : _clampMin(_resolveWith(p.price, floorWei))
Party.sol	SBR	413	COMPILATION FAILURE	uint256 need = needFor(id, price, floorWei)	uint128 need = needFor(id, price, floorWei)
Party.sol	SBR	418	UNCAUGHT	lastPriceExecutedAt = uint64(block.timestamp)	lastPriceExecutedAt = uint32(block.timestamp)
Party.sol	SBR	418	CAUGHT	lastPriceExecutedAt = uint64(block.timestamp)	lastPriceExecutedAt = uint64(0)
Party.sol	SBR	431	UNCAUGHT	askLiveAt = uint64(block.timestamp)	askLiveAt = uint32(block.timestamp)
Party.sol	SBR	431	CAUGHT	askLiveAt = uint64(block.timestamp)	askLiveAt = uint64(0)
Party.sol	SBR	432	UNCAUGHT	buyableAt = uint64(block.timestamp + _t(uint256(p.buyDelayHours) * 1 hours))	buyableAt = uint32(block.timestamp + _t(uint256(p.buyDelayHours) * 1 hours))
Party.sol	SBR	432	CAUGHT	buyableAt = uint64(block.timestamp + _t(uint256(p.buyDelayHours) * 1 hours))	buyableAt = uint64(0 + _t(uint256(p.buyDelayHours) * 1 hours))
Party.sol	SBR	432	UNCAUGHT	buyableAt = uint64(block.timestamp + _t(uint256(p.buyDelayHours) * 1 hours))	buyableAt = uint64(block.timestamp + _t(uint128(p.buyDelayHours) * 1 hours))
Party.sol	SBR	432	CAUGHT	buyableAt = uint64(block.timestamp + _t(uint256(p.buyDelayHours) * 1 hours))	buyableAt = uint64(block.timestamp + _t(uint256(p.buyDelayHours) * 1 days))
Party.sol	SBR	432	CAUGHT	buyableAt = uint64(block.timestamp + _t(uint256(p.buyDelayHours) * 1 hours))	buyableAt = uint64(block.timestamp + _t(uint256(p.buyDelayHours) * 1 minutes))
Party.sol	SBR	432	CAUGHT	buyableAt = uint64(block.timestamp + _t(uint256(p.buyDelayHours) * 1 hours))	buyableAt = uint64(block.timestamp + _t(uint256(p.buyDelayHours) * 1 seconds))
Party.sol	SBR	432	CAUGHT	buyableAt = uint64(block.timestamp + _t(uint256(p.buyDelayHours) * 1 hours))	buyableAt = uint64(block.timestamp + _t(uint256(p.buyDelayHours) * 1 weeks))
Party.sol	SBR	440	UNCAUGHT	Proposal storage p = _proposals[id]	Proposal memory p = _proposals[id]
Party.sol	SBR	443	CAUGHT	blockedCounted[id] || p.cancel || p.executed || block.timestamp < p.endsAt || p.no == 0 || p.deadlock || p.yes < PASS || p.epoch != priceEpoch	blockedCounted[id] || p.cancel || p.executed || 0 < p.endsAt || p.no == 0 || p.deadlock || p.yes < PASS || p.epoch != priceEpoch
Party.sol	SBR	451	UNCAUGHT	uint256 since = lastPriceExecutedAt != 0 ? lastPriceExecutedAt : (assembledAt != 0 ? assembledAt : (fullAt != 0 ? fullAt : type(uint64).max))	uint128 since = lastPriceExecutedAt != 0 ? lastPriceExecutedAt : (assembledAt != 0 ? assembledAt : (fullAt != 0 ? fullAt : type(uint64).max))
Party.sol	SBR	451	UNCAUGHT	uint256 since = lastPriceExecutedAt != 0 ? lastPriceExecutedAt : (assembledAt != 0 ? assembledAt : (fullAt != 0 ? fullAt : type(uint64).max))	uint256 since = lastPriceExecutedAt != 0 ? lastPriceExecutedAt : (assembledAt != 0 ? assembledAt : (fullAt != 0 ? fullAt : type(uint32).max))
Party.sol	SBR	452	UNCAUGHT	return since != type(uint64).max && block.timestamp > since + _t(DEADLOCK_TIME)	return since != type(uint32).max && block.timestamp > since + _t(DEADLOCK_TIME)
Party.sol	SBR	452	CAUGHT	return since != type(uint64).max && block.timestamp > since + _t(DEADLOCK_TIME)	return since != type(uint64).max && 0 > since + _t(DEADLOCK_TIME)
Party.sol	SBR	457	COMPILATION FAILURE	uint256[] storage ids = _openIds[who]	uint128[] storage ids = _openIds[who]
Party.sol	SBR	457	COMPILATION FAILURE	uint256[] storage ids = _openIds[who]	uint256[] memory ids = _openIds[who]
Party.sol	SBR	458	COMPILATION FAILURE	uint256 k = ids.length	uint128 k = ids.length
Party.sol	SBR	459	CAUGHT	block.timestamp >= _proposals[ids[k - 1]].endsAt	0 >= _proposals[ids[k - 1]].endsAt
Party.sol	SBR	467	CAUGHT	revert Bad("fixed")	revert Bad("ufixed")
Party.sol	SBR	468	COMPILATION FAILURE	uint256 next = _resolve(askSpec, floor)	uint128 next = _resolve(askSpec, floor)
Party.sol	SBR	479	CAUGHT	block.timestamp < buyableAt	0 < buyableAt
Party.sol	SBR	480	COMPILATION FAILURE	uint256 price = ask	uint128 price = ask
Party.sol	SBR	481	CAUGHT	price > maxPrice || msg.value < price	price > maxPrice || 0 < price
Party.sol	SBR	481	CAUGHT	price > maxPrice || msg.value < price	price > maxPrice || 1 < price
Party.sol	SBR	483	COMPILATION FAILURE	(address royaltyTo, uint256 royalty) = _royalty(price)	(address royaltyTo, uint128 royalty) = _royalty(price)
Party.sol	SBR	483	COMPILATION FAILURE	uint256 royalty	uint128 royalty
Party.sol	SBR	484	COMPILATION FAILURE	uint256 fee = price * factory.FEE_BPS() / 10_000	uint128 fee = price * factory.FEE_BPS() / 10_000
Party.sol	SBR	485	COMPILATION FAILURE	uint256 pot = price - royalty - fee	uint128 pot = price - royalty - fee
Party.sol	SBR	486	COMPILATION FAILURE	uint256 share = pot / SLOTS	uint128 share = pot / SLOTS
Party.sol	SBR	487	COMPILATION FAILURE	uint256 dust = pot - share * SLOTS	uint128 dust = pot - share * SLOTS
Party.sol	SBR	495	CAUGHT	factory.statement().transferFrom(address(this), msg.sender, statementId)	factory.statement().transferFrom(address(this), tx.origin, statementId)
Party.sol	SBR	496	CAUGHT	msg.value > price	0 > price
Party.sol	SBR	496	CAUGHT	msg.value > price	1 > price
Party.sol	SBR	497	CAUGHT	(bool ok,) = msg.sender.call{value: msg.value - price}("")	(bool ok,) = msg.sender.call{value: 0 - price}("")
Party.sol	SBR	497	CAUGHT	(bool ok,) = msg.sender.call{value: msg.value - price}("")	(bool ok,) = msg.sender.call{value: 1 - price}("")
Party.sol	SBR	497	COMPILATION FAILURE	(bool ok,) = msg.sender.call{value: msg.value - price}("")	(bool ok,) = msg.sender.delegatecall{value: msg.value - price}("")
Party.sol	SBR	497	COMPILATION FAILURE	(bool ok,) = msg.sender.call{value: msg.value - price}("")	(bool ok,) = msg.sender.staticcall{value: msg.value - price}("")
Party.sol	SBR	497	CAUGHT	(bool ok,) = msg.sender.call{value: msg.value - price}("")	(bool ok,) = tx.origin.call{value: msg.value - price}("")
Party.sol	SBR	506	COMPILATION FAILURE	uint256 total	uint128 total
Party.sol	SBR	507	UNCAUGHT	uint256 i	uint128 i
Party.sol	SBR	508	COMPILATION FAILURE	uint256 c = cardIds[i]	uint128 c = cardIds[i]
Party.sol	SBR	509	CAUGHT	cards.partyOf(c) != address(this) || cards.ownerOf(c) != msg.sender	cards.partyOf(c) != address(this) || cards.ownerOf(c) != tx.origin
Party.sol	SBR	516	COMPILATION FAILURE	(bool ok,) = msg.sender.call{value: total}("")	(bool ok,) = msg.sender.delegatecall{value: total}("")
Party.sol	SBR	516	COMPILATION FAILURE	(bool ok,) = msg.sender.call{value: total}("")	(bool ok,) = msg.sender.staticcall{value: total}("")
Party.sol	SBR	516	CAUGHT	(bool ok,) = msg.sender.call{value: total}("")	(bool ok,) = tx.origin.call{value: total}("")
Party.sol	SBR	524	UNCAUGHT	uint256 i	uint128 i
Party.sol	SBR	525	COMPILATION FAILURE	uint256 c = cardIds[i]	uint128 c = cardIds[i]
Party.sol	SBR	532	COMPILATION FAILURE	(bool ok,) = holder.call{value: perCard, gas: 50_000}("")	(bool ok,) = holder.delegatecall{value: perCard, gas: 50_000}("")
Party.sol	SBR	532	COMPILATION FAILURE	(bool ok,) = holder.call{value: perCard, gas: 50_000}("")	(bool ok,) = holder.staticcall{value: perCard, gas: 50_000}("")
Party.sol	SBR	539	COMPILATION FAILURE	uint256 amt = owed[msg.sender]	uint128 amt = owed[msg.sender]
Party.sol	SBR	539	CAUGHT	uint256 amt = owed[msg.sender]	uint256 amt = owed[tx.origin]
Party.sol	SBR	541	CAUGHT	owed[msg.sender] = 0	owed[tx.origin] = 0
Party.sol	SBR	542	COMPILATION FAILURE	(bool ok,) = msg.sender.call{value: amt}("")	(bool ok,) = msg.sender.delegatecall{value: amt}("")
Party.sol	SBR	542	COMPILATION FAILURE	(bool ok,) = msg.sender.call{value: amt}("")	(bool ok,) = msg.sender.staticcall{value: amt}("")
Party.sol	SBR	542	CAUGHT	(bool ok,) = msg.sender.call{value: amt}("")	(bool ok,) = tx.origin.call{value: amt}("")
Party.sol	SBR	544	CAUGHT	emit Withdrawn(msg.sender, amt)	emit Withdrawn(tx.origin, amt)
Party.sol	SBR	548	CAUGHT	msg.sender != host || to == address(0)	tx.origin != host || to == address(0)
Party.sol	SBR	562	CAUGHT	f.issuedAt > block.timestamp || block.timestamp - f.issuedAt > FLOOR_MAX_AGE	f.issuedAt > 0 || 0 - f.issuedAt > FLOOR_MAX_AGE
Party.sol	SBR	571	COMPILATION FAILURE	return uint256(p.value)	return uint128(p.value)
Party.sol	SBR	575	COMPILATION FAILURE	(uint256 v)	(uint128 v)
Party.sol	SBR	577	COMPILATION FAILURE	int256 f = int256(floorWei)	int128 f = int128(floorWei)
Party.sol	SBR	578	COMPILATION FAILURE	int256 r = p.mode == PriceMode.FloorPct ? f * (10_000 + p.value) / 10_000 : f + p.value	int128 r = p.mode == PriceMode.FloorPct ? f * (10_000 + p.value) / 10_000 : f + p.value
Party.sol	SBR	580	COMPILATION FAILURE	return uint256(r)	return uint128(r)
Party.sol	SBR	590	CAUGHT	return secs * timeUnit / 1 hours	return secs * timeUnit / 1 days
Party.sol	SBR	590	CAUGHT	return secs * timeUnit / 1 hours	return secs * timeUnit / 1 minutes
Party.sol	SBR	590	CAUGHT	return secs * timeUnit / 1 hours	return secs * timeUnit / 1 seconds
Party.sol	SBR	590	CAUGHT	return secs * timeUnit / 1 hours	return secs * timeUnit / 1 weeks
Party.sol	SBR	598	COMPILATION FAILURE	(address to, uint256 amt)	(address to, uint128 amt)
Party.sol	SBR	599	COMPILATION FAILURE	(bool ok, bytes memory r) = address(factory.statement()).staticcall{gas: 50_000}(abi.encodeWithSignature("royaltyInfo(uint256,uint256)", statementId, price))	(bool ok, bytes memory r) = address(factory.statement()).call{gas: 50_000}(abi.encodeWithSignature("royaltyInfo(uint256,uint256)", statementId, price))
Party.sol	SBR	599	COMPILATION FAILURE	(bool ok, bytes memory r) = address(factory.statement()).staticcall{gas: 50_000}(abi.encodeWithSignature("royaltyInfo(uint256,uint256)", statementId, price))	(bool ok, bytes memory r) = address(factory.statement()).delegatecall{gas: 50_000}(abi.encodeWithSignature("royaltyInfo(uint256,uint256)", statementId, price))
Party.sol	SBR	599	CAUGHT	(bool ok, bytes memory r) = address(factory.statement()).staticcall{gas: 50_000}(abi.encodeWithSignature("royaltyInfo(uint256,uint256)", statementId, price))	(bool ok, bytes memory r) = address(factory.statement()).staticcall{gas: 50_000}(abi.encodeWithSignature("royaltyInfo(uint128,uint128)", statementId, price))
Party.sol	SBR	599	COMPILATION FAILURE	(bool ok, bytes memory r) = address(factory.statement()).staticcall{gas: 50_000}(abi.encodeWithSignature("royaltyInfo(uint256,uint256)", statementId, price))	(bool ok, bytes storage r) = address(factory.statement()).staticcall{gas: 50_000}(abi.encodeWithSignature("royaltyInfo(uint256,uint256)", statementId, price))
Party.sol	SBR	599	COMPILATION FAILURE	bytes memory r	bytes storage r
Party.sol	SBR	601	CAUGHT	(uint256 a, uint256 v) = abi.decode(r, (uint256, uint256))	(uint128 a, uint128 v) = abi.decode(r, (uint128, uint128))
Party.sol	SBR	601	COMPILATION FAILURE	uint256 a	uint128 a
Party.sol	SBR	601	COMPILATION FAILURE	uint256 v	uint128 v
Party.sol	SBR	603	COMPILATION FAILURE	uint256 cap = price * ROYALTY_CAP_BPS / 10_000	uint128 cap = price * ROYALTY_CAP_BPS / 10_000
Party.sol	SBR	604	COMPILATION FAILURE	return (address(uint160(a)), v > cap ? cap : v)	return (address(uint80(a)), v > cap ? cap : v)
Party.sol	UOR	226	CAUGHT	++i	--i
Party.sol	UOR	226	UNCAUGHT	++i	i++
Party.sol	UOR	226	COMPILATION FAILURE	++i	i-
Party.sol	UOR	226	CAUGHT	++i	i--
Party.sol	UOR	239	CAUGHT	++cardsOutstanding	--cardsOutstanding
Party.sol	UOR	239	UNCAUGHT	++cardsOutstanding	cardsOutstanding++
Party.sol	UOR	239	COMPILATION FAILURE	++cardsOutstanding	cardsOutstanding-
Party.sol	UOR	239	CAUGHT	++cardsOutstanding	cardsOutstanding--
Party.sol	UOR	251	CAUGHT	++i	--i
Party.sol	UOR	251	UNCAUGHT	++i	i++
Party.sol	UOR	251	COMPILATION FAILURE	++i	i-
Party.sol	UOR	251	CAUGHT	++i	i--
Party.sol	UOR	257	CAUGHT	++i	--i
Party.sol	UOR	257	UNCAUGHT	++i	i++
Party.sol	UOR	257	COMPILATION FAILURE	++i	i-
Party.sol	UOR	257	CAUGHT	++i	i--
Party.sol	UOR	268	CAUGHT	--cardsOutstanding	++cardsOutstanding
Party.sol	UOR	268	CAUGHT	--cardsOutstanding	cardsOutstanding++
Party.sol	UOR	268	COMPILATION FAILURE	--cardsOutstanding	cardsOutstanding-
Party.sol	UOR	268	UNCAUGHT	--cardsOutstanding	cardsOutstanding--
Party.sol	UOR	276	CAUGHT	++i	--i
Party.sol	UOR	276	UNCAUGHT	++i	i++
Party.sol	UOR	276	COMPILATION FAILURE	++i	i-
Party.sol	UOR	276	CAUGHT	++i	i--
Party.sol	UOR	278	CAUGHT	++j	--j
Party.sol	UOR	278	UNCAUGHT	++j	j++
Party.sol	UOR	278	COMPILATION FAILURE	++j	j-
Party.sol	UOR	278	CAUGHT	++j	j--
Party.sol	UOR	312	CAUGHT	++priceEpoch	--priceEpoch
Party.sol	UOR	312	UNCAUGHT	++priceEpoch	priceEpoch++
Party.sol	UOR	312	COMPILATION FAILURE	++priceEpoch	priceEpoch-
Party.sol	UOR	312	CAUGHT	++priceEpoch	priceEpoch--
Party.sol	UOR	322	CAUGHT	++i	--i
Party.sol	UOR	322	UNCAUGHT	++i	i++
Party.sol	UOR	322	COMPILATION FAILURE	++i	i-
Party.sol	UOR	322	CAUGHT	++i	i--
Party.sol	UOR	417	CAUGHT	++priceEpoch	--priceEpoch
Party.sol	UOR	417	UNCAUGHT	++priceEpoch	priceEpoch++
Party.sol	UOR	417	COMPILATION FAILURE	++priceEpoch	priceEpoch-
Party.sol	UOR	417	CAUGHT	++priceEpoch	priceEpoch--
Party.sol	UOR	445	CAUGHT	++blockedPriceProposals	--blockedPriceProposals
Party.sol	UOR	445	UNCAUGHT	++blockedPriceProposals	blockedPriceProposals++
Party.sol	UOR	445	COMPILATION FAILURE	++blockedPriceProposals	blockedPriceProposals-
Party.sol	UOR	445	CAUGHT	++blockedPriceProposals	blockedPriceProposals--
Party.sol	UOR	458	CAUGHT	--k	++k
Party.sol	UOR	458	CAUGHT	--k	k++
Party.sol	UOR	458	COMPILATION FAILURE	--k	k-
Party.sol	UOR	458	UNCAUGHT	--k	k--
Party.sol	UOR	507	CAUGHT	++i	--i
Party.sol	UOR	507	UNCAUGHT	++i	i++
Party.sol	UOR	507	COMPILATION FAILURE	++i	i-
Party.sol	UOR	507	CAUGHT	++i	i--
Party.sol	UOR	511	CAUGHT	--cardsOutstanding	++cardsOutstanding
Party.sol	UOR	511	CAUGHT	--cardsOutstanding	cardsOutstanding++
Party.sol	UOR	511	COMPILATION FAILURE	--cardsOutstanding	cardsOutstanding-
Party.sol	UOR	511	UNCAUGHT	--cardsOutstanding	cardsOutstanding--
Party.sol	UOR	524	CAUGHT	++i	--i
Party.sol	UOR	524	UNCAUGHT	++i	i++
Party.sol	UOR	524	COMPILATION FAILURE	++i	i-
Party.sol	UOR	524	CAUGHT	++i	i--
Party.sol	UOR	529	CAUGHT	--cardsOutstanding	++cardsOutstanding
Party.sol	UOR	529	CAUGHT	--cardsOutstanding	cardsOutstanding++
Party.sol	UOR	529	COMPILATION FAILURE	--cardsOutstanding	cardsOutstanding-
Party.sol	UOR	529	UNCAUGHT	--cardsOutstanding	cardsOutstanding--
