INFO:Slither-Mutate:Starting mutation campaign in src/Party.sol
INFO:Slither-Mutate:Preparing to mutate files:
- src/Party.sol
INFO:Slither-Mutate:Timing tests..
INFO:Slither-Mutate:Test suite passes in 9 seconds, commencing mutation campaign with a timeout of 300 seconds

INFO:Slither-Mutate:Mutating contract Party
INFO:Slither-Mutate:Targeting functions: ['constructor', 'initialize', 'params', 'proposalCount', '_vote', 'needFor', 'countBlocked', '_resolve', 'slitherConstructorConstantVariables']
INFO:Slither-Mutate:Including modifiers: ['initializer']
WARNING:CryticCompile:Multiple frameworks detected: solc, Solc-json. Using solc (highest priority). Use --compile-force-framework to override.
INFO:Slither-Mutate:[RR] Line 43: 'uint256 public constant SLOTS = 80' ==> 'revert()' --> COMPILATION FAILURE
WARNING:CryticCompile:Multiple frameworks detected: solc, Solc-json. Using solc (highest priority). Use --compile-force-framework to override.
INFO:Slither-Mutate:[RR] Line 44: 'uint256 public constant PASS = 41' ==> 'revert()' --> COMPILATION FAILURE
WARNING:CryticCompile:Multiple frameworks detected: solc, Solc-json. Using solc (highest priority). Use --compile-force-framework to override.
INFO:Slither-Mutate:[RR] Line 45: 'uint256 public constant PASS_BELOW_FLOOR = 60' ==> 'revert()' --> COMPILATION FAILURE
WARNING:CryticCompile:Multiple frameworks detected: solc, Solc-json. Using solc (highest priority). Use --compile-force-framework to override.
INFO:Slither-Mutate:[RR] Line 46: 'uint256 public constant PASS_DEADLOCK = 54' ==> 'revert()' --> COMPILATION FAILURE
WARNING:CryticCompile:Multiple frameworks detected: solc, Solc-json. Using solc (highest priority). Use --compile-force-framework to override.
INFO:Slither-Mutate:[RR] Line 47: 'uint256 public constant DEADLOCK_BLOCKS = 3' ==> 'revert()' --> COMPILATION FAILURE
WARNING:CryticCompile:Multiple frameworks detected: solc, Solc-json. Using solc (highest priority). Use --compile-force-framework to override.
INFO:Slither-Mutate:[RR] Line 48: 'uint256 public constant DEADLOCK_TIME = 30 days' ==> 'revert()' --> COMPILATION FAILURE
WARNING:CryticCompile:Multiple frameworks detected: solc, Solc-json. Using solc (highest priority). Use --compile-force-framework to override.
INFO:Slither-Mutate:[RR] Line 49: 'uint256 public constant EXECUTE_WINDOW = 7 days' ==> 'revert()' --> COMPILATION FAILURE
WARNING:CryticCompile:Multiple frameworks detected: solc, Solc-json. Using solc (highest priority). Use --compile-force-framework to override.
INFO:Slither-Mutate:[RR] Line 50: 'uint256 public constant MAX_BUY_DELAY_HOURS = 72' ==> 'revert()' --> COMPILATION FAILURE
WARNING:CryticCompile:Multiple frameworks detected: solc, Solc-json. Using solc (highest priority). Use --compile-force-framework to override.
INFO:Slither-Mutate:[RR] Line 51: 'uint256 public constant FILL_GRACE = 2 days' ==> 'revert()' --> COMPILATION FAILURE
WARNING:CryticCompile:Multiple frameworks detected: solc, Solc-json. Using solc (highest priority). Use --compile-force-framework to override.
INFO:Slither-Mutate:[RR] Line 52: 'uint256 public constant FLOOR_MAX_AGE = 1 hours' ==> 'revert()' --> COMPILATION FAILURE
WARNING:CryticCompile:Multiple frameworks detected: solc, Solc-json. Using solc (highest priority). Use --compile-force-framework to override.
INFO:Slither-Mutate:[RR] Line 53: 'uint256 public constant ROYALTY_CAP_BPS = 1000' ==> 'revert()' --> COMPILATION FAILURE
WARNING:CryticCompile:Multiple frameworks detected: solc, Solc-json. Using solc (highest priority). Use --compile-force-framework to override.
INFO:Slither-Mutate:[RR] Line 54: 'uint256 public constant MAX_OPEN_PER_PROPOSER = 3' ==> 'revert()' --> COMPILATION FAILURE
WARNING:CryticCompile:Multiple frameworks detected: solc, Solc-json. Using solc (highest priority). Use --compile-force-framework to override.
INFO:Slither-Mutate:[RR] Line 158: '_disableInitializers()' ==> 'revert()' --> UNCAUGHT
WARNING:CryticCompile:Multiple frameworks detected: solc, Solc-json. Using solc (highest priority). Use --compile-force-framework to override.
INFO:Slither-Mutate:[RR] Line 161: 'initializer' ==> 'revert()' --> COMPILATION FAILURE
WARNING:CryticCompile:Multiple frameworks detected: solc, Solc-json. Using solc (highest priority). Use --compile-force-framework to override.
INFO:Slither-Mutate:[RR] Line 162: 'factory = IFactory(msg.sender)' ==> 'revert()' --> CAUGHT
WARNING:CryticCompile:Multiple frameworks detected: solc, Solc-json. Using solc (highest priority). Use --compile-force-framework to override.
INFO:Slither-Mutate:[RR] Line 163: 'credits = factory.credits()' ==> 'revert()' --> CAUGHT
WARNING:CryticCompile:Multiple frameworks detected: solc, Solc-json. Using solc (highest priority). Use --compile-force-framework to override.
INFO:Slither-Mutate:[RR] Line 164: 'cards = factory.cards()' ==> 'revert()' --> CAUGHT
WARNING:CryticCompile:Multiple frameworks detected: solc, Solc-json. Using solc (highest priority). Use --compile-force-framework to override.
INFO:Slither-Mutate:[RR] Line 165: 'timeUnit = factory.timeUnit()' ==> 'revert()' --> CAUGHT
WARNING:CryticCompile:Multiple frameworks detected: solc, Solc-json. Using solc (highest priority). Use --compile-force-framework to override.
INFO:Slither-Mutate:[RR] Line 171: '_checkPrice(p.defaultPrice)' ==> 'revert()' --> CAUGHT
WARNING:CryticCompile:Multiple frameworks detected: solc, Solc-json. Using solc (highest priority). Use --compile-force-framework to override.
INFO:Slither-Mutate:[RR] Line 176: 'host = host_' ==> 'revert()' --> CAUGHT
WARNING:CryticCompile:Multiple frameworks detected: solc, Solc-json. Using solc (highest priority). Use --compile-force-framework to override.
INFO:Slither-Mutate:[RR] Line 177: '_params = p' ==> 'revert()' --> CAUGHT
WARNING:CryticCompile:Multiple frameworks detected: solc, Solc-json. Using solc (highest priority). Use --compile-force-framework to override.
INFO:Slither-Mutate:[RR] Line 178: 'createdAt = uint64(block.timestamp)' ==> 'revert()' --> CAUGHT
WARNING:CryticCompile:Multiple frameworks detected: solc, Solc-json. Using solc (highest priority). Use --compile-force-framework to override.
INFO:Slither-Mutate:[RR] Line 179: 'deadline = uint64(block.timestamp + _t(uint256(p.durationDays) * 1 days))' ==> 'revert()' --> CAUGHT
WARNING:CryticCompile:Multiple frameworks detected: solc, Solc-json. Using solc (highest priority). Use --compile-force-framework to override.
INFO:Slither-Mutate:[RR] Line 184: 'return _params' ==> 'revert()' --> CAUGHT
WARNING:CryticCompile:Multiple frameworks detected: solc, Solc-json. Using solc (highest priority). Use --compile-force-framework to override.
INFO:Slither-Mutate:[RR] Line 188: 'return _proposals.length' ==> 'revert()' --> CAUGHT
WARNING:CryticCompile:Multiple frameworks detected: solc, Solc-json. Using solc (highest priority). Use --compile-force-framework to override.
INFO:Slither-Mutate:[RR] Line 368: 'Proposal storage p = _proposals[id]' ==> 'revert()' --> COMPILATION FAILURE
WARNING:CryticCompile:Multiple frameworks detected: solc, Solc-json. Using solc (highest priority). Use --compile-force-framework to override.
INFO:Slither-Mutate:[RR] Line 370: 'uint128 w = weightOf[id][voter]' ==> 'revert()' --> COMPILATION FAILURE
WARNING:CryticCompile:Multiple frameworks detected: solc, Solc-json. Using solc (highest priority). Use --compile-force-framework to override.
INFO:Slither-Mutate:[RR] Line 372: 'w = uint128(cards.heldAt(address(this), voter, p.snapshot))' ==> 'revert()' --> CAUGHT
WARNING:CryticCompile:Multiple frameworks detected: solc, Solc-json. Using solc (highest priority). Use --compile-force-framework to override.
INFO:Slither-Mutate:[RR] Line 374: 'weightOf[id][voter] = w' ==> 'revert()' --> CAUGHT
WARNING:CryticCompile:Multiple frameworks detected: solc, Solc-json. Using solc (highest priority). Use --compile-force-framework to override.
INFO:Slither-Mutate:[RR] Line 376: 'uint8 prev = voteOf[id][voter]' ==> 'revert()' --> COMPILATION FAILURE
WARNING:CryticCompile:Multiple frameworks detected: solc, Solc-json. Using solc (highest priority). Use --compile-force-framework to override.
INFO:Slither-Mutate:[RR] Line 377: 'p.yes -= w' ==> 'revert()' --> CAUGHT
WARNING:CryticCompile:Multiple frameworks detected: solc, Solc-json. Using solc (highest priority). Use --compile-force-framework to override.
INFO:Slither-Mutate:[RR] Line 377: 'p.no -= w' ==> 'revert()' --> CAUGHT
WARNING:CryticCompile:Multiple frameworks detected: solc, Solc-json. Using solc (highest priority). Use --compile-force-framework to override.
INFO:Slither-Mutate:[RR] Line 378: 'p.yes += w' ==> 'revert()' --> CAUGHT
WARNING:CryticCompile:Multiple frameworks detected: solc, Solc-json. Using solc (highest priority). Use --compile-force-framework to override.
INFO:Slither-Mutate:[RR] Line 378: 'p.no += w' ==> 'revert()' --> CAUGHT
WARNING:CryticCompile:Multiple frameworks detected: solc, Solc-json. Using solc (highest priority). Use --compile-force-framework to override.
INFO:Slither-Mutate:[RR] Line 379: 'voteOf[id][voter] = support ? 1 : 2' ==> 'revert()' --> CAUGHT
WARNING:CryticCompile:Multiple frameworks detected: solc, Solc-json. Using solc (highest priority). Use --compile-force-framework to override.
INFO:Slither-Mutate:[RR] Line 380: 'emit Voted(id, voter, support, w)' ==> 'revert()' --> CAUGHT
WARNING:CryticCompile:Multiple frameworks detected: solc, Solc-json. Using solc (highest priority). Use --compile-force-framework to override.
INFO:Slither-Mutate:[RR] Line 385: 'Proposal storage p = _proposals[id]' ==> 'revert()' --> COMPILATION FAILURE
WARNING:CryticCompile:Multiple frameworks detected: solc, Solc-json. Using solc (highest priority). Use --compile-force-framework to override.
INFO:Slither-Mutate:[RR] Line 386: 'uint256 need = (!p.cancel && price < floorWei) ? PASS_BELOW_FLOOR : PASS' ==> 'revert()' --> COMPILATION FAILURE
WARNING:CryticCompile:Multiple frameworks detected: solc, Solc-json. Using solc (highest priority). Use --compile-force-framework to override.
INFO:Slither-Mutate:[RR] Line 387: 'need = PASS_DEADLOCK' ==> 'revert()' --> CAUGHT
WARNING:CryticCompile:Multiple frameworks detected: solc, Solc-json. Using solc (highest priority). Use --compile-force-framework to override.
INFO:Slither-Mutate:[RR] Line 388: 'return need' ==> 'revert()' --> CAUGHT
WARNING:CryticCompile:Multiple frameworks detected: solc, Solc-json. Using solc (highest priority). Use --compile-force-framework to override.
INFO:Slither-Mutate:[RR] Line 440: 'Proposal storage p = _proposals[id]' ==> 'revert()' --> COMPILATION FAILURE
WARNING:CryticCompile:Multiple frameworks detected: solc, Solc-json. Using solc (highest priority). Use --compile-force-framework to override.
INFO:Slither-Mutate:[RR] Line 444: 'blockedCounted[id] = true' ==> 'revert()' --> CAUGHT
WARNING:CryticCompile:Multiple frameworks detected: solc, Solc-json. Using solc (highest priority). Use --compile-force-framework to override.
INFO:Slither-Mutate:[RR] Line 445: '++blockedPriceProposals' ==> 'revert()' --> CAUGHT
WARNING:CryticCompile:Multiple frameworks detected: solc, Solc-json. Using solc (highest priority). Use --compile-force-framework to override.
INFO:Slither-Mutate:[RR] Line 446: 'emit BlockedCounted(id, blockedPriceProposals)' ==> 'revert()' --> CAUGHT
WARNING:CryticCompile:Multiple frameworks detected: solc, Solc-json. Using solc (highest priority). Use --compile-force-framework to override.
INFO:Slither-Mutate:[RR] Line 571: 'return uint256(p.value)' ==> 'revert()' --> CAUGHT
WARNING:CryticCompile:Multiple frameworks detected: solc, Solc-json. Using solc (highest priority). Use --compile-force-framework to override.
INFO:Slither-Mutate:[RR] Line 572: 'return _clampMin(_resolveWith(p, _floor(f)))' ==> 'revert()' --> CAUGHT
INFO:Slither-Mutate:Mutator RR found 26 caught revert mutants (out of 27 that compile)
WARNING:CryticCompile:Multiple frameworks detected: solc, Solc-json. Using solc (highest priority). Use --compile-force-framework to override.
INFO:Slither-Mutate:[CR] Line 43: 'uint256 public constant SLOTS = 80' ==> '//uint256 public constant SLOTS = 80' --> COMPILATION FAILURE
WARNING:CryticCompile:Multiple frameworks detected: solc, Solc-json. Using solc (highest priority). Use --compile-force-framework to override.
INFO:Slither-Mutate:[CR] Line 44: 'uint256 public constant PASS = 41' ==> '//uint256 public constant PASS = 41' --> COMPILATION FAILURE
WARNING:CryticCompile:Multiple frameworks detected: solc, Solc-json. Using solc (highest priority). Use --compile-force-framework to override.
INFO:Slither-Mutate:[CR] Line 45: 'uint256 public constant PASS_BELOW_FLOOR = 60' ==> '//uint256 public constant PASS_BELOW_FLOOR = 60' --> COMPILATION FAILURE
WARNING:CryticCompile:Multiple frameworks detected: solc, Solc-json. Using solc (highest priority). Use --compile-force-framework to override.
INFO:Slither-Mutate:[CR] Line 46: 'uint256 public constant PASS_DEADLOCK = 54' ==> '//uint256 public constant PASS_DEADLOCK = 54' --> COMPILATION FAILURE
WARNING:CryticCompile:Multiple frameworks detected: solc, Solc-json. Using solc (highest priority). Use --compile-force-framework to override.
INFO:Slither-Mutate:[CR] Line 47: 'uint256 public constant DEADLOCK_BLOCKS = 3' ==> '//uint256 public constant DEADLOCK_BLOCKS = 3' --> COMPILATION FAILURE
WARNING:CryticCompile:Multiple frameworks detected: solc, Solc-json. Using solc (highest priority). Use --compile-force-framework to override.
INFO:Slither-Mutate:[CR] Line 48: 'uint256 public constant DEADLOCK_TIME = 30 days' ==> '//uint256 public constant DEADLOCK_TIME = 30 days' --> COMPILATION FAILURE
WARNING:CryticCompile:Multiple frameworks detected: solc, Solc-json. Using solc (highest priority). Use --compile-force-framework to override.
INFO:Slither-Mutate:[CR] Line 49: 'uint256 public constant EXECUTE_WINDOW = 7 days' ==> '//uint256 public constant EXECUTE_WINDOW = 7 days' --> COMPILATION FAILURE
WARNING:CryticCompile:Multiple frameworks detected: solc, Solc-json. Using solc (highest priority). Use --compile-force-framework to override.
INFO:Slither-Mutate:[CR] Line 50: 'uint256 public constant MAX_BUY_DELAY_HOURS = 72' ==> '//uint256 public constant MAX_BUY_DELAY_HOURS = 72' --> COMPILATION FAILURE
WARNING:CryticCompile:Multiple frameworks detected: solc, Solc-json. Using solc (highest priority). Use --compile-force-framework to override.
INFO:Slither-Mutate:[CR] Line 51: 'uint256 public constant FILL_GRACE = 2 days' ==> '//uint256 public constant FILL_GRACE = 2 days' --> COMPILATION FAILURE
WARNING:CryticCompile:Multiple frameworks detected: solc, Solc-json. Using solc (highest priority). Use --compile-force-framework to override.
INFO:Slither-Mutate:[CR] Line 52: 'uint256 public constant FLOOR_MAX_AGE = 1 hours' ==> '//uint256 public constant FLOOR_MAX_AGE = 1 hours' --> COMPILATION FAILURE
WARNING:CryticCompile:Multiple frameworks detected: solc, Solc-json. Using solc (highest priority). Use --compile-force-framework to override.
INFO:Slither-Mutate:[CR] Line 53: 'uint256 public constant ROYALTY_CAP_BPS = 1000' ==> '//uint256 public constant ROYALTY_CAP_BPS = 1000' --> COMPILATION FAILURE
WARNING:CryticCompile:Multiple frameworks detected: solc, Solc-json. Using solc (highest priority). Use --compile-force-framework to override.
INFO:Slither-Mutate:[CR] Line 54: 'uint256 public constant MAX_OPEN_PER_PROPOSER = 3' ==> '//uint256 public constant MAX_OPEN_PER_PROPOSER = 3' --> COMPILATION FAILURE
WARNING:CryticCompile:Multiple frameworks detected: solc, Solc-json. Using solc (highest priority). Use --compile-force-framework to override.
INFO:Slither-Mutate:[CR] Line 161: 'initializer' ==> '//initializer' --> COMPILATION FAILURE
WARNING:CryticCompile:Multiple frameworks detected: solc, Solc-json. Using solc (highest priority). Use --compile-force-framework to override.
INFO:Slither-Mutate:[CR] Line 162: 'factory = IFactory(msg.sender)' ==> '//factory = IFactory(msg.sender)' --> CAUGHT
WARNING:CryticCompile:Multiple frameworks detected: solc, Solc-json. Using solc (highest priority). Use --compile-force-framework to override.
INFO:Slither-Mutate:[CR] Line 163: 'credits = factory.credits()' ==> '//credits = factory.credits()' --> CAUGHT
WARNING:CryticCompile:Multiple frameworks detected: solc, Solc-json. Using solc (highest priority). Use --compile-force-framework to override.
INFO:Slither-Mutate:[CR] Line 164: 'cards = factory.cards()' ==> '//cards = factory.cards()' --> CAUGHT
WARNING:CryticCompile:Multiple frameworks detected: solc, Solc-json. Using solc (highest priority). Use --compile-force-framework to override.
INFO:Slither-Mutate:[CR] Line 165: 'timeUnit = factory.timeUnit()' ==> '//timeUnit = factory.timeUnit()' --> CAUGHT
WARNING:CryticCompile:Multiple frameworks detected: solc, Solc-json. Using solc (highest priority). Use --compile-force-framework to override.
INFO:Slither-Mutate:[CR] Line 166: 'timeUnit == 0 || timeUnit > 1 hours' ==> '//timeUnit == 0 || timeUnit > 1 hours' --> COMPILATION FAILURE
WARNING:CryticCompile:Multiple frameworks detected: solc, Solc-json. Using solc (highest priority). Use --compile-force-framework to override.
INFO:Slither-Mutate:[CR] Line 166: 'revert Bad("timeUnit")' ==> '//revert Bad("timeUnit")' --> UNCAUGHT
WARNING:CryticCompile:Multiple frameworks detected: solc, Solc-json. Using solc (highest priority). Use --compile-force-framework to override.
INFO:Slither-Mutate:[CR] Line 167: 'host_ == address(0)' ==> '//host_ == address(0)' --> COMPILATION FAILURE
WARNING:CryticCompile:Multiple frameworks detected: solc, Solc-json. Using solc (highest priority). Use --compile-force-framework to override.
INFO:Slither-Mutate:[CR] Line 167: 'revert Bad("host")' ==> '//revert Bad("host")' --> CAUGHT
WARNING:CryticCompile:Multiple frameworks detected: solc, Solc-json. Using solc (highest priority). Use --compile-force-framework to override.
INFO:Slither-Mutate:[CR] Line 168: 'p.minDeposit == 0 || p.minDeposit > SLOTS' ==> '//p.minDeposit == 0 || p.minDeposit > SLOTS' --> COMPILATION FAILURE
WARNING:CryticCompile:Multiple frameworks detected: solc, Solc-json. Using solc (highest priority). Use --compile-force-framework to override.
INFO:Slither-Mutate:[CR] Line 168: 'revert Bad("minDeposit")' ==> '//revert Bad("minDeposit")' --> CAUGHT
WARNING:CryticCompile:Multiple frameworks detected: solc, Solc-json. Using solc (highest priority). Use --compile-force-framework to override.
INFO:Slither-Mutate:[CR] Line 169: 'p.durationDays == 0 || p.durationDays > 60' ==> '//p.durationDays == 0 || p.durationDays > 60' --> COMPILATION FAILURE
WARNING:CryticCompile:Multiple frameworks detected: solc, Solc-json. Using solc (highest priority). Use --compile-force-framework to override.
INFO:Slither-Mutate:[CR] Line 169: 'revert Bad("duration")' ==> '//revert Bad("duration")' --> CAUGHT
WARNING:CryticCompile:Multiple frameworks detected: solc, Solc-json. Using solc (highest priority). Use --compile-force-framework to override.
INFO:Slither-Mutate:[CR] Line 170: '!_windowOk(p.voteHours)' ==> '//!_windowOk(p.voteHours)' --> COMPILATION FAILURE
WARNING:CryticCompile:Multiple frameworks detected: solc, Solc-json. Using solc (highest priority). Use --compile-force-framework to override.
INFO:Slither-Mutate:[CR] Line 170: 'revert Bad("voteHours")' ==> '//revert Bad("voteHours")' --> CAUGHT
WARNING:CryticCompile:Multiple frameworks detected: solc, Solc-json. Using solc (highest priority). Use --compile-force-framework to override.
INFO:Slither-Mutate:[CR] Line 171: '_checkPrice(p.defaultPrice)' ==> '//_checkPrice(p.defaultPrice)' --> CAUGHT
WARNING:CryticCompile:Multiple frameworks detected: solc, Solc-json. Using solc (highest priority). Use --compile-force-framework to override.
INFO:Slither-Mutate:[CR] Line 172: 'p.defaultPrice.mode != PriceMode.Fixed && p.minAskWei == 0' ==> '//p.defaultPrice.mode != PriceMode.Fixed && p.minAskWei == 0' --> COMPILATION FAILURE
WARNING:CryticCompile:Multiple frameworks detected: solc, Solc-json. Using solc (highest priority). Use --compile-force-framework to override.
INFO:Slither-Mutate:[CR] Line 172: 'revert Bad("minAsk")' ==> '//revert Bad("minAsk")' --> CAUGHT
WARNING:CryticCompile:Multiple frameworks detected: solc, Solc-json. Using solc (highest priority). Use --compile-force-framework to override.
INFO:Slither-Mutate:[CR] Line 173: 'p.buyDelayHours > MAX_BUY_DELAY_HOURS' ==> '//p.buyDelayHours > MAX_BUY_DELAY_HOURS' --> COMPILATION FAILURE
WARNING:CryticCompile:Multiple frameworks detected: solc, Solc-json. Using solc (highest priority). Use --compile-force-framework to override.
INFO:Slither-Mutate:[CR] Line 173: 'revert Bad("buyDelay")' ==> '//revert Bad("buyDelay")' --> CAUGHT
WARNING:CryticCompile:Multiple frameworks detected: solc, Solc-json. Using solc (highest priority). Use --compile-force-framework to override.
INFO:Slither-Mutate:[CR] Line 174: 'bytes(p.name).length == 0 || bytes(p.name).length > 60' ==> '//bytes(p.name).length == 0 || bytes(p.name).length > 60' --> COMPILATION FAILURE
WARNING:CryticCompile:Multiple frameworks detected: solc, Solc-json. Using solc (highest priority). Use --compile-force-framework to override.
INFO:Slither-Mutate:[CR] Line 174: 'revert Bad("name")' ==> '//revert Bad("name")' --> CAUGHT
WARNING:CryticCompile:Multiple frameworks detected: solc, Solc-json. Using solc (highest priority). Use --compile-force-framework to override.
INFO:Slither-Mutate:[CR] Line 175: 'bytes(p.description).length > 1000' ==> '//bytes(p.description).length > 1000' --> COMPILATION FAILURE
WARNING:CryticCompile:Multiple frameworks detected: solc, Solc-json. Using solc (highest priority). Use --compile-force-framework to override.
INFO:Slither-Mutate:[CR] Line 175: 'revert Bad("description")' ==> '//revert Bad("description")' --> CAUGHT
WARNING:CryticCompile:Multiple frameworks detected: solc, Solc-json. Using solc (highest priority). Use --compile-force-framework to override.
INFO:Slither-Mutate:[CR] Line 176: 'host = host_' ==> '//host = host_' --> CAUGHT
WARNING:CryticCompile:Multiple frameworks detected: solc, Solc-json. Using solc (highest priority). Use --compile-force-framework to override.
INFO:Slither-Mutate:[CR] Line 177: '_params = p' ==> '//_params = p' --> CAUGHT
WARNING:CryticCompile:Multiple frameworks detected: solc, Solc-json. Using solc (highest priority). Use --compile-force-framework to override.
INFO:Slither-Mutate:[CR] Line 178: 'createdAt = uint64(block.timestamp)' ==> '//createdAt = uint64(block.timestamp)' --> CAUGHT
WARNING:CryticCompile:Multiple frameworks detected: solc, Solc-json. Using solc (highest priority). Use --compile-force-framework to override.
INFO:Slither-Mutate:[CR] Line 179: 'deadline = uint64(block.timestamp + _t(uint256(p.durationDays) * 1 days))' ==> '//deadline = uint64(block.timestamp + _t(uint256(p.durationDays) * 1 days))' --> CAUGHT
WARNING:CryticCompile:Multiple frameworks detected: solc, Solc-json. Using solc (highest priority). Use --compile-force-framework to override.
INFO:Slither-Mutate:[CR] Line 184: 'return _params' ==> '//return _params' --> COMPILATION FAILURE
WARNING:CryticCompile:Multiple frameworks detected: solc, Solc-json. Using solc (highest priority). Use --compile-force-framework to override.
INFO:Slither-Mutate:[CR] Line 188: 'return _proposals.length' ==> '//return _proposals.length' --> COMPILATION FAILURE
WARNING:CryticCompile:Multiple frameworks detected: solc, Solc-json. Using solc (highest priority). Use --compile-force-framework to override.
INFO:Slither-Mutate:[CR] Line 368: 'Proposal storage p = _proposals[id]' ==> '//Proposal storage p = _proposals[id]' --> COMPILATION FAILURE
WARNING:CryticCompile:Multiple frameworks detected: solc, Solc-json. Using solc (highest priority). Use --compile-force-framework to override.
INFO:Slither-Mutate:[CR] Line 369: 'block.timestamp >= p.endsAt' ==> '//block.timestamp >= p.endsAt' --> COMPILATION FAILURE
WARNING:CryticCompile:Multiple frameworks detected: solc, Solc-json. Using solc (highest priority). Use --compile-force-framework to override.
INFO:Slither-Mutate:[CR] Line 369: 'revert Bad("closed")' ==> '//revert Bad("closed")' --> COMPILATION FAILURE
WARNING:CryticCompile:Multiple frameworks detected: solc, Solc-json. Using solc (highest priority). Use --compile-force-framework to override.
INFO:Slither-Mutate:[CR] Line 370: 'uint128 w = weightOf[id][voter]' ==> '//uint128 w = weightOf[id][voter]' --> COMPILATION FAILURE
WARNING:CryticCompile:Multiple frameworks detected: solc, Solc-json. Using solc (highest priority). Use --compile-force-framework to override.
INFO:Slither-Mutate:[CR] Line 371: 'w == 0' ==> '//w == 0' --> COMPILATION FAILURE
WARNING:CryticCompile:Multiple frameworks detected: solc, Solc-json. Using solc (highest priority). Use --compile-force-framework to override.
INFO:Slither-Mutate:[CR] Line 372: 'w = uint128(cards.heldAt(address(this), voter, p.snapshot))' ==> '//w = uint128(cards.heldAt(address(this), voter, p.snapshot))' --> CAUGHT
WARNING:CryticCompile:Multiple frameworks detected: solc, Solc-json. Using solc (highest priority). Use --compile-force-framework to override.
INFO:Slither-Mutate:[CR] Line 373: 'w == 0' ==> '//w == 0' --> COMPILATION FAILURE
WARNING:CryticCompile:Multiple frameworks detected: solc, Solc-json. Using solc (highest priority). Use --compile-force-framework to override.
INFO:Slither-Mutate:[CR] Line 373: 'revert Bad("no weight at snapshot")' ==> '//revert Bad("no weight at snapshot")' --> CAUGHT
WARNING:CryticCompile:Multiple frameworks detected: solc, Solc-json. Using solc (highest priority). Use --compile-force-framework to override.
INFO:Slither-Mutate:[CR] Line 374: 'weightOf[id][voter] = w' ==> '//weightOf[id][voter] = w' --> CAUGHT
WARNING:CryticCompile:Multiple frameworks detected: solc, Solc-json. Using solc (highest priority). Use --compile-force-framework to override.
INFO:Slither-Mutate:[CR] Line 376: 'uint8 prev = voteOf[id][voter]' ==> '//uint8 prev = voteOf[id][voter]' --> COMPILATION FAILURE
WARNING:CryticCompile:Multiple frameworks detected: solc, Solc-json. Using solc (highest priority). Use --compile-force-framework to override.
INFO:Slither-Mutate:[CR] Line 377: 'prev == 1' ==> '//prev == 1' --> COMPILATION FAILURE
WARNING:CryticCompile:Multiple frameworks detected: solc, Solc-json. Using solc (highest priority). Use --compile-force-framework to override.
INFO:Slither-Mutate:[CR] Line 377: 'p.yes -= w' ==> '//p.yes -= w' --> CAUGHT
WARNING:CryticCompile:Multiple frameworks detected: solc, Solc-json. Using solc (highest priority). Use --compile-force-framework to override.
INFO:Slither-Mutate:[CR] Line 377: 'prev == 2' ==> '//prev == 2' --> COMPILATION FAILURE
WARNING:CryticCompile:Multiple frameworks detected: solc, Solc-json. Using solc (highest priority). Use --compile-force-framework to override.
INFO:Slither-Mutate:[CR] Line 377: 'p.no -= w' ==> '//p.no -= w' --> CAUGHT
WARNING:CryticCompile:Multiple frameworks detected: solc, Solc-json. Using solc (highest priority). Use --compile-force-framework to override.
INFO:Slither-Mutate:[CR] Line 378: 'support' ==> '//support' --> COMPILATION FAILURE
WARNING:CryticCompile:Multiple frameworks detected: solc, Solc-json. Using solc (highest priority). Use --compile-force-framework to override.
INFO:Slither-Mutate:[CR] Line 378: 'p.yes += w' ==> '//p.yes += w' --> CAUGHT
WARNING:CryticCompile:Multiple frameworks detected: solc, Solc-json. Using solc (highest priority). Use --compile-force-framework to override.
INFO:Slither-Mutate:[CR] Line 378: 'p.no += w' ==> '//p.no += w' --> CAUGHT
WARNING:CryticCompile:Multiple frameworks detected: solc, Solc-json. Using solc (highest priority). Use --compile-force-framework to override.
INFO:Slither-Mutate:[CR] Line 379: 'voteOf[id][voter] = support ? 1 : 2' ==> '//voteOf[id][voter] = support ? 1 : 2' --> CAUGHT
WARNING:CryticCompile:Multiple frameworks detected: solc, Solc-json. Using solc (highest priority). Use --compile-force-framework to override.
INFO:Slither-Mutate:[CR] Line 380: 'emit Voted(id, voter, support, w)' ==> '//emit Voted(id, voter, support, w)' --> UNCAUGHT
WARNING:CryticCompile:Multiple frameworks detected: solc, Solc-json. Using solc (highest priority). Use --compile-force-framework to override.
INFO:Slither-Mutate:[CR] Line 385: 'Proposal storage p = _proposals[id]' ==> '//Proposal storage p = _proposals[id]' --> COMPILATION FAILURE
WARNING:CryticCompile:Multiple frameworks detected: solc, Solc-json. Using solc (highest priority). Use --compile-force-framework to override.
INFO:Slither-Mutate:[CR] Line 386: 'uint256 need = (!p.cancel && price < floorWei) ? PASS_BELOW_FLOOR : PASS' ==> '//uint256 need = (!p.cancel && price < floorWei) ? PASS_BELOW_FLOOR : PASS' --> COMPILATION FAILURE
WARNING:CryticCompile:Multiple frameworks detected: solc, Solc-json. Using solc (highest priority). Use --compile-force-framework to override.
INFO:Slither-Mutate:[CR] Line 387: 'p.deadlock && need < PASS_DEADLOCK' ==> '//p.deadlock && need < PASS_DEADLOCK' --> COMPILATION FAILURE
WARNING:CryticCompile:Multiple frameworks detected: solc, Solc-json. Using solc (highest priority). Use --compile-force-framework to override.
INFO:Slither-Mutate:[CR] Line 387: 'need = PASS_DEADLOCK' ==> '//need = PASS_DEADLOCK' --> CAUGHT
WARNING:CryticCompile:Multiple frameworks detected: solc, Solc-json. Using solc (highest priority). Use --compile-force-framework to override.
INFO:Slither-Mutate:[CR] Line 388: 'return need' ==> '//return need' --> CAUGHT
WARNING:CryticCompile:Multiple frameworks detected: solc, Solc-json. Using solc (highest priority). Use --compile-force-framework to override.
INFO:Slither-Mutate:[CR] Line 440: 'Proposal storage p = _proposals[id]' ==> '//Proposal storage p = _proposals[id]' --> COMPILATION FAILURE
WARNING:CryticCompile:Multiple frameworks detected: solc, Solc-json. Using solc (highest priority). Use --compile-force-framework to override.
INFO:Slither-Mutate:[CR] Line 443: 'blockedCounted[id] || p.cancel || p.executed || block.timestamp < p.endsAt || p.no == 0 || p.deadlock || p.yes < PASS || p.epoch != priceEpoch' ==> '//blockedCounted[id] || p.cancel || p.executed || block.timestamp < p.endsAt || p.no == 0 || p.deadlock || p.yes < PASS || p.epoch != priceEpoch' --> COMPILATION FAILURE
WARNING:CryticCompile:Multiple frameworks detected: solc, Solc-json. Using solc (highest priority). Use --compile-force-framework to override.
INFO:Slither-Mutate:[CR] Line 443: 'revert Bad("not blocked")' ==> '//revert Bad("not blocked")' --> CAUGHT
WARNING:CryticCompile:Multiple frameworks detected: solc, Solc-json. Using solc (highest priority). Use --compile-force-framework to override.
INFO:Slither-Mutate:[CR] Line 444: 'blockedCounted[id] = true' ==> '//blockedCounted[id] = true' --> CAUGHT
WARNING:CryticCompile:Multiple frameworks detected: solc, Solc-json. Using solc (highest priority). Use --compile-force-framework to override.
INFO:Slither-Mutate:[CR] Line 445: '++blockedPriceProposals' ==> '//++blockedPriceProposals' --> CAUGHT
WARNING:CryticCompile:Multiple frameworks detected: solc, Solc-json. Using solc (highest priority). Use --compile-force-framework to override.
INFO:Slither-Mutate:[CR] Line 446: 'emit BlockedCounted(id, blockedPriceProposals)' ==> '//emit BlockedCounted(id, blockedPriceProposals)' --> CAUGHT
WARNING:CryticCompile:Multiple frameworks detected: solc, Solc-json. Using solc (highest priority). Use --compile-force-framework to override.
INFO:Slither-Mutate:[CR] Line 571: 'p.mode == PriceMode.Fixed' ==> '//p.mode == PriceMode.Fixed' --> COMPILATION FAILURE
WARNING:CryticCompile:Multiple frameworks detected: solc, Solc-json. Using solc (highest priority). Use --compile-force-framework to override.
INFO:Slither-Mutate:[CR] Line 571: 'return uint256(p.value)' ==> '//return uint256(p.value)' --> CAUGHT
WARNING:CryticCompile:Multiple frameworks detected: solc, Solc-json. Using solc (highest priority). Use --compile-force-framework to override.
INFO:Slither-Mutate:[CR] Line 572: 'return _clampMin(_resolveWith(p, _floor(f)))' ==> '//return _clampMin(_resolveWith(p, _floor(f)))' --> CAUGHT
INFO:Slither-Mutate:Mutator CR found 33 caught comment mutants (out of 35 that compile)
WARNING:CryticCompile:Multiple frameworks detected: solc, Solc-json. Using solc (highest priority). Use --compile-force-framework to override.
INFO:Slither-Mutate:[AOR] Line 179: 'deadline = uint64(block.timestamp + _t(uint256(p.durationDays) * 1 days))' ==> 'deadline = uint64(block.timestamp + _t(uint256(p.durationDays) + 1 days))' --> CAUGHT
WARNING:CryticCompile:Multiple frameworks detected: solc, Solc-json. Using solc (highest priority). Use --compile-force-framework to override.
INFO:Slither-Mutate:[AOR] Line 179: 'deadline = uint64(block.timestamp + _t(uint256(p.durationDays) * 1 days))' ==> 'deadline = uint64(block.timestamp + _t(uint256(p.durationDays) / 1 days))' --> CAUGHT
WARNING:CryticCompile:Multiple frameworks detected: solc, Solc-json. Using solc (highest priority). Use --compile-force-framework to override.
INFO:Slither-Mutate:[AOR] Line 179: 'deadline = uint64(block.timestamp + _t(uint256(p.durationDays) * 1 days))' ==> 'deadline = uint64(block.timestamp + _t(uint256(p.durationDays) - 1 days))' --> CAUGHT
WARNING:CryticCompile:Multiple frameworks detected: solc, Solc-json. Using solc (highest priority). Use --compile-force-framework to override.
INFO:Slither-Mutate:[AOR] Line 179: 'deadline = uint64(block.timestamp + _t(uint256(p.durationDays) * 1 days))' ==> 'deadline = uint64(block.timestamp + _t(uint256(p.durationDays) % 1 days))' --> CAUGHT
WARNING:CryticCompile:Multiple frameworks detected: solc, Solc-json. Using solc (highest priority). Use --compile-force-framework to override.
INFO:Slither-Mutate:[AOR] Line 179: 'deadline = uint64(block.timestamp + _t(uint256(p.durationDays) * 1 days))' ==> 'deadline = uint64(block.timestamp / _t(uint256(p.durationDays) * 1 days))' --> CAUGHT
WARNING:CryticCompile:Multiple frameworks detected: solc, Solc-json. Using solc (highest priority). Use --compile-force-framework to override.
INFO:Slither-Mutate:[AOR] Line 179: 'deadline = uint64(block.timestamp + _t(uint256(p.durationDays) * 1 days))' ==> 'deadline = uint64(block.timestamp * _t(uint256(p.durationDays) * 1 days))' --> CAUGHT
WARNING:CryticCompile:Multiple frameworks detected: solc, Solc-json. Using solc (highest priority). Use --compile-force-framework to override.
INFO:Slither-Mutate:[AOR] Line 179: 'deadline = uint64(block.timestamp + _t(uint256(p.durationDays) * 1 days))' ==> 'deadline = uint64(block.timestamp - _t(uint256(p.durationDays) * 1 days))' --> CAUGHT
WARNING:CryticCompile:Multiple frameworks detected: solc, Solc-json. Using solc (highest priority). Use --compile-force-framework to override.
INFO:Slither-Mutate:[AOR] Line 179: 'deadline = uint64(block.timestamp + _t(uint256(p.durationDays) * 1 days))' ==> 'deadline = uint64(block.timestamp % _t(uint256(p.durationDays) * 1 days))' --> CAUGHT
WARNING:CryticCompile:Multiple frameworks detected: solc, Solc-json. Using solc (highest priority). Use --compile-force-framework to override.
INFO:Slither-Mutate:[AOR] Line 377: 'p.yes -= w' ==> 'p.yes += w' --> CAUGHT
WARNING:CryticCompile:Multiple frameworks detected: solc, Solc-json. Using solc (highest priority). Use --compile-force-framework to override.
INFO:Slither-Mutate:[AOR] Line 377: 'p.yes -= w' ==> 'p.yes /= w' --> CAUGHT
WARNING:CryticCompile:Multiple frameworks detected: solc, Solc-json. Using solc (highest priority). Use --compile-force-framework to override.
INFO:Slither-Mutate:[AOR] Line 377: 'p.yes -= w' ==> 'p.yes *= w' --> CAUGHT
WARNING:CryticCompile:Multiple frameworks detected: solc, Solc-json. Using solc (highest priority). Use --compile-force-framework to override.
INFO:Slither-Mutate:[AOR] Line 377: 'p.yes -= w' ==> 'p.yes %= w' --> CAUGHT
WARNING:CryticCompile:Multiple frameworks detected: solc, Solc-json. Using solc (highest priority). Use --compile-force-framework to override.
INFO:Slither-Mutate:[AOR] Line 377: 'p.no -= w' ==> 'p.no += w' --> CAUGHT
WARNING:CryticCompile:Multiple frameworks detected: solc, Solc-json. Using solc (highest priority). Use --compile-force-framework to override.
INFO:Slither-Mutate:[AOR] Line 377: 'p.no -= w' ==> 'p.no /= w' --> CAUGHT
WARNING:CryticCompile:Multiple frameworks detected: solc, Solc-json. Using solc (highest priority). Use --compile-force-framework to override.
INFO:Slither-Mutate:[AOR] Line 377: 'p.no -= w' ==> 'p.no *= w' --> CAUGHT
WARNING:CryticCompile:Multiple frameworks detected: solc, Solc-json. Using solc (highest priority). Use --compile-force-framework to override.
INFO:Slither-Mutate:[AOR] Line 377: 'p.no -= w' ==> 'p.no %= w' --> CAUGHT
WARNING:CryticCompile:Multiple frameworks detected: solc, Solc-json. Using solc (highest priority). Use --compile-force-framework to override.
INFO:Slither-Mutate:[AOR] Line 378: 'p.yes += w' ==> 'p.yes /= w' --> CAUGHT
WARNING:CryticCompile:Multiple frameworks detected: solc, Solc-json. Using solc (highest priority). Use --compile-force-framework to override.
INFO:Slither-Mutate:[AOR] Line 378: 'p.yes += w' ==> 'p.yes *= w' --> CAUGHT
WARNING:CryticCompile:Multiple frameworks detected: solc, Solc-json. Using solc (highest priority). Use --compile-force-framework to override.
INFO:Slither-Mutate:[AOR] Line 378: 'p.yes += w' ==> 'p.yes -= w' --> CAUGHT
WARNING:CryticCompile:Multiple frameworks detected: solc, Solc-json. Using solc (highest priority). Use --compile-force-framework to override.
INFO:Slither-Mutate:[AOR] Line 378: 'p.yes += w' ==> 'p.yes %= w' --> CAUGHT
WARNING:CryticCompile:Multiple frameworks detected: solc, Solc-json. Using solc (highest priority). Use --compile-force-framework to override.
INFO:Slither-Mutate:[AOR] Line 378: 'p.no += w' ==> 'p.no /= w' --> CAUGHT
WARNING:CryticCompile:Multiple frameworks detected: solc, Solc-json. Using solc (highest priority). Use --compile-force-framework to override.
INFO:Slither-Mutate:[AOR] Line 378: 'p.no += w' ==> 'p.no *= w' --> CAUGHT
WARNING:CryticCompile:Multiple frameworks detected: solc, Solc-json. Using solc (highest priority). Use --compile-force-framework to override.
INFO:Slither-Mutate:[AOR] Line 378: 'p.no += w' ==> 'p.no -= w' --> CAUGHT
WARNING:CryticCompile:Multiple frameworks detected: solc, Solc-json. Using solc (highest priority). Use --compile-force-framework to override.
INFO:Slither-Mutate:[AOR] Line 378: 'p.no += w' ==> 'p.no %= w' --> CAUGHT
INFO:Slither-Mutate:Mutator AOR found 24 caught tweak mutants (out of 24 that compile)
INFO:Slither-Mutate:Running total: found 24 caught tweak mutants (out of 24 that compile)
WARNING:CryticCompile:Multiple frameworks detected: solc, Solc-json. Using solc (highest priority). Use --compile-force-framework to override.
INFO:Slither-Mutate:[ASOR] Line 377: 'p.yes -= w' ==> 'p.yes += w' --> CAUGHT
WARNING:CryticCompile:Multiple frameworks detected: solc, Solc-json. Using solc (highest priority). Use --compile-force-framework to override.
INFO:Slither-Mutate:[ASOR] Line 377: 'p.yes -= w' ==> 'p.yes = w' --> CAUGHT
WARNING:CryticCompile:Multiple frameworks detected: solc, Solc-json. Using solc (highest priority). Use --compile-force-framework to override.
INFO:Slither-Mutate:[ASOR] Line 377: 'p.yes -= w' ==> 'p.yes |= w' --> CAUGHT
WARNING:CryticCompile:Multiple frameworks detected: solc, Solc-json. Using solc (highest priority). Use --compile-force-framework to override.
INFO:Slither-Mutate:[ASOR] Line 377: 'p.yes -= w' ==> 'p.yes ^= w' --> CAUGHT
WARNING:CryticCompile:Multiple frameworks detected: solc, Solc-json. Using solc (highest priority). Use --compile-force-framework to override.
INFO:Slither-Mutate:[ASOR] Line 377: 'p.yes -= w' ==> 'p.yes &= w' --> CAUGHT
WARNING:CryticCompile:Multiple frameworks detected: solc, Solc-json. Using solc (highest priority). Use --compile-force-framework to override.
INFO:Slither-Mutate:[ASOR] Line 377: 'p.yes -= w' ==> 'p.yes <<= w' --> CAUGHT
WARNING:CryticCompile:Multiple frameworks detected: solc, Solc-json. Using solc (highest priority). Use --compile-force-framework to override.
INFO:Slither-Mutate:[ASOR] Line 377: 'p.yes -= w' ==> 'p.yes >>= w' --> CAUGHT
WARNING:CryticCompile:Multiple frameworks detected: solc, Solc-json. Using solc (highest priority). Use --compile-force-framework to override.
INFO:Slither-Mutate:[ASOR] Line 377: 'p.yes -= w' ==> 'p.yes *= w' --> CAUGHT
WARNING:CryticCompile:Multiple frameworks detected: solc, Solc-json. Using solc (highest priority). Use --compile-force-framework to override.
INFO:Slither-Mutate:[ASOR] Line 377: 'p.yes -= w' ==> 'p.yes /= w' --> CAUGHT
WARNING:CryticCompile:Multiple frameworks detected: solc, Solc-json. Using solc (highest priority). Use --compile-force-framework to override.
INFO:Slither-Mutate:[ASOR] Line 377: 'p.yes -= w' ==> 'p.yes %= w' --> CAUGHT
WARNING:CryticCompile:Multiple frameworks detected: solc, Solc-json. Using solc (highest priority). Use --compile-force-framework to override.
INFO:Slither-Mutate:[ASOR] Line 377: 'p.no -= w' ==> 'p.no += w' --> CAUGHT
WARNING:CryticCompile:Multiple frameworks detected: solc, Solc-json. Using solc (highest priority). Use --compile-force-framework to override.
INFO:Slither-Mutate:[ASOR] Line 377: 'p.no -= w' ==> 'p.no = w' --> CAUGHT
WARNING:CryticCompile:Multiple frameworks detected: solc, Solc-json. Using solc (highest priority). Use --compile-force-framework to override.
INFO:Slither-Mutate:[ASOR] Line 377: 'p.no -= w' ==> 'p.no |= w' --> CAUGHT
WARNING:CryticCompile:Multiple frameworks detected: solc, Solc-json. Using solc (highest priority). Use --compile-force-framework to override.
INFO:Slither-Mutate:[ASOR] Line 377: 'p.no -= w' ==> 'p.no ^= w' --> CAUGHT
WARNING:CryticCompile:Multiple frameworks detected: solc, Solc-json. Using solc (highest priority). Use --compile-force-framework to override.
INFO:Slither-Mutate:[ASOR] Line 377: 'p.no -= w' ==> 'p.no &= w' --> CAUGHT
WARNING:CryticCompile:Multiple frameworks detected: solc, Solc-json. Using solc (highest priority). Use --compile-force-framework to override.
INFO:Slither-Mutate:[ASOR] Line 377: 'p.no -= w' ==> 'p.no <<= w' --> CAUGHT
WARNING:CryticCompile:Multiple frameworks detected: solc, Solc-json. Using solc (highest priority). Use --compile-force-framework to override.
INFO:Slither-Mutate:[ASOR] Line 377: 'p.no -= w' ==> 'p.no >>= w' --> CAUGHT
WARNING:CryticCompile:Multiple frameworks detected: solc, Solc-json. Using solc (highest priority). Use --compile-force-framework to override.
INFO:Slither-Mutate:[ASOR] Line 377: 'p.no -= w' ==> 'p.no *= w' --> CAUGHT
WARNING:CryticCompile:Multiple frameworks detected: solc, Solc-json. Using solc (highest priority). Use --compile-force-framework to override.
INFO:Slither-Mutate:[ASOR] Line 377: 'p.no -= w' ==> 'p.no /= w' --> CAUGHT
WARNING:CryticCompile:Multiple frameworks detected: solc, Solc-json. Using solc (highest priority). Use --compile-force-framework to override.
INFO:Slither-Mutate:[ASOR] Line 377: 'p.no -= w' ==> 'p.no %= w' --> CAUGHT
WARNING:CryticCompile:Multiple frameworks detected: solc, Solc-json. Using solc (highest priority). Use --compile-force-framework to override.
INFO:Slither-Mutate:[ASOR] Line 378: 'p.yes += w' ==> 'p.yes -= w' --> CAUGHT
WARNING:CryticCompile:Multiple frameworks detected: solc, Solc-json. Using solc (highest priority). Use --compile-force-framework to override.
INFO:Slither-Mutate:[ASOR] Line 378: 'p.yes += w' ==> 'p.yes = w' --> CAUGHT
WARNING:CryticCompile:Multiple frameworks detected: solc, Solc-json. Using solc (highest priority). Use --compile-force-framework to override.
INFO:Slither-Mutate:[ASOR] Line 378: 'p.yes += w' ==> 'p.yes |= w' --> CAUGHT
WARNING:CryticCompile:Multiple frameworks detected: solc, Solc-json. Using solc (highest priority). Use --compile-force-framework to override.
INFO:Slither-Mutate:[ASOR] Line 378: 'p.yes += w' ==> 'p.yes ^= w' --> CAUGHT
WARNING:CryticCompile:Multiple frameworks detected: solc, Solc-json. Using solc (highest priority). Use --compile-force-framework to override.
INFO:Slither-Mutate:[ASOR] Line 378: 'p.yes += w' ==> 'p.yes &= w' --> CAUGHT
WARNING:CryticCompile:Multiple frameworks detected: solc, Solc-json. Using solc (highest priority). Use --compile-force-framework to override.
INFO:Slither-Mutate:[ASOR] Line 378: 'p.yes += w' ==> 'p.yes <<= w' --> CAUGHT
WARNING:CryticCompile:Multiple frameworks detected: solc, Solc-json. Using solc (highest priority). Use --compile-force-framework to override.
INFO:Slither-Mutate:[ASOR] Line 378: 'p.yes += w' ==> 'p.yes >>= w' --> CAUGHT
WARNING:CryticCompile:Multiple frameworks detected: solc, Solc-json. Using solc (highest priority). Use --compile-force-framework to override.
INFO:Slither-Mutate:[ASOR] Line 378: 'p.yes += w' ==> 'p.yes *= w' --> CAUGHT
WARNING:CryticCompile:Multiple frameworks detected: solc, Solc-json. Using solc (highest priority). Use --compile-force-framework to override.
INFO:Slither-Mutate:[ASOR] Line 378: 'p.yes += w' ==> 'p.yes /= w' --> CAUGHT
WARNING:CryticCompile:Multiple frameworks detected: solc, Solc-json. Using solc (highest priority). Use --compile-force-framework to override.
INFO:Slither-Mutate:[ASOR] Line 378: 'p.yes += w' ==> 'p.yes %= w' --> CAUGHT
WARNING:CryticCompile:Multiple frameworks detected: solc, Solc-json. Using solc (highest priority). Use --compile-force-framework to override.
INFO:Slither-Mutate:[ASOR] Line 378: 'p.no += w' ==> 'p.no -= w' --> CAUGHT
WARNING:CryticCompile:Multiple frameworks detected: solc, Solc-json. Using solc (highest priority). Use --compile-force-framework to override.
INFO:Slither-Mutate:[ASOR] Line 378: 'p.no += w' ==> 'p.no = w' --> CAUGHT
WARNING:CryticCompile:Multiple frameworks detected: solc, Solc-json. Using solc (highest priority). Use --compile-force-framework to override.
INFO:Slither-Mutate:[ASOR] Line 378: 'p.no += w' ==> 'p.no |= w' --> CAUGHT
WARNING:CryticCompile:Multiple frameworks detected: solc, Solc-json. Using solc (highest priority). Use --compile-force-framework to override.
INFO:Slither-Mutate:[ASOR] Line 378: 'p.no += w' ==> 'p.no ^= w' --> CAUGHT
WARNING:CryticCompile:Multiple frameworks detected: solc, Solc-json. Using solc (highest priority). Use --compile-force-framework to override.
INFO:Slither-Mutate:[ASOR] Line 378: 'p.no += w' ==> 'p.no &= w' --> CAUGHT
WARNING:CryticCompile:Multiple frameworks detected: solc, Solc-json. Using solc (highest priority). Use --compile-force-framework to override.
INFO:Slither-Mutate:[ASOR] Line 378: 'p.no += w' ==> 'p.no <<= w' --> CAUGHT
WARNING:CryticCompile:Multiple frameworks detected: solc, Solc-json. Using solc (highest priority). Use --compile-force-framework to override.
INFO:Slither-Mutate:[ASOR] Line 378: 'p.no += w' ==> 'p.no >>= w' --> CAUGHT
WARNING:CryticCompile:Multiple frameworks detected: solc, Solc-json. Using solc (highest priority). Use --compile-force-framework to override.
INFO:Slither-Mutate:[ASOR] Line 378: 'p.no += w' ==> 'p.no *= w' --> CAUGHT
WARNING:CryticCompile:Multiple frameworks detected: solc, Solc-json. Using solc (highest priority). Use --compile-force-framework to override.
INFO:Slither-Mutate:[ASOR] Line 378: 'p.no += w' ==> 'p.no /= w' --> CAUGHT
WARNING:CryticCompile:Multiple frameworks detected: solc, Solc-json. Using solc (highest priority). Use --compile-force-framework to override.
INFO:Slither-Mutate:[ASOR] Line 378: 'p.no += w' ==> 'p.no %= w' --> CAUGHT
INFO:Slither-Mutate:Mutator ASOR found 40 caught tweak mutants (out of 40 that compile)
INFO:Slither-Mutate:Running total: found 64 caught tweak mutants (out of 64 that compile)
INFO:Slither-Mutate:Mutator BOR found 0 caught tweak mutants (out of 0 that compile)
INFO:Slither-Mutate:Running total: found 64 caught tweak mutants (out of 64 that compile)
WARNING:CryticCompile:Multiple frameworks detected: solc, Solc-json. Using solc (highest priority). Use --compile-force-framework to override.
INFO:Slither-Mutate:[FHR] Line 40: 'contract Party is Initializable, ReentrancyGuardTransient {
    using CreditKeys for CreditKeys.Preset;

    uint256 public constant SLOTS = 80;
    uint256 public constant PASS = 41;
    uint256 public constant PASS_BELOW_FLOOR = 60;
    uint256 public constant PASS_DEADLOCK = 54;
    uint256 public constant DEADLOCK_BLOCKS = 3;
    uint256 public constant DEADLOCK_TIME = 30 days;
    uint256 public constant EXECUTE_WINDOW = 7 days;
    uint256 public constant MAX_BUY_DELAY_HOURS = 72; // a price's wait before buying opens is voted with the price (host default at creation)
    uint256 public constant FILL_GRACE = 2 days; // filling always leaves at least this long to burn
    uint256 public constant FLOOR_MAX_AGE = 1 hours;
    uint256 public constant ROYALTY_CAP_BPS = 1000;
    uint256 public constant MAX_OPEN_PER_PROPOSER = 3;

    enum Status { OPEN, FULL, ASSEMBLED, SOLD, EXPIRED }
    enum PriceMode { Fixed, FloorPct, FloorDelta } // FloorPct value in basis points; FloorDelta in wei
    enum FloorMode { Avg24h, Latest }

    struct PriceSpec { PriceMode mode; int256 value; }
    struct Floor { uint256 floorWei; uint64 issuedAt; bytes sig; }

    struct Params {
        string name;
        string description;
        string filters; // human-readable eligibility rules; the Merkle root below is what is enforced
        bytes32 eligibleRoot; // leaf = keccak256(bytes.concat(keccak256(abi.encode(creditId)))); 0 = any Credit
        uint8 minDeposit; // 1..80
        uint32 durationDays; // 1..60, from creation to the burn deadline
        uint16 voteHours; // default window: 24, 48, 72 or 168
        CreditKeys.Preset arrangement;
        uint256 seed; // for Random
        PriceSpec defaultPrice;
        FloorMode floorMode;
        uint256 minAskWei; // lowest ask any floor-relative price can resolve to (required > 0 if the default is floor-relative)
        uint16 buyDelayHours; // default wait between a price going live and buying opening, 0..72 (the site defaults to 1)
    }

    struct Proposal {
        PriceSpec price; // LIST price, or ignored for CANCEL
        bool cancel; // CANCEL_LISTING
        address proposer;
        uint48 snapshot; // block whose balances are the vote weights
        uint64 endsAt;
        uint16 buyDelayHours; // wait before buying opens once this price goes live (voted with the price)
        uint64 epoch; // price epoch at creation; executing any price decision bumps it
        bool deadlock; // created under the deadlock rule
        bool executed;
        uint128 yes;
        uint128 no;
    }

    IFactory public factory;
    ICredits public credits;
    CreditCards public cards;
    address public host;
    Params internal _params;
    uint64 public createdAt;
    uint64 public deadline;
    uint64 public fullAt;
    uint64 public assembledAt;
    uint64 public lastFloorAt; // floor readings may never go back in time
    bool internal _opened; // the host's opening deposit has been made
    /// @notice Seconds per "hour" for every rule window (buy delay, votes, lapse, deadlock, deadline). 3600 on mainnet;
    ///         a testnet factory may set it lower so a full party can be rehearsed in minutes. Floor-signature age is
    ///         always real time.
    uint256 public timeUnit;

    // deposits
    uint256[] internal _order; // credit ids in deposit order (compacted on redeem)
    mapping(uint256 creditId => uint256) public cardOfCredit; // 0 = not in this party
    mapping(uint256 cardId => uint256) public creditOfCard;

    // assembly and sale
    bool public assembled;
    uint256 public statementId;
    uint256[] internal _burnOrder;
    bool internal _assembling;
    uint256 public ask; // wei; 0 = not listed
    PriceSpec public askSpec;
    uint64 public askLiveAt;
    uint64 public buyableAt; // buying opens at this time
    uint16 internal _pendingBuyDelay;
    PriceSpec public pendingPrice; // price voted while FULL, applied at assembly
    bool public hasPendingPrice;
    bool public sold;
    uint256 public perCard;
    uint256 public cardsOutstanding; // cards not yet redeemed or claimed
    mapping(address => uint256) public owed; // pull payments: fee, royalty, dust

    // governance
    Proposal[] internal _proposals;
    mapping(uint256 id => mapping(address => uint8)) public voteOf; // 0 none, 1 yes, 2 no
    mapping(uint256 id => mapping(address => uint128)) public weightOf;
    uint64 public priceEpoch;
    uint64 public lastPriceExecutedAt;
    uint256 public blockedPriceProposals;
    mapping(uint256 id => bool) public blockedCounted;
    mapping(address => uint256[]) internal _openIds; // each proposer's open proposals (at most MAX_OPEN_PER_PROPOSER)

    event Deposited(address indexed by, uint256 indexed creditId, uint256 indexed cardId);
    event Redeemed(address indexed to, uint256 indexed creditId, uint256 indexed cardId);
    event Assembled(address indexed by, uint256 indexed statementId, uint256[] order);
    event AskSet(uint256 ask, bool fromVote);
    event Proposed(uint256 indexed id, address indexed by, bool cancel, PriceMode mode, int256 value, uint64 endsAt, bool deadlock);
    event Voted(uint256 indexed id, address indexed voter, bool support, uint256 weight);
    event Executed(uint256 indexed id, address indexed by);
    event Sold(address indexed buyer, uint256 price, uint256 royalty, uint256 fee, uint256 perCard);
    event Claimed(address indexed to, uint256 indexed cardId, uint256 amount);
    event HostTransferred(address indexed from, address indexed to);
    event BlockedCounted(uint256 indexed id, uint256 total);
    event PendingPriceSet(uint256 indexed id, PriceMode mode, int256 value);
    event Withdrawn(address indexed to, uint256 amount);

    error Bad(string why);

    constructor() {
        _disableInitializers();
    }

    function initialize(address host_, Params calldata p) external initializer {
        factory = IFactory(msg.sender);
        credits = factory.credits();
        cards = factory.cards();
        timeUnit = factory.timeUnit();
        if (timeUnit == 0 || timeUnit > 1 hours) revert Bad("timeUnit");
        if (host_ == address(0)) revert Bad("host");
        if (p.minDeposit == 0 || p.minDeposit > SLOTS) revert Bad("minDeposit");
        if (p.durationDays == 0 || p.durationDays > 60) revert Bad("duration");
        if (!_windowOk(p.voteHours)) revert Bad("voteHours");
        _checkPrice(p.defaultPrice);
        if (p.defaultPrice.mode != PriceMode.Fixed && p.minAskWei == 0) revert Bad("minAsk");
        if (p.buyDelayHours > MAX_BUY_DELAY_HOURS) revert Bad("buyDelay");
        if (bytes(p.name).length == 0 || bytes(p.name).length > 60) revert Bad("name");
        if (bytes(p.description).length > 1000) revert Bad("description");
        host = host_;
        _params = p;
        createdAt = uint64(block.timestamp);
        deadline = uint64(block.timestamp + _t(uint256(p.durationDays) * 1 days));
    }

    // ------------------------------------------------------------------ views

    function params() external view returns (Params memory) { return _params; }
    function depositOrder() external view returns (uint256[] memory) { return _order; }
    function burnOrder() external view returns (uint256[] memory) { return _burnOrder; }
    function count() public view returns (uint256) { return _order.length; }
    function proposalCount() external view returns (uint256) { return _proposals.length; }
    function proposal(uint256 id) external view returns (Proposal memory) { return _proposals[id]; }

    function status() public view returns (Status) {
        if (sold) return Status.SOLD;
        if (assembled) return Status.ASSEMBLED;
        if (block.timestamp > deadline) return Status.EXPIRED;
        return _order.length == SLOTS ? Status.FULL : Status.OPEN;
    }

    function cardView(uint256 cardId) external view returns (string memory name, uint256 creditId, string memory st) {
        Status s = status();
        st = s == Status.OPEN ? "FILLING" : s == Status.FULL ? "FULL" : s == Status.ASSEMBLED ? "STATEMENT MADE" : s == Status.SOLD ? "SOLD / CLAIMABLE" : "EXPIRED / REDEEMABLE";
        return (_params.name, creditOfCard[cardId], st);
    }

    // ------------------------------------------------------------------ deposits

    /// @notice The host's opening deposit, made by the factory in the same transaction that creates the party.
    ///         The host must have approved this (predicted) party address on Credits beforehand.
    function openDeposit(address from, uint256[] calldata ids, bytes32[][] calldata proofs) external nonReentrant {
        if (msg.sender != address(factory) || _opened || from != host) revert Bad("opening");
        _opened = true;
        _deposit(from, ids, proofs);
    }

    /// @notice Pull `ids` from the caller (needs setApprovalForAll on Credits for this party) and mint one card each.
    function deposit(uint256[] calldata ids, bytes32[][] calldata proofs) external nonReentrant {
        if (!_opened) revert Bad("not opened");
        _deposit(msg.sender, ids, proofs);
    }

    function _deposit(address from, uint256[] calldata ids, bytes32[][] calldata proofs) internal {
        if (status() != Status.OPEN) revert Bad("not open");
        uint256 remaining = SLOTS - _order.length;
        uint256 min = _params.minDeposit < remaining ? _params.minDeposit : remaining;
        if (ids.length < min || ids.length > remaining || ids.length == 0) revert Bad("count");
        if (_params.eligibleRoot != bytes32(0) && proofs.length != ids.length) revert Bad("proofs");
        for (uint256 i; i < ids.length; ++i) {
            uint256 id = ids[i];
            if (cardOfCredit[id] != 0) revert Bad("duplicate");
            if (_params.eligibleRoot != bytes32(0)) {
                bytes32 leaf = keccak256(bytes.concat(keccak256(abi.encode(id))));
                if (!MerkleProof.verifyCalldata(proofs[i], _params.eligibleRoot, leaf)) revert Bad("not eligible");
            }
            credits.transferFrom(from, address(this), id); // reverts unless `from` owns it and approved us
            if (credits.ownerOf(id) != address(this)) revert Bad("not received");
            uint256 card = cards.mint(from);
            cardOfCredit[id] = card;
            creditOfCard[card] = id;
            _order.push(id);
            ++cardsOutstanding;
            emit Deposited(from, id, card);
        }
        if (_order.length == SLOTS) {
            fullAt = uint64(block.timestamp);
            uint256 grace = block.timestamp + _t(FILL_GRACE);
            if (deadline < grace) deadline = uint64(grace);
        }
    }

    /// @notice The card's holder takes its Credit back (card burned). Allowed while OPEN, and after EXPIRED.
    function redeem(uint256[] calldata cardIds) external nonReentrant {
        for (uint256 i; i < cardIds.length; ++i) _redeem(cardIds[i], msg.sender);
    }

    /// @notice After expiry anyone may push a card's Credit to the card's current holder.
    function redeemFor(uint256[] calldata cardIds) external nonReentrant {
        if (status() != Status.EXPIRED) revert Bad("not expired");
        for (uint256 i; i < cardIds.length; ++i) _redeem(cardIds[i], cards.ownerOf(cardIds[i]));
    }

    function _redeem(uint256 cardId, address holder) internal {
        Status s = status();
        if (s != Status.OPEN && s != Status.EXPIRED) revert Bad("locked");
        if (cards.partyOf(cardId) != address(this) || cards.ownerOf(cardId) != holder) revert Bad("not holder");
        uint256 id = creditOfCard[cardId];
        delete creditOfCard[cardId];
        delete cardOfCredit[id];
        _removeFromOrder(id);
        --cardsOutstanding;
        cards.burn(cardId);
        credits.transferFrom(address(this), holder, id); // plain transfer: no receiver callback
        emit Redeemed(holder, id, cardId);
    }

    function _removeFromOrder(uint256 id) internal {
        uint256 n = _order.length;
        for (uint256 i; i < n; ++i) {
            if (_order[i] == id) {
                for (uint256 j = i; j + 1 < n; ++j) _order[j] = _order[j + 1];
                _order.pop();
                return;
            }
        }
        revert Bad("missing");
    }

    // ------------------------------------------------------------------ arrange + burn (one step)

    /// @notice Burn the 80 into one Statement with `order`. Manual: host only, any order of exactly the 80.
    ///         Auto presets: any card holder; `order` must be exactly what the preset produces.
    function assemble(uint256[] calldata order, Floor calldata floor) external nonReentrant {
        if (status() != Status.FULL) revert Bad("not full");
        CreditKeys.Preset p = _params.arrangement;
        if (p == CreditKeys.Preset.Manual) {
            if (msg.sender != host) revert Bad("host only");
        } else if (cards.heldNow(address(this), msg.sender) == 0) {
            revert Bad("card holders only");
        }
        CreditKeys.verifyOrder(p, credits, _order, order, _params.seed);

        // Price that goes live: the one voted while FULL, else the host default. Resolve before external calls.
        PriceSpec memory spec = hasPendingPrice ? pendingPrice : _params.defaultPrice;
        uint256 price = _resolve(spec, floor);

        // Effects
        assembled = true;
        assembledAt = uint64(block.timestamp);
        _burnOrder = order;
        ask = price;
        askSpec = spec;
        askLiveAt = uint64(block.timestamp);
        buyableAt = uint64(block.timestamp + _t(uint256(hasPendingPrice ? _pendingBuyDelay : _params.buyDelayHours) * 1 hours));
        ++priceEpoch; // proposals made before the burn are superseded

        // Interactions: approve the Statement contract for this call only, then verify the outcome.
        IStatement st = factory.statement();
        credits.setApprovalForAll(address(st), true);
        _assembling = true;
        uint256 sid = st.make(order);
        _assembling = false;
        credits.setApprovalForAll(address(st), false);
        if (st.ownerOf(sid) != address(this)) revert Bad("statement not received");
        for (uint256 i; i < SLOTS; ++i) {
            // every Credit must be gone from this contract (burned by the Statement contract)
            try credits.ownerOf(order[i]) returns (address o) { if (o == address(this)) revert Bad("not burned"); } catch {}
        }
        statementId = sid;
        emit Assembled(msg.sender, sid, order);
        emit AskSet(price, hasPendingPrice);
    }

    /// @notice The Statement contract may mint with a safe-transfer callback, but only during assemble().
    function onERC721Received(address, address, uint256, bytes calldata) external view returns (bytes4) {
        if (!_assembling || msg.sender != address(factory.statement())) revert Bad("unexpected token");
        return this.onERC721Received.selector;
    }

    // ------------------------------------------------------------------ price governance

    /// @param buyDelayHours for a price: the wait (0..72 hours) before buying opens once it goes live; ignored for cancels.
    function propose(PriceSpec calldata price, bool cancel, uint16 hours_, uint16 buyDelayHours) external returns (uint256 id) {
        Status s = status();
        if (cancel ? s != Status.ASSEMBLED : (s != Status.FULL && s != Status.ASSEMBLED)) revert Bad("status");
        if (cancel && ask == 0) revert Bad("not listed");
        if (cards.heldNow(address(this), msg.sender) == 0) revert Bad("card holders only");
        _refreshOpen(msg.sender);
        if (_openIds[msg.sender].length >= MAX_OPEN_PER_PROPOSER) revert Bad("open limit");
        if (!cancel) _checkPrice(price);
        if (!cancel && buyDelayHours > MAX_BUY_DELAY_HOURS) revert Bad("buyDelay");
        uint16 h = cancel ? 24 : (hours_ == 0 ? _params.voteHours : hours_); // cancels always run 24h
        if (!_windowOk(h)) revert Bad("window");
        id = _proposals.length;
        bool dl = _deadlocked();
        _proposals.push(Proposal({
            price: price, cancel: cancel, proposer: msg.sender, snapshot: uint48(block.number - 1),
            endsAt: uint64(block.timestamp + _t(uint256(h) * 1 hours)), buyDelayHours: cancel ? 0 : buyDelayHours, epoch: priceEpoch, deadlock: dl,
            executed: false, yes: 0, no: 0
        }));
        _openIds[msg.sender].push(id);
        emit Proposed(id, msg.sender, cancel, price.mode, price.value, _proposals[id].endsAt, dl);
        _vote(id, msg.sender, true);
    }

    function vote(uint256 id, bool support) external {
        _vote(id, msg.sender, support);
    }

    function _vote(uint256 id, address voter, bool support) internal {
        Proposal storage p = _proposals[id];
        if (block.timestamp >= p.endsAt) revert Bad("closed");
        uint128 w = weightOf[id][voter];
        if (w == 0) {
            w = uint128(cards.heldAt(address(this), voter, p.snapshot));
            if (w == 0) revert Bad("no weight at snapshot");
            weightOf[id][voter] = w;
        }
        uint8 prev = voteOf[id][voter];
        if (prev == 1) p.yes -= w; else if (prev == 2) p.no -= w;
        if (support) p.yes += w; else p.no += w;
        voteOf[id][voter] = support ? 1 : 2;
        emit Voted(id, voter, support, w);
    }

    /// @notice YES needed for proposal `id`, given a floor reading for below-floor checks.
    function needFor(uint256 id, uint256 price, uint256 floorWei) public view returns (uint256) {
        Proposal storage p = _proposals[id];
        uint256 need = (!p.cancel && price < floorWei) ? PASS_BELOW_FLOOR : PASS;
        if (p.deadlock && need < PASS_DEADLOCK) need = PASS_DEADLOCK;
        return need;
    }

    function execute(uint256 id, Floor calldata floor) external nonReentrant {
        Proposal storage p = _proposals[id];
        Status s = status();
        if (p.executed) revert Bad("executed");
        if (block.timestamp < p.endsAt) revert Bad("voting open");
        if (block.timestamp > uint256(p.endsAt) + _t(EXECUTE_WINDOW)) revert Bad("lapsed");
        if (p.epoch != priceEpoch) revert Bad("superseded");
        if (cards.heldNow(address(this), msg.sender) == 0) revert Bad("card holders only");
        if (p.cancel ? s != Status.ASSEMBLED : (s != Status.FULL && s != Status.ASSEMBLED)) revert Bad("status");

        uint256 price;
        uint256 floorWei;
        if (!p.cancel) {
            if (p.price.mode == PriceMode.Fixed && floor.sig.length == 0) {
                // No floor reading: a fixed price can still execute, but is treated as below the floor (60 YES).
                price = uint256(p.price.value);
                floorWei = type(uint256).max;
            } else {
                floorWei = _floor(floor);
                price = p.price.mode == PriceMode.Fixed ? uint256(p.price.value) : _clampMin(_resolveWith(p.price, floorWei));
            }
        }
        uint256 need = needFor(id, price, floorWei);
        if (p.yes < need || (p.no > 0 && !p.deadlock)) revert Bad("did not pass");

        p.executed = true;
        ++priceEpoch;
        lastPriceExecutedAt = uint64(block.timestamp);
        blockedPriceProposals = 0; // deadlock mode ends once any price decision executes
        if (p.cancel) {
            ask = 0;
            askLiveAt = 0;
        } else if (s == Status.FULL) {
            pendingPrice = p.price;
            _pendingBuyDelay = p.buyDelayHours;
            hasPendingPrice = true;
            emit PendingPriceSet(id, p.price.mode, p.price.value);
        } else {
            ask = price;
            askSpec = p.price;
            askLiveAt = uint64(block.timestamp);
            buyableAt = uint64(block.timestamp + _t(uint256(p.buyDelayHours) * 1 hours));
            emit AskSet(price, true);
        }
        emit Executed(id, msg.sender);
    }

    /// @notice Records a closed price proposal that was blocked by NO, toward the deadlock rule. Anyone may call.
    function countBlocked(uint256 id) external {
        Proposal storage p = _proposals[id];
        // Counts only a current-epoch price proposal that had enough YES to pass and was stopped by NO alone,
        // so a small holder voting NO on their own proposals cannot push the party into deadlock mode.
        if (blockedCounted[id] || p.cancel || p.executed || block.timestamp < p.endsAt || p.no == 0 || p.deadlock || p.yes < PASS || p.epoch != priceEpoch) revert Bad("not blocked");
        blockedCounted[id] = true;
        ++blockedPriceProposals;
        emit BlockedCounted(id, blockedPriceProposals);
    }

    function _deadlocked() internal view returns (bool) {
        if (blockedPriceProposals >= DEADLOCK_BLOCKS) return true;
        uint256 since = lastPriceExecutedAt != 0 ? lastPriceExecutedAt : (assembledAt != 0 ? assembledAt : (fullAt != 0 ? fullAt : type(uint64).max));
        return since != type(uint64).max && block.timestamp > since + _t(DEADLOCK_TIME);
    }

    function _refreshOpen(address who) internal {
        // drop the proposer's proposals that have closed (the list never exceeds MAX_OPEN_PER_PROPOSER)
        uint256[] storage ids = _openIds[who];
        for (uint256 k = ids.length; k > 0; --k) {
            if (block.timestamp >= _proposals[ids[k - 1]].endsAt) { ids[k - 1] = ids[ids.length - 1]; ids.pop(); }
        }
    }

    function openProposalsOf(address who) external view returns (uint256[] memory) { return _openIds[who]; }

    /// @notice A floor-relative ask may only rise, with a fresh signed floor reading. Anyone may call.
    function raiseAsk(Floor calldata floor) external {
        if (status() != Status.ASSEMBLED || ask == 0 || askSpec.mode == PriceMode.Fixed) revert Bad("fixed");
        uint256 next = _resolve(askSpec, floor);
        if (next <= ask) revert Bad("not higher");
        ask = next;
        emit AskSet(next, false);
    }

    // ------------------------------------------------------------------ sale + claims

    /// @notice Buy the Statement at the current ask. `maxPrice` protects against an ask change in the same block.
    function buy(uint256 maxPrice) external payable nonReentrant {
        if (status() != Status.ASSEMBLED || ask == 0) revert Bad("not for sale");
        if (block.timestamp < buyableAt) revert Bad("not open yet");
        uint256 price = ask;
        if (price > maxPrice || msg.value < price) revert Bad("price");

        (address royaltyTo, uint256 royalty) = _royalty(price);
        uint256 fee = price * factory.FEE_BPS() / 10_000;
        uint256 pot = price - royalty - fee;
        uint256 share = pot / SLOTS;
        uint256 dust = pot - share * SLOTS;

        sold = true;
        perCard = share;
        ask = 0;
        if (royalty > 0) owed[royaltyTo] += royalty;
        owed[factory.feeRecipient()] += fee + dust;

        factory.statement().transferFrom(address(this), msg.sender, statementId);
        if (msg.value > price) {
            (bool ok,) = msg.sender.call{value: msg.value - price}("");
            if (!ok) revert Bad("refund");
        }
        emit Sold(msg.sender, price, royalty, fee, share);
    }

    /// @notice The holder of each card claims 1/80 of the net sale; the card is burned.
    function claim(uint256[] calldata cardIds) external nonReentrant {
        if (!sold) revert Bad("not sold");
        uint256 total;
        for (uint256 i; i < cardIds.length; ++i) {
            uint256 c = cardIds[i];
            if (cards.partyOf(c) != address(this) || cards.ownerOf(c) != msg.sender) revert Bad("not holder");
            delete creditOfCard[c];
            --cardsOutstanding;
            cards.burn(c);
            total += perCard;
            emit Claimed(msg.sender, c, perCard);
        }
        (bool ok,) = msg.sender.call{value: total}("");
        if (!ok) revert Bad("send");
    }

    /// @notice Anyone may push the shares of `cardIds` to their current holders (e.g. for holders who never return).
    ///         A holder that cannot receive ETH is credited in `owed` instead.
    function claimFor(uint256[] calldata cardIds) external nonReentrant {
        if (!sold) revert Bad("not sold");
        for (uint256 i; i < cardIds.length; ++i) {
            uint256 c = cardIds[i];
            if (cards.partyOf(c) != address(this)) revert Bad("not this party");
            address holder = cards.ownerOf(c);
            delete creditOfCard[c];
            --cardsOutstanding;
            cards.burn(c);
            emit Claimed(holder, c, perCard);
            (bool ok,) = holder.call{value: perCard, gas: 50_000}("");
            if (!ok) owed[holder] += perCard;
        }
    }

    /// @notice Pull payment for the fee recipient, royalty receiver, rounding dust, and holders that could not receive ETH.
    function withdraw() external nonReentrant {
        uint256 amt = owed[msg.sender];
        if (amt == 0) revert Bad("nothing");
        owed[msg.sender] = 0;
        (bool ok,) = msg.sender.call{value: amt}("");
        if (!ok) revert Bad("send");
        emit Withdrawn(msg.sender, amt);
    }

    function transferHost(address to) external {
        if (msg.sender != host || to == address(0)) revert Bad("host");
        emit HostTransferred(host, to);
        host = to;
    }

    // ------------------------------------------------------------------ prices and floor

    function _checkPrice(PriceSpec memory p) internal pure {
        if (p.mode == PriceMode.Fixed && (p.value <= 0 || p.value > 1e24)) revert Bad("price");
        if (p.mode == PriceMode.FloorPct && (p.value <= -10_000 || p.value > 1_000_000)) revert Bad("price");
        if (p.mode == PriceMode.FloorDelta && (p.value < -1e24 || p.value > 1e24)) revert Bad("price");
    }

    function _floor(Floor calldata f) internal returns (uint256) {
        if (f.issuedAt > block.timestamp || block.timestamp - f.issuedAt > FLOOR_MAX_AGE) revert Bad("stale floor");
        if (f.issuedAt < lastFloorAt) revert Bad("older floor");
        lastFloorAt = f.issuedAt;
        if (!factory.isValidFloor(f.floorWei, uint8(_params.floorMode), f.issuedAt, f.sig)) revert Bad("floor sig");
        if (f.floorWei == 0) revert Bad("floor");
        return f.floorWei;
    }

    function _resolve(PriceSpec memory p, Floor calldata f) internal returns (uint256) {
        if (p.mode == PriceMode.Fixed) return uint256(p.value);
        return _clampMin(_resolveWith(p, _floor(f)));
    }

    function _resolveWith(PriceSpec memory p, uint256 floorWei) internal pure returns (uint256 v) {
        if (p.mode == PriceMode.Fixed) return uint256(p.value);
        int256 f = int256(floorWei);
        int256 r = p.mode == PriceMode.FloorPct ? f * (10_000 + p.value) / 10_000 : f + p.value;
        if (r <= 0) revert Bad("price <= 0");
        return uint256(r);
    }

    /// @dev Floor-relative prices never resolve below the host's minimum ask (limits a bad or compromised floor reading).
    function _clampMin(uint256 v) internal view returns (uint256) {
        return v < _params.minAskWei ? _params.minAskWei : v;
    }

    /// @dev Scales a rule duration expressed in real seconds by the factory's time unit (identity when timeUnit = 1 hour).
    function _t(uint256 secs) internal view returns (uint256) {
        return secs * timeUnit / 1 hours;
    }

    function _windowOk(uint16 h) internal pure returns (bool) {
        return h == 24 || h == 48 || h == 72 || h == 168;
    }

    /// @dev Raw staticcall: a reverting, gas-hungry or malformed royaltyInfo never blocks a sale.
    function _royalty(uint256 price) internal view returns (address to, uint256 amt) {
        (bool ok, bytes memory r) = address(factory.statement()).staticcall{gas: 50_000}(abi.encodeWithSignature("royaltyInfo(uint256,uint256)", statementId, price));
        if (!ok || r.length < 64) return (address(0), 0);
        (uint256 a, uint256 v) = abi.decode(r, (uint256, uint256));
        if (a == 0 || a >> 160 != 0) return (address(0), 0);
        uint256 cap = price * ROYALTY_CAP_BPS / 10_000;
        return (address(uint160(a)), v > cap ? cap : v);
    }

    receive() external payable {
        revert Bad("no direct ETH");
    }
}' ==> 'contract Party is Initializable, ReentrancyGuardTransient {
    using CreditKeys for CreditKeys.Preset;

    uint256 public constant SLOTS = 80;
    uint256 public constant PASS = 41;
    uint256 public constant PASS_BELOW_FLOOR = 60;
    uint256 public constant PASS_DEADLOCK = 54;
    uint256 public constant DEADLOCK_BLOCKS = 3;
    uint256 public constant DEADLOCK_TIME = 30 days;
    uint256 public constant EXECUTE_WINDOW = 7 days;
    uint256 public constant MAX_BUY_DELAY_HOURS = 72; // a price's wait before buying opens is voted with the price (host default at creation)
    uint256 public constant FILL_GRACE = 2 days; // filling always leaves at least this long to burn
    uint256 public constant FLOOR_MAX_AGE = 1 hours;
    uint256 public constant ROYALTY_CAP_BPS = 1000;
    uint256 public constant MAX_OPEN_PER_PROPOSER = 3;

    enum Status { OPEN, FULL, ASSEMBLED, SOLD, EXPIRED }
    enum PriceMode { Fixed, FloorPct, FloorDelta } // FloorPct value in basis points; FloorDelta in wei
    enum FloorMode { Avg24h, Latest }

    struct PriceSpec { PriceMode mode; int256 value; }
    struct Floor { uint256 floorWei; uint64 issuedAt; bytes sig; }

    struct Params {
        string name;
        string description;
        string filters; // human-readable eligibility rules; the Merkle root below is what is enforced
        bytes32 eligibleRoot; // leaf = keccak256(bytes.concat(keccak256(abi.encode(creditId)))); 0 = any Credit
        uint8 minDeposit; // 1..80
        uint32 durationDays; // 1..60, from creation to the burn deadline
        uint16 voteHours; // default window: 24, 48, 72 or 168
        CreditKeys.Preset arrangement;
        uint256 seed; // for Random
        PriceSpec defaultPrice;
        FloorMode floorMode;
        uint256 minAskWei; // lowest ask any floor-relative price can resolve to (required > 0 if the default is floor-relative)
        uint16 buyDelayHours; // default wait between a price going live and buying opening, 0..72 (the site defaults to 1)
    }

    struct Proposal {
        PriceSpec price; // LIST price, or ignored for CANCEL
        bool cancel; // CANCEL_LISTING
        address proposer;
        uint48 snapshot; // block whose balances are the vote weights
        uint64 endsAt;
        uint16 buyDelayHours; // wait before buying opens once this price goes live (voted with the price)
        uint64 epoch; // price epoch at creation; executing any price decision bumps it
        bool deadlock; // created under the deadlock rule
        bool executed;
        uint128 yes;
        uint128 no;
    }

    IFactory public factory;
    ICredits public credits;
    CreditCards public cards;
    address public host;
    Params internal _params;
    uint64 public createdAt;
    uint64 public deadline;
    uint64 public fullAt;
    uint64 public assembledAt;
    uint64 public lastFloorAt; // floor readings may never go back in time
    bool internal _opened; // the host's opening deposit has been made
    /// @notice Seconds per "hour" for every rule window (buy delay, votes, lapse, deadlock, deadline). 3600 on mainnet;
    ///         a testnet factory may set it lower so a full party can be rehearsed in minutes. Floor-signature age is
    ///         always real time.
    uint256 public timeUnit;

    // deposits
    uint256[] internal _order; // credit ids in deposit order (compacted on redeem)
    mapping(uint256 creditId => uint256) public cardOfCredit; // 0 = not in this party
    mapping(uint256 cardId => uint256) public creditOfCard;

    // assembly and sale
    bool public assembled;
    uint256 public statementId;
    uint256[] internal _burnOrder;
    bool internal _assembling;
    uint256 public ask; // wei; 0 = not listed
    PriceSpec public askSpec;
    uint64 public askLiveAt;
    uint64 public buyableAt; // buying opens at this time
    uint16 internal _pendingBuyDelay;
    PriceSpec public pendingPrice; // price voted while FULL, applied at assembly
    bool public hasPendingPrice;
    bool public sold;
    uint256 public perCard;
    uint256 public cardsOutstanding; // cards not yet redeemed or claimed
    mapping(address => uint256) public owed; // pull payments: fee, royalty, dust

    // governance
    Proposal[] internal _proposals;
    mapping(uint256 id => mapping(address => uint8)) public voteOf; // 0 none, 1 yes, 2 no
    mapping(uint256 id => mapping(address => uint128)) public weightOf;
    uint64 public priceEpoch;
    uint64 public lastPriceExecutedAt;
    uint256 public blockedPriceProposals;
    mapping(uint256 id => bool) public blockedCounted;
    mapping(address => uint256[]) internal _openIds; // each proposer's open proposals (at most MAX_OPEN_PER_PROPOSER)

    event Deposited(address indexed by, uint256 indexed creditId, uint256 indexed cardId);
    event Redeemed(address indexed to, uint256 indexed creditId, uint256 indexed cardId);
    event Assembled(address indexed by, uint256 indexed statementId, uint256[] order);
    event AskSet(uint256 ask, bool fromVote);
    event Proposed(uint256 indexed id, address indexed by, bool cancel, PriceMode mode, int256 value, uint64 endsAt, bool deadlock);
    event Voted(uint256 indexed id, address indexed voter, bool support, uint256 weight);
    event Executed(uint256 indexed id, address indexed by);
    event Sold(address indexed buyer, uint256 price, uint256 royalty, uint256 fee, uint256 perCard);
    event Claimed(address indexed to, uint256 indexed cardId, uint256 amount);
    event HostTransferred(address indexed from, address indexed to);
    event BlockedCounted(uint256 indexed id, uint256 total);
    event PendingPriceSet(uint256 indexed id, PriceMode mode, int256 value);
    event Withdrawn(address indexed to, uint256 amount);

    error Bad(string why);

    constructor() {
        _disableInitializers();
    }

    function initialize(address host_, Params calldata p) external initializer {
        factory = IFactory(msg.sender);
        credits = factory.credits();
        cards = factory.cards();
        timeUnit = factory.timeUnit();
        if (timeUnit == 0 || timeUnit > 1 hours) revert Bad("timeUnit");
        if (host_ == address(0)) revert Bad("host");
        if (p.minDeposit == 0 || p.minDeposit > SLOTS) revert Bad("minDeposit");
        if (p.durationDays == 0 || p.durationDays > 60) revert Bad("duration");
        if (!_windowOk(p.voteHours)) revert Bad("voteHours");
        _checkPrice(p.defaultPrice);
        if (p.defaultPrice.mode != PriceMode.Fixed && p.minAskWei == 0) revert Bad("minAsk");
        if (p.buyDelayHours > MAX_BUY_DELAY_HOURS) revert Bad("buyDelay");
        if (bytes(p.name).length == 0 || bytes(p.name).length > 60) revert Bad("name");
        if (bytes(p.description).length > 1000) revert Bad("description");
        host = host_;
        _params = p;
        createdAt = uint64(block.timestamp);
        deadline = uint64(block.timestamp + _t(uint256(p.durationDays) * 1 days));
    }

    // ------------------------------------------------------------------ views

    function params() external view returns (Params memory) { return _params; }
    function depositOrder() external view returns (uint256[] memory) { return _order; }
    function burnOrder() external view returns (uint256[] memory) { return _burnOrder; }
    function count() public view returns (uint256) { return _order.length; }
    function proposalCount() external view returns (uint256) { return _proposals.length; }
    function proposal(uint256 id) external view returns (Proposal memory) { return _proposals[id]; }

    function status() public view returns (Status) {
        if (sold) return Status.SOLD;
        if (assembled) return Status.ASSEMBLED;
        if (block.timestamp > deadline) return Status.EXPIRED;
        return _order.length == SLOTS ? Status.FULL : Status.OPEN;
    }

    function cardView(uint256 cardId) external view returns (string memory name, uint256 creditId, string memory st) {
        Status s = status();
        st = s == Status.OPEN ? "FILLING" : s == Status.FULL ? "FULL" : s == Status.ASSEMBLED ? "STATEMENT MADE" : s == Status.SOLD ? "SOLD / CLAIMABLE" : "EXPIRED / REDEEMABLE";
        return (_params.name, creditOfCard[cardId], st);
    }

    // ------------------------------------------------------------------ deposits

    /// @notice The host's opening deposit, made by the factory in the same transaction that creates the party.
    ///         The host must have approved this (predicted) party address on Credits beforehand.
    function openDeposit(address from, uint256[] calldata ids, bytes32[][] calldata proofs) external nonReentrant {
        if (msg.sender != address(factory) || _opened || from != host) revert Bad("opening");
        _opened = true;
        _deposit(from, ids, proofs);
    }

    /// @notice Pull `ids` from the caller (needs setApprovalForAll on Credits for this party) and mint one card each.
    function deposit(uint256[] calldata ids, bytes32[][] calldata proofs) external nonReentrant {
        if (!_opened) revert Bad("not opened");
        _deposit(msg.sender, ids, proofs);
    }

    function _deposit(address from, uint256[] calldata ids, bytes32[][] calldata proofs) internal {
        if (status() != Status.OPEN) revert Bad("not open");
        uint256 remaining = SLOTS - _order.length;
        uint256 min = _params.minDeposit < remaining ? _params.minDeposit : remaining;
        if (ids.length < min || ids.length > remaining || ids.length == 0) revert Bad("count");
        if (_params.eligibleRoot != bytes32(0) && proofs.length != ids.length) revert Bad("proofs");
        for (uint256 i; i < ids.length; ++i) {
            uint256 id = ids[i];
            if (cardOfCredit[id] != 0) revert Bad("duplicate");
            if (_params.eligibleRoot != bytes32(0)) {
                bytes32 leaf = keccak256(bytes.concat(keccak256(abi.encode(id))));
                if (!MerkleProof.verifyCalldata(proofs[i], _params.eligibleRoot, leaf)) revert Bad("not eligible");
            }
            credits.transferFrom(from, address(this), id); // reverts unless `from` owns it and approved us
            if (credits.ownerOf(id) != address(this)) revert Bad("not received");
            uint256 card = cards.mint(from);
            cardOfCredit[id] = card;
            creditOfCard[card] = id;
            _order.push(id);
            ++cardsOutstanding;
            emit Deposited(from, id, card);
        }
        if (_order.length == SLOTS) {
            fullAt = uint64(block.timestamp);
            uint256 grace = block.timestamp + _t(FILL_GRACE);
            if (deadline < grace) deadline = uint64(grace);
        }
    }

    /// @notice The card's holder takes its Credit back (card burned). Allowed while OPEN, and after EXPIRED.
    function redeem(uint256[] calldata cardIds) external nonReentrant {
        for (uint256 i; i < cardIds.length; ++i) _redeem(cardIds[i], msg.sender);
    }

    /// @notice After expiry anyone may push a card's Credit to the card's current holder.
    function redeemFor(uint256[] calldata cardIds) external nonReentrant {
        if (status() != Status.EXPIRED) revert Bad("not expired");
        for (uint256 i; i < cardIds.length; ++i) _redeem(cardIds[i], cards.ownerOf(cardIds[i]));
    }

    function _redeem(uint256 cardId, address holder) internal {
        Status s = status();
        if (s != Status.OPEN && s != Status.EXPIRED) revert Bad("locked");
        if (cards.partyOf(cardId) != address(this) || cards.ownerOf(cardId) != holder) revert Bad("not holder");
        uint256 id = creditOfCard[cardId];
        delete creditOfCard[cardId];
        delete cardOfCredit[id];
        _removeFromOrder(id);
        --cardsOutstanding;
        cards.burn(cardId);
        credits.transferFrom(address(this), holder, id); // plain transfer: no receiver callback
        emit Redeemed(holder, id, cardId);
    }

    function _removeFromOrder(uint256 id) internal {
        uint256 n = _order.length;
        for (uint256 i; i < n; ++i) {
            if (_order[i] == id) {
                for (uint256 j = i; j + 1 < n; ++j) _order[j] = _order[j + 1];
                _order.pop();
                return;
            }
        }
        revert Bad("missing");
    }

    // ------------------------------------------------------------------ arrange + burn (one step)

    /// @notice Burn the 80 into one Statement with `order`. Manual: host only, any order of exactly the 80.
    ///         Auto presets: any card holder; `order` must be exactly what the preset produces.
    function assemble(uint256[] calldata order, Floor calldata floor) external nonReentrant {
        if (status() != Status.FULL) revert Bad("not full");
        CreditKeys.Preset p = _params.arrangement;
        if (p == CreditKeys.Preset.Manual) {
            if (msg.sender != host) revert Bad("host only");
        } else if (cards.heldNow(address(this), msg.sender) == 0) {
            revert Bad("card holders only");
        }
        CreditKeys.verifyOrder(p, credits, _order, order, _params.seed);

        // Price that goes live: the one voted while FULL, else the host default. Resolve before external calls.
        PriceSpec memory spec = hasPendingPrice ? pendingPrice : _params.defaultPrice;
        uint256 price = _resolve(spec, floor);

        // Effects
        assembled = true;
        assembledAt = uint64(block.timestamp);
        _burnOrder = order;
        ask = price;
        askSpec = spec;
        askLiveAt = uint64(block.timestamp);
        buyableAt = uint64(block.timestamp + _t(uint256(hasPendingPrice ? _pendingBuyDelay : _params.buyDelayHours) * 1 hours));
        ++priceEpoch; // proposals made before the burn are superseded

        // Interactions: approve the Statement contract for this call only, then verify the outcome.
        IStatement st = factory.statement();
        credits.setApprovalForAll(address(st), true);
        _assembling = true;
        uint256 sid = st.make(order);
        _assembling = false;
        credits.setApprovalForAll(address(st), false);
        if (st.ownerOf(sid) != address(this)) revert Bad("statement not received");
        for (uint256 i; i < SLOTS; ++i) {
            // every Credit must be gone from this contract (burned by the Statement contract)
            try credits.ownerOf(order[i]) returns (address o) { if (o == address(this)) revert Bad("not burned"); } catch {}
        }
        statementId = sid;
        emit Assembled(msg.sender, sid, order);
        emit AskSet(price, hasPendingPrice);
    }

    /// @notice The Statement contract may mint with a safe-transfer callback, but only during assemble().
    function onERC721Received(address, address, uint256, bytes calldata) external view returns (bytes4) {
        if (!_assembling || msg.sender != address(factory.statement())) revert Bad("unexpected token");
        return this.onERC721Received.selector;
    }

    // ------------------------------------------------------------------ price governance

    /// @param buyDelayHours for a price: the wait (0..72 hours) before buying opens once it goes live; ignored for cancels.
    function propose(PriceSpec calldata price, bool cancel, uint16 hours_, uint16 buyDelayHours) external returns (uint256 id) {
        Status s = status();
        if (cancel ? s != Status.ASSEMBLED : (s != Status.FULL && s != Status.ASSEMBLED)) revert Bad("status");
        if (cancel && ask == 0) revert Bad("not listed");
        if (cards.heldNow(address(this), msg.sender) == 0) revert Bad("card holders only");
        _refreshOpen(msg.sender);
        if (_openIds[msg.sender].length >= MAX_OPEN_PER_PROPOSER) revert Bad("open limit");
        if (!cancel) _checkPrice(price);
        if (!cancel && buyDelayHours > MAX_BUY_DELAY_HOURS) revert Bad("buyDelay");
        uint16 h = cancel ? 24 : (hours_ == 0 ? _params.voteHours : hours_); // cancels always run 24h
        if (!_windowOk(h)) revert Bad("window");
        id = _proposals.length;
        bool dl = _deadlocked();
        _proposals.push(Proposal({
            price: price, cancel: cancel, proposer: msg.sender, snapshot: uint48(block.number - 1),
            endsAt: uint64(block.timestamp + _t(uint256(h) * 1 hours)), buyDelayHours: cancel ? 0 : buyDelayHours, epoch: priceEpoch, deadlock: dl,
            executed: false, yes: 0, no: 0
        }));
        _openIds[msg.sender].push(id);
        emit Proposed(id, msg.sender, cancel, price.mode, price.value, _proposals[id].endsAt, dl);
        _vote(id, msg.sender, true);
    }

    function vote(uint256 id, bool support) external {
        _vote(id, msg.sender, support);
    }

    function _vote(uint256 id, address voter, bool support) internal {
        Proposal storage p = _proposals[id];
        if (block.timestamp >= p.endsAt) revert Bad("closed");
        uint128 w = weightOf[id][voter];
        if (w == 0) {
            w = uint128(cards.heldAt(address(this), voter, p.snapshot));
            if (w == 0) revert Bad("no weight at snapshot");
            weightOf[id][voter] = w;
        }
        uint8 prev = voteOf[id][voter];
        if (prev == 1) p.yes -= w; else if (prev == 2) p.no -= w;
        if (support) p.yes += w; else p.no += w;
        voteOf[id][voter] = support ? 1 : 2;
        emit Voted(id, voter, support, w);
    }

    /// @notice YES needed for proposal `id`, given a floor reading for below-floor checks.
    function needFor(uint256 id, uint256 price, uint256 floorWei) public view returns (uint256) {
        Proposal storage p = _proposals[id];
        uint256 need = (!p.cancel && price < floorWei) ? PASS_BELOW_FLOOR : PASS;
        if (p.deadlock && need < PASS_DEADLOCK) need = PASS_DEADLOCK;
        return need;
    }

    function execute(uint256 id, Floor calldata floor) external nonReentrant {
        Proposal storage p = _proposals[id];
        Status s = status();
        if (p.executed) revert Bad("executed");
        if (block.timestamp < p.endsAt) revert Bad("voting open");
        if (block.timestamp > uint256(p.endsAt) + _t(EXECUTE_WINDOW)) revert Bad("lapsed");
        if (p.epoch != priceEpoch) revert Bad("superseded");
        if (cards.heldNow(address(this), msg.sender) == 0) revert Bad("card holders only");
        if (p.cancel ? s != Status.ASSEMBLED : (s != Status.FULL && s != Status.ASSEMBLED)) revert Bad("status");

        uint256 price;
        uint256 floorWei;
        if (!p.cancel) {
            if (p.price.mode == PriceMode.Fixed && floor.sig.length == 0) {
                // No floor reading: a fixed price can still execute, but is treated as below the floor (60 YES).
                price = uint256(p.price.value);
                floorWei = type(uint256).max;
            } else {
                floorWei = _floor(floor);
                price = p.price.mode == PriceMode.Fixed ? uint256(p.price.value) : _clampMin(_resolveWith(p.price, floorWei));
            }
        }
        uint256 need = needFor(id, price, floorWei);
        if (p.yes < need || (p.no > 0 && !p.deadlock)) revert Bad("did not pass");

        p.executed = true;
        ++priceEpoch;
        lastPriceExecutedAt = uint64(block.timestamp);
        blockedPriceProposals = 0; // deadlock mode ends once any price decision executes
        if (p.cancel) {
            ask = 0;
            askLiveAt = 0;
        } else if (s == Status.FULL) {
            pendingPrice = p.price;
            _pendingBuyDelay = p.buyDelayHours;
            hasPendingPrice = true;
            emit PendingPriceSet(id, p.price.mode, p.price.value);
        } else {
            ask = price;
            askSpec = p.price;
            askLiveAt = uint64(block.timestamp);
            buyableAt = uint64(block.timestamp + _t(uint256(p.buyDelayHours) * 1 hours));
            emit AskSet(price, true);
        }
        emit Executed(id, msg.sender);
    }

    /// @notice Records a closed price proposal that was blocked by NO, toward the deadlock rule. Anyone may call.
    function countBlocked(uint256 id) external {
        Proposal storage p = _proposals[id];
        // Counts only a current-epoch price proposal that had enough YES to pass and was stopped by NO alone,
        // so a small holder voting NO on their own proposals cannot push the party into deadlock mode.
        if (blockedCounted[id] || p.cancel || p.executed || block.timestamp < p.endsAt || p.no == 0 || p.deadlock || p.yes < PASS || p.epoch != priceEpoch) revert Bad("not blocked");
        blockedCounted[id] = true;
        ++blockedPriceProposals;
        emit BlockedCounted(id, blockedPriceProposals);
    }

    function _deadlocked() internal view returns (bool) {
        if (blockedPriceProposals >= DEADLOCK_BLOCKS) return true;
        uint256 since = lastPriceExecutedAt != 0 ? lastPriceExecutedAt : (assembledAt != 0 ? assembledAt : (fullAt != 0 ? fullAt : type(uint64).max));
        return since != type(uint64).max && block.timestamp > since + _t(DEADLOCK_TIME);
    }

    function _refreshOpen(address who) internal {
        // drop the proposer's proposals that have closed (the list never exceeds MAX_OPEN_PER_PROPOSER)
        uint256[] storage ids = _openIds[who];
        for (uint256 k = ids.length; k > 0; --k) {
            if (block.timestamp >= _proposals[ids[k - 1]].endsAt) { ids[k - 1] = ids[ids.length - 1]; ids.pop(); }
        }
    }

    function openProposalsOf(address who) external view returns (uint256[] memory) { return _openIds[who]; }

    /// @notice A floor-relative ask may only rise, with a fresh signed floor reading. Anyone may call.
    function raiseAsk(Floor calldata floor) external {
        if (status() != Status.ASSEMBLED || ask == 0 || askSpec.mode == PriceMode.Fixed) revert Bad("fixed");
        uint256 next = _resolve(askSpec, floor);
        if (next <= ask) revert Bad("not higher");
        ask = next;
        emit AskSet(next, false);
    }

    // ------------------------------------------------------------------ sale + claims

    /// @notice Buy the Statement at the current ask. `maxPrice` protects against an ask change in the same block.
    function buy(uint256 maxPrice) external payable nonReentrant {
        if (status() != Status.ASSEMBLED || ask == 0) revert Bad("not for sale");
        if (block.timestamp < buyableAt) revert Bad("not open yet");
        uint256 price = ask;
        if (price > maxPrice || msg.value < price) revert Bad("price");

        (address royaltyTo, uint256 royalty) = _royalty(price);
        uint256 fee = price * factory.FEE_BPS() / 10_000;
        uint256 pot = price - royalty - fee;
        uint256 share = pot / SLOTS;
        uint256 dust = pot - share * SLOTS;

        sold = true;
        perCard = share;
        ask = 0;
        if (royalty > 0) owed[royaltyTo] += royalty;
        owed[factory.feeRecipient()] += fee + dust;

        factory.statement().transferFrom(address(this), msg.sender, statementId);
        if (msg.value > price) {
            (bool ok,) = msg.sender.call{value: msg.value - price}("");
            if (!ok) revert Bad("refund");
        }
        emit Sold(msg.sender, price, royalty, fee, share);
    }

    /// @notice The holder of each card claims 1/80 of the net sale; the card is burned.
    function claim(uint256[] calldata cardIds) external nonReentrant {
        if (!sold) revert Bad("not sold");
        uint256 total;
        for (uint256 i; i < cardIds.length; ++i) {
            uint256 c = cardIds[i];
            if (cards.partyOf(c) != address(this) || cards.ownerOf(c) != msg.sender) revert Bad("not holder");
            delete creditOfCard[c];
            --cardsOutstanding;
            cards.burn(c);
            total += perCard;
            emit Claimed(msg.sender, c, perCard);
        }
        (bool ok,) = msg.sender.call{value: total}("");
        if (!ok) revert Bad("send");
    }

    /// @notice Anyone may push the shares of `cardIds` to their current holders (e.g. for holders who never return).
    ///         A holder that cannot receive ETH is credited in `owed` instead.
    function claimFor(uint256[] calldata cardIds) external nonReentrant {
        if (!sold) revert Bad("not sold");
        for (uint256 i; i < cardIds.length; ++i) {
            uint256 c = cardIds[i];
            if (cards.partyOf(c) != address(this)) revert Bad("not this party");
            address holder = cards.ownerOf(c);
            delete creditOfCard[c];
            --cardsOutstanding;
            cards.burn(c);
            emit Claimed(holder, c, perCard);
            (bool ok,) = holder.call{value: perCard, gas: 50_000}("");
            if (!ok) owed[holder] += perCard;
        }
    }

    /// @notice Pull payment for the fee recipient, royalty receiver, rounding dust, and holders that could not receive ETH.
    function withdraw() external nonReentrant {
        uint256 amt = owed[msg.sender];
        if (amt == 0) revert Bad("nothing");
        owed[msg.sender] = 0;
        (bool ok,) = msg.sender.call{value: amt}("");
        if (!ok) revert Bad("send");
        emit Withdrawn(msg.sender, amt);
    }

    function transferHost(address to) external {
        if (msg.sender != host || to == address(0)) revert Bad("host");
        emit HostTransferred(host, to);
        host = to;
    }

    // ------------------------------------------------------------------ prices and floor

    function _checkPrice(PriceSpec memory p) internal view {
        if (p.mode == PriceMode.Fixed && (p.value <= 0 || p.value > 1e24)) revert Bad("price");
        if (p.mode == PriceMode.FloorPct && (p.value <= -10_000 || p.value > 1_000_000)) revert Bad("price");
        if (p.mode == PriceMode.FloorDelta && (p.value < -1e24 || p.value > 1e24)) revert Bad("price");
    }

    function _floor(Floor calldata f) internal returns (uint256) {
        if (f.issuedAt > block.timestamp || block.timestamp - f.issuedAt > FLOOR_MAX_AGE) revert Bad("stale floor");
        if (f.issuedAt < lastFloorAt) revert Bad("older floor");
        lastFloorAt = f.issuedAt;
        if (!factory.isValidFloor(f.floorWei, uint8(_params.floorMode), f.issuedAt, f.sig)) revert Bad("floor sig");
        if (f.floorWei == 0) revert Bad("floor");
        return f.floorWei;
    }

    function _resolve(PriceSpec memory p, Floor calldata f) internal returns (uint256) {
        if (p.mode == PriceMode.Fixed) return uint256(p.value);
        return _clampMin(_resolveWith(p, _floor(f)));
    }

    function _resolveWith(PriceSpec memory p, uint256 floorWei) internal view returns (uint256 v) {
        if (p.mode == PriceMode.Fixed) return uint256(p.value);
        int256 f = int256(floorWei);
        int256 r = p.mode == PriceMode.FloorPct ? f * (10_000 + p.value) / 10_000 : f + p.value;
        if (r <= 0) revert Bad("price <= 0");
        return uint256(r);
    }

    /// @dev Floor-relative prices never resolve below the host's minimum ask (limits a bad or compromised floor reading).
    function _clampMin(uint256 v) internal view returns (uint256) {
        return v < _params.minAskWei ? _params.minAskWei : v;
    }

    /// @dev Scales a rule duration expressed in real seconds by the factory's time unit (identity when timeUnit = 1 hour).
    function _t(uint256 secs) internal view returns (uint256) {
        return secs * timeUnit / 1 hours;
    }

    function _windowOk(uint16 h) internal view returns (bool) {
        return h == 24 || h == 48 || h == 72 || h == 168;
    }

    /// @dev Raw staticcall: a reverting, gas-hungry or malformed royaltyInfo never blocks a sale.
    function _royalty(uint256 price) internal view returns (address to, uint256 amt) {
        (bool ok, bytes memory r) = address(factory.statement()).staticcall{gas: 50_000}(abi.encodeWithSignature("royaltyInfo(uint256,uint256)", statementId, price));
        if (!ok || r.length < 64) return (address(0), 0);
        (uint256 a, uint256 v) = abi.decode(r, (uint256, uint256));
        if (a == 0 || a >> 160 != 0) return (address(0), 0);
        uint256 cap = price * ROYALTY_CAP_BPS / 10_000;
        return (address(uint160(a)), v > cap ? cap : v);
    }

    receive() external payable {
        revert Bad("no direct ETH");
    }
}' --> COMPILATION FAILURE
WARNING:CryticCompile:Multiple frameworks detected: solc, Solc-json. Using solc (highest priority). Use --compile-force-framework to override.
INFO:Slither-Mutate:[FHR] Line 40: 'contract Party is Initializable, ReentrancyGuardTransient {
    using CreditKeys for CreditKeys.Preset;

    uint256 public constant SLOTS = 80;
    uint256 public constant PASS = 41;
    uint256 public constant PASS_BELOW_FLOOR = 60;
    uint256 public constant PASS_DEADLOCK = 54;
    uint256 public constant DEADLOCK_BLOCKS = 3;
    uint256 public constant DEADLOCK_TIME = 30 days;
    uint256 public constant EXECUTE_WINDOW = 7 days;
    uint256 public constant MAX_BUY_DELAY_HOURS = 72; // a price's wait before buying opens is voted with the price (host default at creation)
    uint256 public constant FILL_GRACE = 2 days; // filling always leaves at least this long to burn
    uint256 public constant FLOOR_MAX_AGE = 1 hours;
    uint256 public constant ROYALTY_CAP_BPS = 1000;
    uint256 public constant MAX_OPEN_PER_PROPOSER = 3;

    enum Status { OPEN, FULL, ASSEMBLED, SOLD, EXPIRED }
    enum PriceMode { Fixed, FloorPct, FloorDelta } // FloorPct value in basis points; FloorDelta in wei
    enum FloorMode { Avg24h, Latest }

    struct PriceSpec { PriceMode mode; int256 value; }
    struct Floor { uint256 floorWei; uint64 issuedAt; bytes sig; }

    struct Params {
        string name;
        string description;
        string filters; // human-readable eligibility rules; the Merkle root below is what is enforced
        bytes32 eligibleRoot; // leaf = keccak256(bytes.concat(keccak256(abi.encode(creditId)))); 0 = any Credit
        uint8 minDeposit; // 1..80
        uint32 durationDays; // 1..60, from creation to the burn deadline
        uint16 voteHours; // default window: 24, 48, 72 or 168
        CreditKeys.Preset arrangement;
        uint256 seed; // for Random
        PriceSpec defaultPrice;
        FloorMode floorMode;
        uint256 minAskWei; // lowest ask any floor-relative price can resolve to (required > 0 if the default is floor-relative)
        uint16 buyDelayHours; // default wait between a price going live and buying opening, 0..72 (the site defaults to 1)
    }

    struct Proposal {
        PriceSpec price; // LIST price, or ignored for CANCEL
        bool cancel; // CANCEL_LISTING
        address proposer;
        uint48 snapshot; // block whose balances are the vote weights
        uint64 endsAt;
        uint16 buyDelayHours; // wait before buying opens once this price goes live (voted with the price)
        uint64 epoch; // price epoch at creation; executing any price decision bumps it
        bool deadlock; // created under the deadlock rule
        bool executed;
        uint128 yes;
        uint128 no;
    }

    IFactory public factory;
    ICredits public credits;
    CreditCards public cards;
    address public host;
    Params internal _params;
    uint64 public createdAt;
    uint64 public deadline;
    uint64 public fullAt;
    uint64 public assembledAt;
    uint64 public lastFloorAt; // floor readings may never go back in time
    bool internal _opened; // the host's opening deposit has been made
    /// @notice Seconds per "hour" for every rule window (buy delay, votes, lapse, deadlock, deadline). 3600 on mainnet;
    ///         a testnet factory may set it lower so a full party can be rehearsed in minutes. Floor-signature age is
    ///         always real time.
    uint256 public timeUnit;

    // deposits
    uint256[] internal _order; // credit ids in deposit order (compacted on redeem)
    mapping(uint256 creditId => uint256) public cardOfCredit; // 0 = not in this party
    mapping(uint256 cardId => uint256) public creditOfCard;

    // assembly and sale
    bool public assembled;
    uint256 public statementId;
    uint256[] internal _burnOrder;
    bool internal _assembling;
    uint256 public ask; // wei; 0 = not listed
    PriceSpec public askSpec;
    uint64 public askLiveAt;
    uint64 public buyableAt; // buying opens at this time
    uint16 internal _pendingBuyDelay;
    PriceSpec public pendingPrice; // price voted while FULL, applied at assembly
    bool public hasPendingPrice;
    bool public sold;
    uint256 public perCard;
    uint256 public cardsOutstanding; // cards not yet redeemed or claimed
    mapping(address => uint256) public owed; // pull payments: fee, royalty, dust

    // governance
    Proposal[] internal _proposals;
    mapping(uint256 id => mapping(address => uint8)) public voteOf; // 0 none, 1 yes, 2 no
    mapping(uint256 id => mapping(address => uint128)) public weightOf;
    uint64 public priceEpoch;
    uint64 public lastPriceExecutedAt;
    uint256 public blockedPriceProposals;
    mapping(uint256 id => bool) public blockedCounted;
    mapping(address => uint256[]) internal _openIds; // each proposer's open proposals (at most MAX_OPEN_PER_PROPOSER)

    event Deposited(address indexed by, uint256 indexed creditId, uint256 indexed cardId);
    event Redeemed(address indexed to, uint256 indexed creditId, uint256 indexed cardId);
    event Assembled(address indexed by, uint256 indexed statementId, uint256[] order);
    event AskSet(uint256 ask, bool fromVote);
    event Proposed(uint256 indexed id, address indexed by, bool cancel, PriceMode mode, int256 value, uint64 endsAt, bool deadlock);
    event Voted(uint256 indexed id, address indexed voter, bool support, uint256 weight);
    event Executed(uint256 indexed id, address indexed by);
    event Sold(address indexed buyer, uint256 price, uint256 royalty, uint256 fee, uint256 perCard);
    event Claimed(address indexed to, uint256 indexed cardId, uint256 amount);
    event HostTransferred(address indexed from, address indexed to);
    event BlockedCounted(uint256 indexed id, uint256 total);
    event PendingPriceSet(uint256 indexed id, PriceMode mode, int256 value);
    event Withdrawn(address indexed to, uint256 amount);

    error Bad(string why);

    constructor() {
        _disableInitializers();
    }

    function initialize(address host_, Params calldata p) external initializer {
        factory = IFactory(msg.sender);
        credits = factory.credits();
        cards = factory.cards();
        timeUnit = factory.timeUnit();
        if (timeUnit == 0 || timeUnit > 1 hours) revert Bad("timeUnit");
        if (host_ == address(0)) revert Bad("host");
        if (p.minDeposit == 0 || p.minDeposit > SLOTS) revert Bad("minDeposit");
        if (p.durationDays == 0 || p.durationDays > 60) revert Bad("duration");
        if (!_windowOk(p.voteHours)) revert Bad("voteHours");
        _checkPrice(p.defaultPrice);
        if (p.defaultPrice.mode != PriceMode.Fixed && p.minAskWei == 0) revert Bad("minAsk");
        if (p.buyDelayHours > MAX_BUY_DELAY_HOURS) revert Bad("buyDelay");
        if (bytes(p.name).length == 0 || bytes(p.name).length > 60) revert Bad("name");
        if (bytes(p.description).length > 1000) revert Bad("description");
        host = host_;
        _params = p;
        createdAt = uint64(block.timestamp);
        deadline = uint64(block.timestamp + _t(uint256(p.durationDays) * 1 days));
    }

    // ------------------------------------------------------------------ views

    function params() external view returns (Params memory) { return _params; }
    function depositOrder() external view returns (uint256[] memory) { return _order; }
    function burnOrder() external view returns (uint256[] memory) { return _burnOrder; }
    function count() public view returns (uint256) { return _order.length; }
    function proposalCount() external view returns (uint256) { return _proposals.length; }
    function proposal(uint256 id) external view returns (Proposal memory) { return _proposals[id]; }

    function status() public view returns (Status) {
        if (sold) return Status.SOLD;
        if (assembled) return Status.ASSEMBLED;
        if (block.timestamp > deadline) return Status.EXPIRED;
        return _order.length == SLOTS ? Status.FULL : Status.OPEN;
    }

    function cardView(uint256 cardId) external view returns (string memory name, uint256 creditId, string memory st) {
        Status s = status();
        st = s == Status.OPEN ? "FILLING" : s == Status.FULL ? "FULL" : s == Status.ASSEMBLED ? "STATEMENT MADE" : s == Status.SOLD ? "SOLD / CLAIMABLE" : "EXPIRED / REDEEMABLE";
        return (_params.name, creditOfCard[cardId], st);
    }

    // ------------------------------------------------------------------ deposits

    /// @notice The host's opening deposit, made by the factory in the same transaction that creates the party.
    ///         The host must have approved this (predicted) party address on Credits beforehand.
    function openDeposit(address from, uint256[] calldata ids, bytes32[][] calldata proofs) external nonReentrant {
        if (msg.sender != address(factory) || _opened || from != host) revert Bad("opening");
        _opened = true;
        _deposit(from, ids, proofs);
    }

    /// @notice Pull `ids` from the caller (needs setApprovalForAll on Credits for this party) and mint one card each.
    function deposit(uint256[] calldata ids, bytes32[][] calldata proofs) external nonReentrant {
        if (!_opened) revert Bad("not opened");
        _deposit(msg.sender, ids, proofs);
    }

    function _deposit(address from, uint256[] calldata ids, bytes32[][] calldata proofs) internal {
        if (status() != Status.OPEN) revert Bad("not open");
        uint256 remaining = SLOTS - _order.length;
        uint256 min = _params.minDeposit < remaining ? _params.minDeposit : remaining;
        if (ids.length < min || ids.length > remaining || ids.length == 0) revert Bad("count");
        if (_params.eligibleRoot != bytes32(0) && proofs.length != ids.length) revert Bad("proofs");
        for (uint256 i; i < ids.length; ++i) {
            uint256 id = ids[i];
            if (cardOfCredit[id] != 0) revert Bad("duplicate");
            if (_params.eligibleRoot != bytes32(0)) {
                bytes32 leaf = keccak256(bytes.concat(keccak256(abi.encode(id))));
                if (!MerkleProof.verifyCalldata(proofs[i], _params.eligibleRoot, leaf)) revert Bad("not eligible");
            }
            credits.transferFrom(from, address(this), id); // reverts unless `from` owns it and approved us
            if (credits.ownerOf(id) != address(this)) revert Bad("not received");
            uint256 card = cards.mint(from);
            cardOfCredit[id] = card;
            creditOfCard[card] = id;
            _order.push(id);
            ++cardsOutstanding;
            emit Deposited(from, id, card);
        }
        if (_order.length == SLOTS) {
            fullAt = uint64(block.timestamp);
            uint256 grace = block.timestamp + _t(FILL_GRACE);
            if (deadline < grace) deadline = uint64(grace);
        }
    }

    /// @notice The card's holder takes its Credit back (card burned). Allowed while OPEN, and after EXPIRED.
    function redeem(uint256[] calldata cardIds) external nonReentrant {
        for (uint256 i; i < cardIds.length; ++i) _redeem(cardIds[i], msg.sender);
    }

    /// @notice After expiry anyone may push a card's Credit to the card's current holder.
    function redeemFor(uint256[] calldata cardIds) external nonReentrant {
        if (status() != Status.EXPIRED) revert Bad("not expired");
        for (uint256 i; i < cardIds.length; ++i) _redeem(cardIds[i], cards.ownerOf(cardIds[i]));
    }

    function _redeem(uint256 cardId, address holder) internal {
        Status s = status();
        if (s != Status.OPEN && s != Status.EXPIRED) revert Bad("locked");
        if (cards.partyOf(cardId) != address(this) || cards.ownerOf(cardId) != holder) revert Bad("not holder");
        uint256 id = creditOfCard[cardId];
        delete creditOfCard[cardId];
        delete cardOfCredit[id];
        _removeFromOrder(id);
        --cardsOutstanding;
        cards.burn(cardId);
        credits.transferFrom(address(this), holder, id); // plain transfer: no receiver callback
        emit Redeemed(holder, id, cardId);
    }

    function _removeFromOrder(uint256 id) internal {
        uint256 n = _order.length;
        for (uint256 i; i < n; ++i) {
            if (_order[i] == id) {
                for (uint256 j = i; j + 1 < n; ++j) _order[j] = _order[j + 1];
                _order.pop();
                return;
            }
        }
        revert Bad("missing");
    }

    // ------------------------------------------------------------------ arrange + burn (one step)

    /// @notice Burn the 80 into one Statement with `order`. Manual: host only, any order of exactly the 80.
    ///         Auto presets: any card holder; `order` must be exactly what the preset produces.
    function assemble(uint256[] calldata order, Floor calldata floor) external nonReentrant {
        if (status() != Status.FULL) revert Bad("not full");
        CreditKeys.Preset p = _params.arrangement;
        if (p == CreditKeys.Preset.Manual) {
            if (msg.sender != host) revert Bad("host only");
        } else if (cards.heldNow(address(this), msg.sender) == 0) {
            revert Bad("card holders only");
        }
        CreditKeys.verifyOrder(p, credits, _order, order, _params.seed);

        // Price that goes live: the one voted while FULL, else the host default. Resolve before external calls.
        PriceSpec memory spec = hasPendingPrice ? pendingPrice : _params.defaultPrice;
        uint256 price = _resolve(spec, floor);

        // Effects
        assembled = true;
        assembledAt = uint64(block.timestamp);
        _burnOrder = order;
        ask = price;
        askSpec = spec;
        askLiveAt = uint64(block.timestamp);
        buyableAt = uint64(block.timestamp + _t(uint256(hasPendingPrice ? _pendingBuyDelay : _params.buyDelayHours) * 1 hours));
        ++priceEpoch; // proposals made before the burn are superseded

        // Interactions: approve the Statement contract for this call only, then verify the outcome.
        IStatement st = factory.statement();
        credits.setApprovalForAll(address(st), true);
        _assembling = true;
        uint256 sid = st.make(order);
        _assembling = false;
        credits.setApprovalForAll(address(st), false);
        if (st.ownerOf(sid) != address(this)) revert Bad("statement not received");
        for (uint256 i; i < SLOTS; ++i) {
            // every Credit must be gone from this contract (burned by the Statement contract)
            try credits.ownerOf(order[i]) returns (address o) { if (o == address(this)) revert Bad("not burned"); } catch {}
        }
        statementId = sid;
        emit Assembled(msg.sender, sid, order);
        emit AskSet(price, hasPendingPrice);
    }

    /// @notice The Statement contract may mint with a safe-transfer callback, but only during assemble().
    function onERC721Received(address, address, uint256, bytes calldata) external view returns (bytes4) {
        if (!_assembling || msg.sender != address(factory.statement())) revert Bad("unexpected token");
        return this.onERC721Received.selector;
    }

    // ------------------------------------------------------------------ price governance

    /// @param buyDelayHours for a price: the wait (0..72 hours) before buying opens once it goes live; ignored for cancels.
    function propose(PriceSpec calldata price, bool cancel, uint16 hours_, uint16 buyDelayHours) external returns (uint256 id) {
        Status s = status();
        if (cancel ? s != Status.ASSEMBLED : (s != Status.FULL && s != Status.ASSEMBLED)) revert Bad("status");
        if (cancel && ask == 0) revert Bad("not listed");
        if (cards.heldNow(address(this), msg.sender) == 0) revert Bad("card holders only");
        _refreshOpen(msg.sender);
        if (_openIds[msg.sender].length >= MAX_OPEN_PER_PROPOSER) revert Bad("open limit");
        if (!cancel) _checkPrice(price);
        if (!cancel && buyDelayHours > MAX_BUY_DELAY_HOURS) revert Bad("buyDelay");
        uint16 h = cancel ? 24 : (hours_ == 0 ? _params.voteHours : hours_); // cancels always run 24h
        if (!_windowOk(h)) revert Bad("window");
        id = _proposals.length;
        bool dl = _deadlocked();
        _proposals.push(Proposal({
            price: price, cancel: cancel, proposer: msg.sender, snapshot: uint48(block.number - 1),
            endsAt: uint64(block.timestamp + _t(uint256(h) * 1 hours)), buyDelayHours: cancel ? 0 : buyDelayHours, epoch: priceEpoch, deadlock: dl,
            executed: false, yes: 0, no: 0
        }));
        _openIds[msg.sender].push(id);
        emit Proposed(id, msg.sender, cancel, price.mode, price.value, _proposals[id].endsAt, dl);
        _vote(id, msg.sender, true);
    }

    function vote(uint256 id, bool support) external {
        _vote(id, msg.sender, support);
    }

    function _vote(uint256 id, address voter, bool support) internal {
        Proposal storage p = _proposals[id];
        if (block.timestamp >= p.endsAt) revert Bad("closed");
        uint128 w = weightOf[id][voter];
        if (w == 0) {
            w = uint128(cards.heldAt(address(this), voter, p.snapshot));
            if (w == 0) revert Bad("no weight at snapshot");
            weightOf[id][voter] = w;
        }
        uint8 prev = voteOf[id][voter];
        if (prev == 1) p.yes -= w; else if (prev == 2) p.no -= w;
        if (support) p.yes += w; else p.no += w;
        voteOf[id][voter] = support ? 1 : 2;
        emit Voted(id, voter, support, w);
    }

    /// @notice YES needed for proposal `id`, given a floor reading for below-floor checks.
    function needFor(uint256 id, uint256 price, uint256 floorWei) public view returns (uint256) {
        Proposal storage p = _proposals[id];
        uint256 need = (!p.cancel && price < floorWei) ? PASS_BELOW_FLOOR : PASS;
        if (p.deadlock && need < PASS_DEADLOCK) need = PASS_DEADLOCK;
        return need;
    }

    function execute(uint256 id, Floor calldata floor) external nonReentrant {
        Proposal storage p = _proposals[id];
        Status s = status();
        if (p.executed) revert Bad("executed");
        if (block.timestamp < p.endsAt) revert Bad("voting open");
        if (block.timestamp > uint256(p.endsAt) + _t(EXECUTE_WINDOW)) revert Bad("lapsed");
        if (p.epoch != priceEpoch) revert Bad("superseded");
        if (cards.heldNow(address(this), msg.sender) == 0) revert Bad("card holders only");
        if (p.cancel ? s != Status.ASSEMBLED : (s != Status.FULL && s != Status.ASSEMBLED)) revert Bad("status");

        uint256 price;
        uint256 floorWei;
        if (!p.cancel) {
            if (p.price.mode == PriceMode.Fixed && floor.sig.length == 0) {
                // No floor reading: a fixed price can still execute, but is treated as below the floor (60 YES).
                price = uint256(p.price.value);
                floorWei = type(uint256).max;
            } else {
                floorWei = _floor(floor);
                price = p.price.mode == PriceMode.Fixed ? uint256(p.price.value) : _clampMin(_resolveWith(p.price, floorWei));
            }
        }
        uint256 need = needFor(id, price, floorWei);
        if (p.yes < need || (p.no > 0 && !p.deadlock)) revert Bad("did not pass");

        p.executed = true;
        ++priceEpoch;
        lastPriceExecutedAt = uint64(block.timestamp);
        blockedPriceProposals = 0; // deadlock mode ends once any price decision executes
        if (p.cancel) {
            ask = 0;
            askLiveAt = 0;
        } else if (s == Status.FULL) {
            pendingPrice = p.price;
            _pendingBuyDelay = p.buyDelayHours;
            hasPendingPrice = true;
            emit PendingPriceSet(id, p.price.mode, p.price.value);
        } else {
            ask = price;
            askSpec = p.price;
            askLiveAt = uint64(block.timestamp);
            buyableAt = uint64(block.timestamp + _t(uint256(p.buyDelayHours) * 1 hours));
            emit AskSet(price, true);
        }
        emit Executed(id, msg.sender);
    }

    /// @notice Records a closed price proposal that was blocked by NO, toward the deadlock rule. Anyone may call.
    function countBlocked(uint256 id) external {
        Proposal storage p = _proposals[id];
        // Counts only a current-epoch price proposal that had enough YES to pass and was stopped by NO alone,
        // so a small holder voting NO on their own proposals cannot push the party into deadlock mode.
        if (blockedCounted[id] || p.cancel || p.executed || block.timestamp < p.endsAt || p.no == 0 || p.deadlock || p.yes < PASS || p.epoch != priceEpoch) revert Bad("not blocked");
        blockedCounted[id] = true;
        ++blockedPriceProposals;
        emit BlockedCounted(id, blockedPriceProposals);
    }

    function _deadlocked() internal view returns (bool) {
        if (blockedPriceProposals >= DEADLOCK_BLOCKS) return true;
        uint256 since = lastPriceExecutedAt != 0 ? lastPriceExecutedAt : (assembledAt != 0 ? assembledAt : (fullAt != 0 ? fullAt : type(uint64).max));
        return since != type(uint64).max && block.timestamp > since + _t(DEADLOCK_TIME);
    }

    function _refreshOpen(address who) internal {
        // drop the proposer's proposals that have closed (the list never exceeds MAX_OPEN_PER_PROPOSER)
        uint256[] storage ids = _openIds[who];
        for (uint256 k = ids.length; k > 0; --k) {
            if (block.timestamp >= _proposals[ids[k - 1]].endsAt) { ids[k - 1] = ids[ids.length - 1]; ids.pop(); }
        }
    }

    function openProposalsOf(address who) external view returns (uint256[] memory) { return _openIds[who]; }

    /// @notice A floor-relative ask may only rise, with a fresh signed floor reading. Anyone may call.
    function raiseAsk(Floor calldata floor) external {
        if (status() != Status.ASSEMBLED || ask == 0 || askSpec.mode == PriceMode.Fixed) revert Bad("fixed");
        uint256 next = _resolve(askSpec, floor);
        if (next <= ask) revert Bad("not higher");
        ask = next;
        emit AskSet(next, false);
    }

    // ------------------------------------------------------------------ sale + claims

    /// @notice Buy the Statement at the current ask. `maxPrice` protects against an ask change in the same block.
    function buy(uint256 maxPrice) external payable nonReentrant {
        if (status() != Status.ASSEMBLED || ask == 0) revert Bad("not for sale");
        if (block.timestamp < buyableAt) revert Bad("not open yet");
        uint256 price = ask;
        if (price > maxPrice || msg.value < price) revert Bad("price");

        (address royaltyTo, uint256 royalty) = _royalty(price);
        uint256 fee = price * factory.FEE_BPS() / 10_000;
        uint256 pot = price - royalty - fee;
        uint256 share = pot / SLOTS;
        uint256 dust = pot - share * SLOTS;

        sold = true;
        perCard = share;
        ask = 0;
        if (royalty > 0) owed[royaltyTo] += royalty;
        owed[factory.feeRecipient()] += fee + dust;

        factory.statement().transferFrom(address(this), msg.sender, statementId);
        if (msg.value > price) {
            (bool ok,) = msg.sender.call{value: msg.value - price}("");
            if (!ok) revert Bad("refund");
        }
        emit Sold(msg.sender, price, royalty, fee, share);
    }

    /// @notice The holder of each card claims 1/80 of the net sale; the card is burned.
    function claim(uint256[] calldata cardIds) external nonReentrant {
        if (!sold) revert Bad("not sold");
        uint256 total;
        for (uint256 i; i < cardIds.length; ++i) {
            uint256 c = cardIds[i];
            if (cards.partyOf(c) != address(this) || cards.ownerOf(c) != msg.sender) revert Bad("not holder");
            delete creditOfCard[c];
            --cardsOutstanding;
            cards.burn(c);
            total += perCard;
            emit Claimed(msg.sender, c, perCard);
        }
        (bool ok,) = msg.sender.call{value: total}("");
        if (!ok) revert Bad("send");
    }

    /// @notice Anyone may push the shares of `cardIds` to their current holders (e.g. for holders who never return).
    ///         A holder that cannot receive ETH is credited in `owed` instead.
    function claimFor(uint256[] calldata cardIds) external nonReentrant {
        if (!sold) revert Bad("not sold");
        for (uint256 i; i < cardIds.length; ++i) {
            uint256 c = cardIds[i];
            if (cards.partyOf(c) != address(this)) revert Bad("not this party");
            address holder = cards.ownerOf(c);
            delete creditOfCard[c];
            --cardsOutstanding;
            cards.burn(c);
            emit Claimed(holder, c, perCard);
            (bool ok,) = holder.call{value: perCard, gas: 50_000}("");
            if (!ok) owed[holder] += perCard;
        }
    }

    /// @notice Pull payment for the fee recipient, royalty receiver, rounding dust, and holders that could not receive ETH.
    function withdraw() external nonReentrant {
        uint256 amt = owed[msg.sender];
        if (amt == 0) revert Bad("nothing");
        owed[msg.sender] = 0;
        (bool ok,) = msg.sender.call{value: amt}("");
        if (!ok) revert Bad("send");
        emit Withdrawn(msg.sender, amt);
    }

    function transferHost(address to) external {
        if (msg.sender != host || to == address(0)) revert Bad("host");
        emit HostTransferred(host, to);
        host = to;
    }

    // ------------------------------------------------------------------ prices and floor

    function _checkPrice(PriceSpec memory p) internal pure {
        if (p.mode == PriceMode.Fixed && (p.value <= 0 || p.value > 1e24)) revert Bad("price");
        if (p.mode == PriceMode.FloorPct && (p.value <= -10_000 || p.value > 1_000_000)) revert Bad("price");
        if (p.mode == PriceMode.FloorDelta && (p.value < -1e24 || p.value > 1e24)) revert Bad("price");
    }

    function _floor(Floor calldata f) internal returns (uint256) {
        if (f.issuedAt > block.timestamp || block.timestamp - f.issuedAt > FLOOR_MAX_AGE) revert Bad("stale floor");
        if (f.issuedAt < lastFloorAt) revert Bad("older floor");
        lastFloorAt = f.issuedAt;
        if (!factory.isValidFloor(f.floorWei, uint8(_params.floorMode), f.issuedAt, f.sig)) revert Bad("floor sig");
        if (f.floorWei == 0) revert Bad("floor");
        return f.floorWei;
    }

    function _resolve(PriceSpec memory p, Floor calldata f) internal returns (uint256) {
        if (p.mode == PriceMode.Fixed) return uint256(p.value);
        return _clampMin(_resolveWith(p, _floor(f)));
    }

    function _resolveWith(PriceSpec memory p, uint256 floorWei) internal pure returns (uint256 v) {
        if (p.mode == PriceMode.Fixed) return uint256(p.value);
        int256 f = int256(floorWei);
        int256 r = p.mode == PriceMode.FloorPct ? f * (10_000 + p.value) / 10_000 : f + p.value;
        if (r <= 0) revert Bad("price <= 0");
        return uint256(r);
    }

    /// @dev Floor-relative prices never resolve below the host's minimum ask (limits a bad or compromised floor reading).
    function _clampMin(uint256 v) internal view returns (uint256) {
        return v < _params.minAskWei ? _params.minAskWei : v;
    }

    /// @dev Scales a rule duration expressed in real seconds by the factory's time unit (identity when timeUnit = 1 hour).
    function _t(uint256 secs) internal view returns (uint256) {
        return secs * timeUnit / 1 hours;
    }

    function _windowOk(uint16 h) internal pure returns (bool) {
        return h == 24 || h == 48 || h == 72 || h == 168;
    }

    /// @dev Raw staticcall: a reverting, gas-hungry or malformed royaltyInfo never blocks a sale.
    function _royalty(uint256 price) internal view returns (address to, uint256 amt) {
        (bool ok, bytes memory r) = address(factory.statement()).staticcall{gas: 50_000}(abi.encodeWithSignature("royaltyInfo(uint256,uint256)", statementId, price));
        if (!ok || r.length < 64) return (address(0), 0);
        (uint256 a, uint256 v) = abi.decode(r, (uint256, uint256));
        if (a == 0 || a >> 160 != 0) return (address(0), 0);
        uint256 cap = price * ROYALTY_CAP_BPS / 10_000;
        return (address(uint160(a)), v > cap ? cap : v);
    }

    receive() external payable {
        revert Bad("no direct ETH");
    }
}' ==> 'contract Party is Initializable, ReentrancyGuardTransient {
    using CreditKeys for CreditKeys.Preset;

    uint256 public constant SLOTS = 80;
    uint256 public constant PASS = 41;
    uint256 public constant PASS_BELOW_FLOOR = 60;
    uint256 public constant PASS_DEADLOCK = 54;
    uint256 public constant DEADLOCK_BLOCKS = 3;
    uint256 public constant DEADLOCK_TIME = 30 days;
    uint256 public constant EXECUTE_WINDOW = 7 days;
    uint256 public constant MAX_BUY_DELAY_HOURS = 72; // a price's wait before buying opens is voted with the price (host default at creation)
    uint256 public constant FILL_GRACE = 2 days; // filling always leaves at least this long to burn
    uint256 public constant FLOOR_MAX_AGE = 1 hours;
    uint256 public constant ROYALTY_CAP_BPS = 1000;
    uint256 public constant MAX_OPEN_PER_PROPOSER = 3;

    enum Status { OPEN, FULL, ASSEMBLED, SOLD, EXPIRED }
    enum PriceMode { Fixed, FloorPct, FloorDelta } // FloorPct value in basis points; FloorDelta in wei
    enum FloorMode { Avg24h, Latest }

    struct PriceSpec { PriceMode mode; int256 value; }
    struct Floor { uint256 floorWei; uint64 issuedAt; bytes sig; }

    struct Params {
        string name;
        string description;
        string filters; // human-readable eligibility rules; the Merkle root below is what is enforced
        bytes32 eligibleRoot; // leaf = keccak256(bytes.concat(keccak256(abi.encode(creditId)))); 0 = any Credit
        uint8 minDeposit; // 1..80
        uint32 durationDays; // 1..60, from creation to the burn deadline
        uint16 voteHours; // default window: 24, 48, 72 or 168
        CreditKeys.Preset arrangement;
        uint256 seed; // for Random
        PriceSpec defaultPrice;
        FloorMode floorMode;
        uint256 minAskWei; // lowest ask any floor-relative price can resolve to (required > 0 if the default is floor-relative)
        uint16 buyDelayHours; // default wait between a price going live and buying opening, 0..72 (the site defaults to 1)
    }

    struct Proposal {
        PriceSpec price; // LIST price, or ignored for CANCEL
        bool cancel; // CANCEL_LISTING
        address proposer;
        uint48 snapshot; // block whose balances are the vote weights
        uint64 endsAt;
        uint16 buyDelayHours; // wait before buying opens once this price goes live (voted with the price)
        uint64 epoch; // price epoch at creation; executing any price decision bumps it
        bool deadlock; // created under the deadlock rule
        bool executed;
        uint128 yes;
        uint128 no;
    }

    IFactory public factory;
    ICredits public credits;
    CreditCards public cards;
    address public host;
    Params internal _params;
    uint64 public createdAt;
    uint64 public deadline;
    uint64 public fullAt;
    uint64 public assembledAt;
    uint64 public lastFloorAt; // floor readings may never go back in time
    bool internal _opened; // the host's opening deposit has been made
    /// @notice Seconds per "hour" for every rule window (buy delay, votes, lapse, deadlock, deadline). 3600 on mainnet;
    ///         a testnet factory may set it lower so a full party can be rehearsed in minutes. Floor-signature age is
    ///         always real time.
    uint256 public timeUnit;

    // deposits
    uint256[] internal _order; // credit ids in deposit order (compacted on redeem)
    mapping(uint256 creditId => uint256) public cardOfCredit; // 0 = not in this party
    mapping(uint256 cardId => uint256) public creditOfCard;

    // assembly and sale
    bool public assembled;
    uint256 public statementId;
    uint256[] internal _burnOrder;
    bool internal _assembling;
    uint256 public ask; // wei; 0 = not listed
    PriceSpec public askSpec;
    uint64 public askLiveAt;
    uint64 public buyableAt; // buying opens at this time
    uint16 internal _pendingBuyDelay;
    PriceSpec public pendingPrice; // price voted while FULL, applied at assembly
    bool public hasPendingPrice;
    bool public sold;
    uint256 public perCard;
    uint256 public cardsOutstanding; // cards not yet redeemed or claimed
    mapping(address => uint256) public owed; // pull payments: fee, royalty, dust

    // governance
    Proposal[] internal _proposals;
    mapping(uint256 id => mapping(address => uint8)) public voteOf; // 0 none, 1 yes, 2 no
    mapping(uint256 id => mapping(address => uint128)) public weightOf;
    uint64 public priceEpoch;
    uint64 public lastPriceExecutedAt;
    uint256 public blockedPriceProposals;
    mapping(uint256 id => bool) public blockedCounted;
    mapping(address => uint256[]) internal _openIds; // each proposer's open proposals (at most MAX_OPEN_PER_PROPOSER)

    event Deposited(address indexed by, uint256 indexed creditId, uint256 indexed cardId);
    event Redeemed(address indexed to, uint256 indexed creditId, uint256 indexed cardId);
    event Assembled(address indexed by, uint256 indexed statementId, uint256[] order);
    event AskSet(uint256 ask, bool fromVote);
    event Proposed(uint256 indexed id, address indexed by, bool cancel, PriceMode mode, int256 value, uint64 endsAt, bool deadlock);
    event Voted(uint256 indexed id, address indexed voter, bool support, uint256 weight);
    event Executed(uint256 indexed id, address indexed by);
    event Sold(address indexed buyer, uint256 price, uint256 royalty, uint256 fee, uint256 perCard);
    event Claimed(address indexed to, uint256 indexed cardId, uint256 amount);
    event HostTransferred(address indexed from, address indexed to);
    event BlockedCounted(uint256 indexed id, uint256 total);
    event PendingPriceSet(uint256 indexed id, PriceMode mode, int256 value);
    event Withdrawn(address indexed to, uint256 amount);

    error Bad(string why);

    constructor() {
        _disableInitializers();
    }

    function initialize(address host_, Params calldata p) external initializer {
        factory = IFactory(msg.sender);
        credits = factory.credits();
        cards = factory.cards();
        timeUnit = factory.timeUnit();
        if (timeUnit == 0 || timeUnit > 1 hours) revert Bad("timeUnit");
        if (host_ == address(0)) revert Bad("host");
        if (p.minDeposit == 0 || p.minDeposit > SLOTS) revert Bad("minDeposit");
        if (p.durationDays == 0 || p.durationDays > 60) revert Bad("duration");
        if (!_windowOk(p.voteHours)) revert Bad("voteHours");
        _checkPrice(p.defaultPrice);
        if (p.defaultPrice.mode != PriceMode.Fixed && p.minAskWei == 0) revert Bad("minAsk");
        if (p.buyDelayHours > MAX_BUY_DELAY_HOURS) revert Bad("buyDelay");
        if (bytes(p.name).length == 0 || bytes(p.name).length > 60) revert Bad("name");
        if (bytes(p.description).length > 1000) revert Bad("description");
        host = host_;
        _params = p;
        createdAt = uint64(block.timestamp);
        deadline = uint64(block.timestamp + _t(uint256(p.durationDays) * 1 days));
    }

    // ------------------------------------------------------------------ pures

    function params() external pure returns (Params memory) { return _params; }
    function depositOrder() external pure returns (uint256[] memory) { return _order; }
    function burnOrder() external pure returns (uint256[] memory) { return _burnOrder; }
    function count() public pure returns (uint256) { return _order.length; }
    function proposalCount() external pure returns (uint256) { return _proposals.length; }
    function proposal(uint256 id) external pure returns (Proposal memory) { return _proposals[id]; }

    function status() public pure returns (Status) {
        if (sold) return Status.SOLD;
        if (assembled) return Status.ASSEMBLED;
        if (block.timestamp > deadline) return Status.EXPIRED;
        return _order.length == SLOTS ? Status.FULL : Status.OPEN;
    }

    function cardView(uint256 cardId) external pure returns (string memory name, uint256 creditId, string memory st) {
        Status s = status();
        st = s == Status.OPEN ? "FILLING" : s == Status.FULL ? "FULL" : s == Status.ASSEMBLED ? "STATEMENT MADE" : s == Status.SOLD ? "SOLD / CLAIMABLE" : "EXPIRED / REDEEMABLE";
        return (_params.name, creditOfCard[cardId], st);
    }

    // ------------------------------------------------------------------ deposits

    /// @notice The host's opening deposit, made by the factory in the same transaction that creates the party.
    ///         The host must have approved this (predicted) party address on Credits beforehand.
    function openDeposit(address from, uint256[] calldata ids, bytes32[][] calldata proofs) external nonReentrant {
        if (msg.sender != address(factory) || _opened || from != host) revert Bad("opening");
        _opened = true;
        _deposit(from, ids, proofs);
    }

    /// @notice Pull `ids` from the caller (needs setApprovalForAll on Credits for this party) and mint one card each.
    function deposit(uint256[] calldata ids, bytes32[][] calldata proofs) external nonReentrant {
        if (!_opened) revert Bad("not opened");
        _deposit(msg.sender, ids, proofs);
    }

    function _deposit(address from, uint256[] calldata ids, bytes32[][] calldata proofs) internal {
        if (status() != Status.OPEN) revert Bad("not open");
        uint256 remaining = SLOTS - _order.length;
        uint256 min = _params.minDeposit < remaining ? _params.minDeposit : remaining;
        if (ids.length < min || ids.length > remaining || ids.length == 0) revert Bad("count");
        if (_params.eligibleRoot != bytes32(0) && proofs.length != ids.length) revert Bad("proofs");
        for (uint256 i; i < ids.length; ++i) {
            uint256 id = ids[i];
            if (cardOfCredit[id] != 0) revert Bad("duplicate");
            if (_params.eligibleRoot != bytes32(0)) {
                bytes32 leaf = keccak256(bytes.concat(keccak256(abi.encode(id))));
                if (!MerkleProof.verifyCalldata(proofs[i], _params.eligibleRoot, leaf)) revert Bad("not eligible");
            }
            credits.transferFrom(from, address(this), id); // reverts unless `from` owns it and approved us
            if (credits.ownerOf(id) != address(this)) revert Bad("not received");
            uint256 card = cards.mint(from);
            cardOfCredit[id] = card;
            creditOfCard[card] = id;
            _order.push(id);
            ++cardsOutstanding;
            emit Deposited(from, id, card);
        }
        if (_order.length == SLOTS) {
            fullAt = uint64(block.timestamp);
            uint256 grace = block.timestamp + _t(FILL_GRACE);
            if (deadline < grace) deadline = uint64(grace);
        }
    }

    /// @notice The card's holder takes its Credit back (card burned). Allowed while OPEN, and after EXPIRED.
    function redeem(uint256[] calldata cardIds) external nonReentrant {
        for (uint256 i; i < cardIds.length; ++i) _redeem(cardIds[i], msg.sender);
    }

    /// @notice After expiry anyone may push a card's Credit to the card's current holder.
    function redeemFor(uint256[] calldata cardIds) external nonReentrant {
        if (status() != Status.EXPIRED) revert Bad("not expired");
        for (uint256 i; i < cardIds.length; ++i) _redeem(cardIds[i], cards.ownerOf(cardIds[i]));
    }

    function _redeem(uint256 cardId, address holder) internal {
        Status s = status();
        if (s != Status.OPEN && s != Status.EXPIRED) revert Bad("locked");
        if (cards.partyOf(cardId) != address(this) || cards.ownerOf(cardId) != holder) revert Bad("not holder");
        uint256 id = creditOfCard[cardId];
        delete creditOfCard[cardId];
        delete cardOfCredit[id];
        _removeFromOrder(id);
        --cardsOutstanding;
        cards.burn(cardId);
        credits.transferFrom(address(this), holder, id); // plain transfer: no receiver callback
        emit Redeemed(holder, id, cardId);
    }

    function _removeFromOrder(uint256 id) internal {
        uint256 n = _order.length;
        for (uint256 i; i < n; ++i) {
            if (_order[i] == id) {
                for (uint256 j = i; j + 1 < n; ++j) _order[j] = _order[j + 1];
                _order.pop();
                return;
            }
        }
        revert Bad("missing");
    }

    // ------------------------------------------------------------------ arrange + burn (one step)

    /// @notice Burn the 80 into one Statement with `order`. Manual: host only, any order of exactly the 80.
    ///         Auto presets: any card holder; `order` must be exactly what the preset produces.
    function assemble(uint256[] calldata order, Floor calldata floor) external nonReentrant {
        if (status() != Status.FULL) revert Bad("not full");
        CreditKeys.Preset p = _params.arrangement;
        if (p == CreditKeys.Preset.Manual) {
            if (msg.sender != host) revert Bad("host only");
        } else if (cards.heldNow(address(this), msg.sender) == 0) {
            revert Bad("card holders only");
        }
        CreditKeys.verifyOrder(p, credits, _order, order, _params.seed);

        // Price that goes live: the one voted while FULL, else the host default. Resolve before external calls.
        PriceSpec memory spec = hasPendingPrice ? pendingPrice : _params.defaultPrice;
        uint256 price = _resolve(spec, floor);

        // Effects
        assembled = true;
        assembledAt = uint64(block.timestamp);
        _burnOrder = order;
        ask = price;
        askSpec = spec;
        askLiveAt = uint64(block.timestamp);
        buyableAt = uint64(block.timestamp + _t(uint256(hasPendingPrice ? _pendingBuyDelay : _params.buyDelayHours) * 1 hours));
        ++priceEpoch; // proposals made before the burn are superseded

        // Interactions: approve the Statement contract for this call only, then verify the outcome.
        IStatement st = factory.statement();
        credits.setApprovalForAll(address(st), true);
        _assembling = true;
        uint256 sid = st.make(order);
        _assembling = false;
        credits.setApprovalForAll(address(st), false);
        if (st.ownerOf(sid) != address(this)) revert Bad("statement not received");
        for (uint256 i; i < SLOTS; ++i) {
            // every Credit must be gone from this contract (burned by the Statement contract)
            try credits.ownerOf(order[i]) returns (address o) { if (o == address(this)) revert Bad("not burned"); } catch {}
        }
        statementId = sid;
        emit Assembled(msg.sender, sid, order);
        emit AskSet(price, hasPendingPrice);
    }

    /// @notice The Statement contract may mint with a safe-transfer callback, but only during assemble().
    function onERC721Received(address, address, uint256, bytes calldata) external pure returns (bytes4) {
        if (!_assembling || msg.sender != address(factory.statement())) revert Bad("unexpected token");
        return this.onERC721Received.selector;
    }

    // ------------------------------------------------------------------ price governance

    /// @param buyDelayHours for a price: the wait (0..72 hours) before buying opens once it goes live; ignored for cancels.
    function propose(PriceSpec calldata price, bool cancel, uint16 hours_, uint16 buyDelayHours) external returns (uint256 id) {
        Status s = status();
        if (cancel ? s != Status.ASSEMBLED : (s != Status.FULL && s != Status.ASSEMBLED)) revert Bad("status");
        if (cancel && ask == 0) revert Bad("not listed");
        if (cards.heldNow(address(this), msg.sender) == 0) revert Bad("card holders only");
        _refreshOpen(msg.sender);
        if (_openIds[msg.sender].length >= MAX_OPEN_PER_PROPOSER) revert Bad("open limit");
        if (!cancel) _checkPrice(price);
        if (!cancel && buyDelayHours > MAX_BUY_DELAY_HOURS) revert Bad("buyDelay");
        uint16 h = cancel ? 24 : (hours_ == 0 ? _params.voteHours : hours_); // cancels always run 24h
        if (!_windowOk(h)) revert Bad("window");
        id = _proposals.length;
        bool dl = _deadlocked();
        _proposals.push(Proposal({
            price: price, cancel: cancel, proposer: msg.sender, snapshot: uint48(block.number - 1),
            endsAt: uint64(block.timestamp + _t(uint256(h) * 1 hours)), buyDelayHours: cancel ? 0 : buyDelayHours, epoch: priceEpoch, deadlock: dl,
            executed: false, yes: 0, no: 0
        }));
        _openIds[msg.sender].push(id);
        emit Proposed(id, msg.sender, cancel, price.mode, price.value, _proposals[id].endsAt, dl);
        _vote(id, msg.sender, true);
    }

    function vote(uint256 id, bool support) external {
        _vote(id, msg.sender, support);
    }

    function _vote(uint256 id, address voter, bool support) internal {
        Proposal storage p = _proposals[id];
        if (block.timestamp >= p.endsAt) revert Bad("closed");
        uint128 w = weightOf[id][voter];
        if (w == 0) {
            w = uint128(cards.heldAt(address(this), voter, p.snapshot));
            if (w == 0) revert Bad("no weight at snapshot");
            weightOf[id][voter] = w;
        }
        uint8 prev = voteOf[id][voter];
        if (prev == 1) p.yes -= w; else if (prev == 2) p.no -= w;
        if (support) p.yes += w; else p.no += w;
        voteOf[id][voter] = support ? 1 : 2;
        emit Voted(id, voter, support, w);
    }

    /// @notice YES needed for proposal `id`, given a floor reading for below-floor checks.
    function needFor(uint256 id, uint256 price, uint256 floorWei) public pure returns (uint256) {
        Proposal storage p = _proposals[id];
        uint256 need = (!p.cancel && price < floorWei) ? PASS_BELOW_FLOOR : PASS;
        if (p.deadlock && need < PASS_DEADLOCK) need = PASS_DEADLOCK;
        return need;
    }

    function execute(uint256 id, Floor calldata floor) external nonReentrant {
        Proposal storage p = _proposals[id];
        Status s = status();
        if (p.executed) revert Bad("executed");
        if (block.timestamp < p.endsAt) revert Bad("voting open");
        if (block.timestamp > uint256(p.endsAt) + _t(EXECUTE_WINDOW)) revert Bad("lapsed");
        if (p.epoch != priceEpoch) revert Bad("superseded");
        if (cards.heldNow(address(this), msg.sender) == 0) revert Bad("card holders only");
        if (p.cancel ? s != Status.ASSEMBLED : (s != Status.FULL && s != Status.ASSEMBLED)) revert Bad("status");

        uint256 price;
        uint256 floorWei;
        if (!p.cancel) {
            if (p.price.mode == PriceMode.Fixed && floor.sig.length == 0) {
                // No floor reading: a fixed price can still execute, but is treated as below the floor (60 YES).
                price = uint256(p.price.value);
                floorWei = type(uint256).max;
            } else {
                floorWei = _floor(floor);
                price = p.price.mode == PriceMode.Fixed ? uint256(p.price.value) : _clampMin(_resolveWith(p.price, floorWei));
            }
        }
        uint256 need = needFor(id, price, floorWei);
        if (p.yes < need || (p.no > 0 && !p.deadlock)) revert Bad("did not pass");

        p.executed = true;
        ++priceEpoch;
        lastPriceExecutedAt = uint64(block.timestamp);
        blockedPriceProposals = 0; // deadlock mode ends once any price decision executes
        if (p.cancel) {
            ask = 0;
            askLiveAt = 0;
        } else if (s == Status.FULL) {
            pendingPrice = p.price;
            _pendingBuyDelay = p.buyDelayHours;
            hasPendingPrice = true;
            emit PendingPriceSet(id, p.price.mode, p.price.value);
        } else {
            ask = price;
            askSpec = p.price;
            askLiveAt = uint64(block.timestamp);
            buyableAt = uint64(block.timestamp + _t(uint256(p.buyDelayHours) * 1 hours));
            emit AskSet(price, true);
        }
        emit Executed(id, msg.sender);
    }

    /// @notice Records a closed price proposal that was blocked by NO, toward the deadlock rule. Anyone may call.
    function countBlocked(uint256 id) external {
        Proposal storage p = _proposals[id];
        // Counts only a current-epoch price proposal that had enough YES to pass and was stopped by NO alone,
        // so a small holder voting NO on their own proposals cannot push the party into deadlock mode.
        if (blockedCounted[id] || p.cancel || p.executed || block.timestamp < p.endsAt || p.no == 0 || p.deadlock || p.yes < PASS || p.epoch != priceEpoch) revert Bad("not blocked");
        blockedCounted[id] = true;
        ++blockedPriceProposals;
        emit BlockedCounted(id, blockedPriceProposals);
    }

    function _deadlocked() internal pure returns (bool) {
        if (blockedPriceProposals >= DEADLOCK_BLOCKS) return true;
        uint256 since = lastPriceExecutedAt != 0 ? lastPriceExecutedAt : (assembledAt != 0 ? assembledAt : (fullAt != 0 ? fullAt : type(uint64).max));
        return since != type(uint64).max && block.timestamp > since + _t(DEADLOCK_TIME);
    }

    function _refreshOpen(address who) internal {
        // drop the proposer's proposals that have closed (the list never exceeds MAX_OPEN_PER_PROPOSER)
        uint256[] storage ids = _openIds[who];
        for (uint256 k = ids.length; k > 0; --k) {
            if (block.timestamp >= _proposals[ids[k - 1]].endsAt) { ids[k - 1] = ids[ids.length - 1]; ids.pop(); }
        }
    }

    function openProposalsOf(address who) external pure returns (uint256[] memory) { return _openIds[who]; }

    /// @notice A floor-relative ask may only rise, with a fresh signed floor reading. Anyone may call.
    function raiseAsk(Floor calldata floor) external {
        if (status() != Status.ASSEMBLED || ask == 0 || askSpec.mode == PriceMode.Fixed) revert Bad("fixed");
        uint256 next = _resolve(askSpec, floor);
        if (next <= ask) revert Bad("not higher");
        ask = next;
        emit AskSet(next, false);
    }

    // ------------------------------------------------------------------ sale + claims

    /// @notice Buy the Statement at the current ask. `maxPrice` protects against an ask change in the same block.
    function buy(uint256 maxPrice) external payable nonReentrant {
        if (status() != Status.ASSEMBLED || ask == 0) revert Bad("not for sale");
        if (block.timestamp < buyableAt) revert Bad("not open yet");
        uint256 price = ask;
        if (price > maxPrice || msg.value < price) revert Bad("price");

        (address royaltyTo, uint256 royalty) = _royalty(price);
        uint256 fee = price * factory.FEE_BPS() / 10_000;
        uint256 pot = price - royalty - fee;
        uint256 share = pot / SLOTS;
        uint256 dust = pot - share * SLOTS;

        sold = true;
        perCard = share;
        ask = 0;
        if (royalty > 0) owed[royaltyTo] += royalty;
        owed[factory.feeRecipient()] += fee + dust;

        factory.statement().transferFrom(address(this), msg.sender, statementId);
        if (msg.value > price) {
            (bool ok,) = msg.sender.call{value: msg.value - price}("");
            if (!ok) revert Bad("refund");
        }
        emit Sold(msg.sender, price, royalty, fee, share);
    }

    /// @notice The holder of each card claims 1/80 of the net sale; the card is burned.
    function claim(uint256[] calldata cardIds) external nonReentrant {
        if (!sold) revert Bad("not sold");
        uint256 total;
        for (uint256 i; i < cardIds.length; ++i) {
            uint256 c = cardIds[i];
            if (cards.partyOf(c) != address(this) || cards.ownerOf(c) != msg.sender) revert Bad("not holder");
            delete creditOfCard[c];
            --cardsOutstanding;
            cards.burn(c);
            total += perCard;
            emit Claimed(msg.sender, c, perCard);
        }
        (bool ok,) = msg.sender.call{value: total}("");
        if (!ok) revert Bad("send");
    }

    /// @notice Anyone may push the shares of `cardIds` to their current holders (e.g. for holders who never return).
    ///         A holder that cannot receive ETH is credited in `owed` instead.
    function claimFor(uint256[] calldata cardIds) external nonReentrant {
        if (!sold) revert Bad("not sold");
        for (uint256 i; i < cardIds.length; ++i) {
            uint256 c = cardIds[i];
            if (cards.partyOf(c) != address(this)) revert Bad("not this party");
            address holder = cards.ownerOf(c);
            delete creditOfCard[c];
            --cardsOutstanding;
            cards.burn(c);
            emit Claimed(holder, c, perCard);
            (bool ok,) = holder.call{value: perCard, gas: 50_000}("");
            if (!ok) owed[holder] += perCard;
        }
    }

    /// @notice Pull payment for the fee recipient, royalty receiver, rounding dust, and holders that could not receive ETH.
    function withdraw() external nonReentrant {
        uint256 amt = owed[msg.sender];
        if (amt == 0) revert Bad("nothing");
        owed[msg.sender] = 0;
        (bool ok,) = msg.sender.call{value: amt}("");
        if (!ok) revert Bad("send");
        emit Withdrawn(msg.sender, amt);
    }

    function transferHost(address to) external {
        if (msg.sender != host || to == address(0)) revert Bad("host");
        emit HostTransferred(host, to);
        host = to;
    }

    // ------------------------------------------------------------------ prices and floor

    function _checkPrice(PriceSpec memory p) internal pure {
        if (p.mode == PriceMode.Fixed && (p.value <= 0 || p.value > 1e24)) revert Bad("price");
        if (p.mode == PriceMode.FloorPct && (p.value <= -10_000 || p.value > 1_000_000)) revert Bad("price");
        if (p.mode == PriceMode.FloorDelta && (p.value < -1e24 || p.value > 1e24)) revert Bad("price");
    }

    function _floor(Floor calldata f) internal returns (uint256) {
        if (f.issuedAt > block.timestamp || block.timestamp - f.issuedAt > FLOOR_MAX_AGE) revert Bad("stale floor");
        if (f.issuedAt < lastFloorAt) revert Bad("older floor");
        lastFloorAt = f.issuedAt;
        if (!factory.isValidFloor(f.floorWei, uint8(_params.floorMode), f.issuedAt, f.sig)) revert Bad("floor sig");
        if (f.floorWei == 0) revert Bad("floor");
        return f.floorWei;
    }

    function _resolve(PriceSpec memory p, Floor calldata f) internal returns (uint256) {
        if (p.mode == PriceMode.Fixed) return uint256(p.value);
        return _clampMin(_resolveWith(p, _floor(f)));
    }

    function _resolveWith(PriceSpec memory p, uint256 floorWei) internal pure returns (uint256 v) {
        if (p.mode == PriceMode.Fixed) return uint256(p.value);
        int256 f = int256(floorWei);
        int256 r = p.mode == PriceMode.FloorPct ? f * (10_000 + p.value) / 10_000 : f + p.value;
        if (r <= 0) revert Bad("price <= 0");
        return uint256(r);
    }

    /// @dev Floor-relative prices never resolve below the host's minimum ask (limits a bad or compromised floor reading).
    function _clampMin(uint256 v) internal pure returns (uint256) {
        return v < _params.minAskWei ? _params.minAskWei : v;
    }

    /// @dev Scales a rule duration expressed in real seconds by the factory's time unit (identity when timeUnit = 1 hour).
    function _t(uint256 secs) internal pure returns (uint256) {
        return secs * timeUnit / 1 hours;
    }

    function _windowOk(uint16 h) internal pure returns (bool) {
        return h == 24 || h == 48 || h == 72 || h == 168;
    }

    /// @dev Raw staticcall: a reverting, gas-hungry or malformed royaltyInfo never blocks a sale.
    function _royalty(uint256 price) internal pure returns (address to, uint256 amt) {
        (bool ok, bytes memory r) = address(factory.statement()).staticcall{gas: 50_000}(abi.encodeWithSignature("royaltyInfo(uint256,uint256)", statementId, price));
        if (!ok || r.length < 64) return (address(0), 0);
        (uint256 a, uint256 v) = abi.decode(r, (uint256, uint256));
        if (a == 0 || a >> 160 != 0) return (address(0), 0);
        uint256 cap = price * ROYALTY_CAP_BPS / 10_000;
        return (address(uint160(a)), v > cap ? cap : v);
    }

    receive() external payable {
        revert Bad("no direct ETH");
    }
}' --> COMPILATION FAILURE
WARNING:CryticCompile:Multiple frameworks detected: solc, Solc-json. Using solc (highest priority). Use --compile-force-framework to override.
INFO:Slither-Mutate:[FHR] Line 40: 'contract Party is Initializable, ReentrancyGuardTransient {
    using CreditKeys for CreditKeys.Preset;

    uint256 public constant SLOTS = 80;
    uint256 public constant PASS = 41;
    uint256 public constant PASS_BELOW_FLOOR = 60;
    uint256 public constant PASS_DEADLOCK = 54;
    uint256 public constant DEADLOCK_BLOCKS = 3;
    uint256 public constant DEADLOCK_TIME = 30 days;
    uint256 public constant EXECUTE_WINDOW = 7 days;
    uint256 public constant MAX_BUY_DELAY_HOURS = 72; // a price's wait before buying opens is voted with the price (host default at creation)
    uint256 public constant FILL_GRACE = 2 days; // filling always leaves at least this long to burn
    uint256 public constant FLOOR_MAX_AGE = 1 hours;
    uint256 public constant ROYALTY_CAP_BPS = 1000;
    uint256 public constant MAX_OPEN_PER_PROPOSER = 3;

    enum Status { OPEN, FULL, ASSEMBLED, SOLD, EXPIRED }
    enum PriceMode { Fixed, FloorPct, FloorDelta } // FloorPct value in basis points; FloorDelta in wei
    enum FloorMode { Avg24h, Latest }

    struct PriceSpec { PriceMode mode; int256 value; }
    struct Floor { uint256 floorWei; uint64 issuedAt; bytes sig; }

    struct Params {
        string name;
        string description;
        string filters; // human-readable eligibility rules; the Merkle root below is what is enforced
        bytes32 eligibleRoot; // leaf = keccak256(bytes.concat(keccak256(abi.encode(creditId)))); 0 = any Credit
        uint8 minDeposit; // 1..80
        uint32 durationDays; // 1..60, from creation to the burn deadline
        uint16 voteHours; // default window: 24, 48, 72 or 168
        CreditKeys.Preset arrangement;
        uint256 seed; // for Random
        PriceSpec defaultPrice;
        FloorMode floorMode;
        uint256 minAskWei; // lowest ask any floor-relative price can resolve to (required > 0 if the default is floor-relative)
        uint16 buyDelayHours; // default wait between a price going live and buying opening, 0..72 (the site defaults to 1)
    }

    struct Proposal {
        PriceSpec price; // LIST price, or ignored for CANCEL
        bool cancel; // CANCEL_LISTING
        address proposer;
        uint48 snapshot; // block whose balances are the vote weights
        uint64 endsAt;
        uint16 buyDelayHours; // wait before buying opens once this price goes live (voted with the price)
        uint64 epoch; // price epoch at creation; executing any price decision bumps it
        bool deadlock; // created under the deadlock rule
        bool executed;
        uint128 yes;
        uint128 no;
    }

    IFactory public factory;
    ICredits public credits;
    CreditCards public cards;
    address public host;
    Params internal _params;
    uint64 public createdAt;
    uint64 public deadline;
    uint64 public fullAt;
    uint64 public assembledAt;
    uint64 public lastFloorAt; // floor readings may never go back in time
    bool internal _opened; // the host's opening deposit has been made
    /// @notice Seconds per "hour" for every rule window (buy delay, votes, lapse, deadlock, deadline). 3600 on mainnet;
    ///         a testnet factory may set it lower so a full party can be rehearsed in minutes. Floor-signature age is
    ///         always real time.
    uint256 public timeUnit;

    // deposits
    uint256[] internal _order; // credit ids in deposit order (compacted on redeem)
    mapping(uint256 creditId => uint256) public cardOfCredit; // 0 = not in this party
    mapping(uint256 cardId => uint256) public creditOfCard;

    // assembly and sale
    bool public assembled;
    uint256 public statementId;
    uint256[] internal _burnOrder;
    bool internal _assembling;
    uint256 public ask; // wei; 0 = not listed
    PriceSpec public askSpec;
    uint64 public askLiveAt;
    uint64 public buyableAt; // buying opens at this time
    uint16 internal _pendingBuyDelay;
    PriceSpec public pendingPrice; // price voted while FULL, applied at assembly
    bool public hasPendingPrice;
    bool public sold;
    uint256 public perCard;
    uint256 public cardsOutstanding; // cards not yet redeemed or claimed
    mapping(address => uint256) public owed; // pull payments: fee, royalty, dust

    // governance
    Proposal[] internal _proposals;
    mapping(uint256 id => mapping(address => uint8)) public voteOf; // 0 none, 1 yes, 2 no
    mapping(uint256 id => mapping(address => uint128)) public weightOf;
    uint64 public priceEpoch;
    uint64 public lastPriceExecutedAt;
    uint256 public blockedPriceProposals;
    mapping(uint256 id => bool) public blockedCounted;
    mapping(address => uint256[]) internal _openIds; // each proposer's open proposals (at most MAX_OPEN_PER_PROPOSER)

    event Deposited(address indexed by, uint256 indexed creditId, uint256 indexed cardId);
    event Redeemed(address indexed to, uint256 indexed creditId, uint256 indexed cardId);
    event Assembled(address indexed by, uint256 indexed statementId, uint256[] order);
    event AskSet(uint256 ask, bool fromVote);
    event Proposed(uint256 indexed id, address indexed by, bool cancel, PriceMode mode, int256 value, uint64 endsAt, bool deadlock);
    event Voted(uint256 indexed id, address indexed voter, bool support, uint256 weight);
    event Executed(uint256 indexed id, address indexed by);
    event Sold(address indexed buyer, uint256 price, uint256 royalty, uint256 fee, uint256 perCard);
    event Claimed(address indexed to, uint256 indexed cardId, uint256 amount);
    event HostTransferred(address indexed from, address indexed to);
    event BlockedCounted(uint256 indexed id, uint256 total);
    event PendingPriceSet(uint256 indexed id, PriceMode mode, int256 value);
    event Withdrawn(address indexed to, uint256 amount);

    error Bad(string why);

    constructor() {
        _disableInitializers();
    }

    function initialize(address host_, Params calldata p) external initializer {
        factory = IFactory(msg.sender);
        credits = factory.credits();
        cards = factory.cards();
        timeUnit = factory.timeUnit();
        if (timeUnit == 0 || timeUnit > 1 hours) revert Bad("timeUnit");
        if (host_ == address(0)) revert Bad("host");
        if (p.minDeposit == 0 || p.minDeposit > SLOTS) revert Bad("minDeposit");
        if (p.durationDays == 0 || p.durationDays > 60) revert Bad("duration");
        if (!_windowOk(p.voteHours)) revert Bad("voteHours");
        _checkPrice(p.defaultPrice);
        if (p.defaultPrice.mode != PriceMode.Fixed && p.minAskWei == 0) revert Bad("minAsk");
        if (p.buyDelayHours > MAX_BUY_DELAY_HOURS) revert Bad("buyDelay");
        if (bytes(p.name).length == 0 || bytes(p.name).length > 60) revert Bad("name");
        if (bytes(p.description).length > 1000) revert Bad("description");
        host = host_;
        _params = p;
        createdAt = uint64(block.timestamp);
        deadline = uint64(block.timestamp + _t(uint256(p.durationDays) * 1 days));
    }

    // ------------------------------------------------------------------ views

    function params() external view returns (Params memory) { return _params; }
    function depositOrder() external view returns (uint256[] memory) { return _order; }
    function burnOrder() external view returns (uint256[] memory) { return _burnOrder; }
    function count() public view returns (uint256) { return _order.length; }
    function proposalCount() external view returns (uint256) { return _proposals.length; }
    function proposal(uint256 id) external view returns (Proposal memory) { return _proposals[id]; }

    function status() public view returns (Status) {
        if (sold) return Status.SOLD;
        if (assembled) return Status.ASSEMBLED;
        if (block.timestamp > deadline) return Status.EXPIRED;
        return _order.length == SLOTS ? Status.FULL : Status.OPEN;
    }

    function cardView(uint256 cardId) external view returns (string memory name, uint256 creditId, string memory st) {
        Status s = status();
        st = s == Status.OPEN ? "FILLING" : s == Status.FULL ? "FULL" : s == Status.ASSEMBLED ? "STATEMENT MADE" : s == Status.SOLD ? "SOLD / CLAIMABLE" : "EXPIRED / REDEEMABLE";
        return (_params.name, creditOfCard[cardId], st);
    }

    // ------------------------------------------------------------------ deposits

    /// @notice The host's opening deposit, made by the factory in the same transaction that creates the party.
    ///         The host must have approved this (predicted) party address on Credits beforehand.
    function openDeposit(address from, uint256[] calldata ids, bytes32[][] calldata proofs) external nonReentrant {
        if (msg.sender != address(factory) || _opened || from != host) revert Bad("opening");
        _opened = true;
        _deposit(from, ids, proofs);
    }

    /// @notice Pull `ids` from the caller (needs setApprovalForAll on Credits for this party) and mint one card each.
    function deposit(uint256[] calldata ids, bytes32[][] calldata proofs) external nonReentrant {
        if (!_opened) revert Bad("not opened");
        _deposit(msg.sender, ids, proofs);
    }

    function _deposit(address from, uint256[] calldata ids, bytes32[][] calldata proofs) internal {
        if (status() != Status.OPEN) revert Bad("not open");
        uint256 remaining = SLOTS - _order.length;
        uint256 min = _params.minDeposit < remaining ? _params.minDeposit : remaining;
        if (ids.length < min || ids.length > remaining || ids.length == 0) revert Bad("count");
        if (_params.eligibleRoot != bytes32(0) && proofs.length != ids.length) revert Bad("proofs");
        for (uint256 i; i < ids.length; ++i) {
            uint256 id = ids[i];
            if (cardOfCredit[id] != 0) revert Bad("duplicate");
            if (_params.eligibleRoot != bytes32(0)) {
                bytes32 leaf = keccak256(bytes.concat(keccak256(abi.encode(id))));
                if (!MerkleProof.verifyCalldata(proofs[i], _params.eligibleRoot, leaf)) revert Bad("not eligible");
            }
            credits.transferFrom(from, address(this), id); // reverts unless `from` owns it and approved us
            if (credits.ownerOf(id) != address(this)) revert Bad("not received");
            uint256 card = cards.mint(from);
            cardOfCredit[id] = card;
            creditOfCard[card] = id;
            _order.push(id);
            ++cardsOutstanding;
            emit Deposited(from, id, card);
        }
        if (_order.length == SLOTS) {
            fullAt = uint64(block.timestamp);
            uint256 grace = block.timestamp + _t(FILL_GRACE);
            if (deadline < grace) deadline = uint64(grace);
        }
    }

    /// @notice The card's holder takes its Credit back (card burned). Allowed while OPEN, and after EXPIRED.
    function redeem(uint256[] calldata cardIds) external nonReentrant {
        for (uint256 i; i < cardIds.length; ++i) _redeem(cardIds[i], msg.sender);
    }

    /// @notice After expiry anyone may push a card's Credit to the card's current holder.
    function redeemFor(uint256[] calldata cardIds) external nonReentrant {
        if (status() != Status.EXPIRED) revert Bad("not expired");
        for (uint256 i; i < cardIds.length; ++i) _redeem(cardIds[i], cards.ownerOf(cardIds[i]));
    }

    function _redeem(uint256 cardId, address holder) internal {
        Status s = status();
        if (s != Status.OPEN && s != Status.EXPIRED) revert Bad("locked");
        if (cards.partyOf(cardId) != address(this) || cards.ownerOf(cardId) != holder) revert Bad("not holder");
        uint256 id = creditOfCard[cardId];
        delete creditOfCard[cardId];
        delete cardOfCredit[id];
        _removeFromOrder(id);
        --cardsOutstanding;
        cards.burn(cardId);
        credits.transferFrom(address(this), holder, id); // plain transfer: no receiver callback
        emit Redeemed(holder, id, cardId);
    }

    function _removeFromOrder(uint256 id) internal {
        uint256 n = _order.length;
        for (uint256 i; i < n; ++i) {
            if (_order[i] == id) {
                for (uint256 j = i; j + 1 < n; ++j) _order[j] = _order[j + 1];
                _order.pop();
                return;
            }
        }
        revert Bad("missing");
    }

    // ------------------------------------------------------------------ arrange + burn (one step)

    /// @notice Burn the 80 into one Statement with `order`. Manual: host only, any order of exactly the 80.
    ///         Auto presets: any card holder; `order` must be exactly what the preset produces.
    function assemble(uint256[] calldata order, Floor calldata floor) external nonReentrant {
        if (status() != Status.FULL) revert Bad("not full");
        CreditKeys.Preset p = _params.arrangement;
        if (p == CreditKeys.Preset.Manual) {
            if (msg.sender != host) revert Bad("host only");
        } else if (cards.heldNow(address(this), msg.sender) == 0) {
            revert Bad("card holders only");
        }
        CreditKeys.verifyOrder(p, credits, _order, order, _params.seed);

        // Price that goes live: the one voted while FULL, else the host default. Resolve before external calls.
        PriceSpec memory spec = hasPendingPrice ? pendingPrice : _params.defaultPrice;
        uint256 price = _resolve(spec, floor);

        // Effects
        assembled = true;
        assembledAt = uint64(block.timestamp);
        _burnOrder = order;
        ask = price;
        askSpec = spec;
        askLiveAt = uint64(block.timestamp);
        buyableAt = uint64(block.timestamp + _t(uint256(hasPendingPrice ? _pendingBuyDelay : _params.buyDelayHours) * 1 hours));
        ++priceEpoch; // proposals made before the burn are superseded

        // Interactions: approve the Statement contract for this call only, then verify the outcome.
        IStatement st = factory.statement();
        credits.setApprovalForAll(address(st), true);
        _assembling = true;
        uint256 sid = st.make(order);
        _assembling = false;
        credits.setApprovalForAll(address(st), false);
        if (st.ownerOf(sid) != address(this)) revert Bad("statement not received");
        for (uint256 i; i < SLOTS; ++i) {
            // every Credit must be gone from this contract (burned by the Statement contract)
            try credits.ownerOf(order[i]) returns (address o) { if (o == address(this)) revert Bad("not burned"); } catch {}
        }
        statementId = sid;
        emit Assembled(msg.sender, sid, order);
        emit AskSet(price, hasPendingPrice);
    }

    /// @notice The Statement contract may mint with a safe-transfer callback, but only during assemble().
    function onERC721Received(address, address, uint256, bytes calldata) external view returns (bytes4) {
        if (!_assembling || msg.sender != address(factory.statement())) revert Bad("unexpected token");
        return this.onERC721Received.selector;
    }

    // ------------------------------------------------------------------ price governance

    /// @param buyDelayHours for a price: the wait (0..72 hours) before buying opens once it goes live; ignored for cancels.
    function propose(PriceSpec calldata price, bool cancel, uint16 hours_, uint16 buyDelayHours) external returns (uint256 id) {
        Status s = status();
        if (cancel ? s != Status.ASSEMBLED : (s != Status.FULL && s != Status.ASSEMBLED)) revert Bad("status");
        if (cancel && ask == 0) revert Bad("not listed");
        if (cards.heldNow(address(this), msg.sender) == 0) revert Bad("card holders only");
        _refreshOpen(msg.sender);
        if (_openIds[msg.sender].length >= MAX_OPEN_PER_PROPOSER) revert Bad("open limit");
        if (!cancel) _checkPrice(price);
        if (!cancel && buyDelayHours > MAX_BUY_DELAY_HOURS) revert Bad("buyDelay");
        uint16 h = cancel ? 24 : (hours_ == 0 ? _params.voteHours : hours_); // cancels always run 24h
        if (!_windowOk(h)) revert Bad("window");
        id = _proposals.length;
        bool dl = _deadlocked();
        _proposals.push(Proposal({
            price: price, cancel: cancel, proposer: msg.sender, snapshot: uint48(block.number - 1),
            endsAt: uint64(block.timestamp + _t(uint256(h) * 1 hours)), buyDelayHours: cancel ? 0 : buyDelayHours, epoch: priceEpoch, deadlock: dl,
            executed: false, yes: 0, no: 0
        }));
        _openIds[msg.sender].push(id);
        emit Proposed(id, msg.sender, cancel, price.mode, price.value, _proposals[id].endsAt, dl);
        _vote(id, msg.sender, true);
    }

    function vote(uint256 id, bool support) external {
        _vote(id, msg.sender, support);
    }

    function _vote(uint256 id, address voter, bool support) internal {
        Proposal storage p = _proposals[id];
        if (block.timestamp >= p.endsAt) revert Bad("closed");
        uint128 w = weightOf[id][voter];
        if (w == 0) {
            w = uint128(cards.heldAt(address(this), voter, p.snapshot));
            if (w == 0) revert Bad("no weight at snapshot");
            weightOf[id][voter] = w;
        }
        uint8 prev = voteOf[id][voter];
        if (prev == 1) p.yes -= w; else if (prev == 2) p.no -= w;
        if (support) p.yes += w; else p.no += w;
        voteOf[id][voter] = support ? 1 : 2;
        emit Voted(id, voter, support, w);
    }

    /// @notice YES needed for proposal `id`, given a floor reading for below-floor checks.
    function needFor(uint256 id, uint256 price, uint256 floorWei) public view returns (uint256) {
        Proposal storage p = _proposals[id];
        uint256 need = (!p.cancel && price < floorWei) ? PASS_BELOW_FLOOR : PASS;
        if (p.deadlock && need < PASS_DEADLOCK) need = PASS_DEADLOCK;
        return need;
    }

    function execute(uint256 id, Floor calldata floor) external nonReentrant {
        Proposal storage p = _proposals[id];
        Status s = status();
        if (p.executed) revert Bad("executed");
        if (block.timestamp < p.endsAt) revert Bad("voting open");
        if (block.timestamp > uint256(p.endsAt) + _t(EXECUTE_WINDOW)) revert Bad("lapsed");
        if (p.epoch != priceEpoch) revert Bad("superseded");
        if (cards.heldNow(address(this), msg.sender) == 0) revert Bad("card holders only");
        if (p.cancel ? s != Status.ASSEMBLED : (s != Status.FULL && s != Status.ASSEMBLED)) revert Bad("status");

        uint256 price;
        uint256 floorWei;
        if (!p.cancel) {
            if (p.price.mode == PriceMode.Fixed && floor.sig.length == 0) {
                // No floor reading: a fixed price can still execute, but is treated as below the floor (60 YES).
                price = uint256(p.price.value);
                floorWei = type(uint256).max;
            } else {
                floorWei = _floor(floor);
                price = p.price.mode == PriceMode.Fixed ? uint256(p.price.value) : _clampMin(_resolveWith(p.price, floorWei));
            }
        }
        uint256 need = needFor(id, price, floorWei);
        if (p.yes < need || (p.no > 0 && !p.deadlock)) revert Bad("did not pass");

        p.executed = true;
        ++priceEpoch;
        lastPriceExecutedAt = uint64(block.timestamp);
        blockedPriceProposals = 0; // deadlock mode ends once any price decision executes
        if (p.cancel) {
            ask = 0;
            askLiveAt = 0;
        } else if (s == Status.FULL) {
            pendingPrice = p.price;
            _pendingBuyDelay = p.buyDelayHours;
            hasPendingPrice = true;
            emit PendingPriceSet(id, p.price.mode, p.price.value);
        } else {
            ask = price;
            askSpec = p.price;
            askLiveAt = uint64(block.timestamp);
            buyableAt = uint64(block.timestamp + _t(uint256(p.buyDelayHours) * 1 hours));
            emit AskSet(price, true);
        }
        emit Executed(id, msg.sender);
    }

    /// @notice Records a closed price proposal that was blocked by NO, toward the deadlock rule. Anyone may call.
    function countBlocked(uint256 id) external {
        Proposal storage p = _proposals[id];
        // Counts only a current-epoch price proposal that had enough YES to pass and was stopped by NO alone,
        // so a small holder voting NO on their own proposals cannot push the party into deadlock mode.
        if (blockedCounted[id] || p.cancel || p.executed || block.timestamp < p.endsAt || p.no == 0 || p.deadlock || p.yes < PASS || p.epoch != priceEpoch) revert Bad("not blocked");
        blockedCounted[id] = true;
        ++blockedPriceProposals;
        emit BlockedCounted(id, blockedPriceProposals);
    }

    function _deadlocked() internal view returns (bool) {
        if (blockedPriceProposals >= DEADLOCK_BLOCKS) return true;
        uint256 since = lastPriceExecutedAt != 0 ? lastPriceExecutedAt : (assembledAt != 0 ? assembledAt : (fullAt != 0 ? fullAt : type(uint64).max));
        return since != type(uint64).max && block.timestamp > since + _t(DEADLOCK_TIME);
    }

    function _refreshOpen(address who) internal {
        // drop the proposer's proposals that have closed (the list never exceeds MAX_OPEN_PER_PROPOSER)
        uint256[] storage ids = _openIds[who];
        for (uint256 k = ids.length; k > 0; --k) {
            if (block.timestamp >= _proposals[ids[k - 1]].endsAt) { ids[k - 1] = ids[ids.length - 1]; ids.pop(); }
        }
    }

    function openProposalsOf(address who) external view returns (uint256[] memory) { return _openIds[who]; }

    /// @notice A floor-relative ask may only rise, with a fresh signed floor reading. Anyone may call.
    function raiseAsk(Floor calldata floor) external {
        if (status() != Status.ASSEMBLED || ask == 0 || askSpec.mode == PriceMode.Fixed) revert Bad("fixed");
        uint256 next = _resolve(askSpec, floor);
        if (next <= ask) revert Bad("not higher");
        ask = next;
        emit AskSet(next, false);
    }

    // ------------------------------------------------------------------ sale + claims

    /// @notice Buy the Statement at the current ask. `maxPrice` protects against an ask change in the same block.
    function buy(uint256 maxPrice) external payable nonReentrant {
        if (status() != Status.ASSEMBLED || ask == 0) revert Bad("not for sale");
        if (block.timestamp < buyableAt) revert Bad("not open yet");
        uint256 price = ask;
        if (price > maxPrice || msg.value < price) revert Bad("price");

        (address royaltyTo, uint256 royalty) = _royalty(price);
        uint256 fee = price * factory.FEE_BPS() / 10_000;
        uint256 pot = price - royalty - fee;
        uint256 share = pot / SLOTS;
        uint256 dust = pot - share * SLOTS;

        sold = true;
        perCard = share;
        ask = 0;
        if (royalty > 0) owed[royaltyTo] += royalty;
        owed[factory.feeRecipient()] += fee + dust;

        factory.statement().transferFrom(address(this), msg.sender, statementId);
        if (msg.value > price) {
            (bool ok,) = msg.sender.call{value: msg.value - price}("");
            if (!ok) revert Bad("refund");
        }
        emit Sold(msg.sender, price, royalty, fee, share);
    }

    /// @notice The holder of each card claims 1/80 of the net sale; the card is burned.
    function claim(uint256[] calldata cardIds) external nonReentrant {
        if (!sold) revert Bad("not sold");
        uint256 total;
        for (uint256 i; i < cardIds.length; ++i) {
            uint256 c = cardIds[i];
            if (cards.partyOf(c) != address(this) || cards.ownerOf(c) != msg.sender) revert Bad("not holder");
            delete creditOfCard[c];
            --cardsOutstanding;
            cards.burn(c);
            total += perCard;
            emit Claimed(msg.sender, c, perCard);
        }
        (bool ok,) = msg.sender.call{value: total}("");
        if (!ok) revert Bad("send");
    }

    /// @notice Anyone may push the shares of `cardIds` to their current holders (e.g. for holders who never return).
    ///         A holder that cannot receive ETH is credited in `owed` instead.
    function claimFor(uint256[] calldata cardIds) external nonReentrant {
        if (!sold) revert Bad("not sold");
        for (uint256 i; i < cardIds.length; ++i) {
            uint256 c = cardIds[i];
            if (cards.partyOf(c) != address(this)) revert Bad("not this party");
            address holder = cards.ownerOf(c);
            delete creditOfCard[c];
            --cardsOutstanding;
            cards.burn(c);
            emit Claimed(holder, c, perCard);
            (bool ok,) = holder.call{value: perCard, gas: 50_000}("");
            if (!ok) owed[holder] += perCard;
        }
    }

    /// @notice Pull payment for the fee recipient, royalty receiver, rounding dust, and holders that could not receive ETH.
    function withdraw() external nonReentrant {
        uint256 amt = owed[msg.sender];
        if (amt == 0) revert Bad("nothing");
        owed[msg.sender] = 0;
        (bool ok,) = msg.sender.call{value: amt}("");
        if (!ok) revert Bad("send");
        emit Withdrawn(msg.sender, amt);
    }

    function transferHost(address to) external {
        if (msg.sender != host || to == address(0)) revert Bad("host");
        emit HostTransferred(host, to);
        host = to;
    }

    // ------------------------------------------------------------------ prices and floor

    function _checkPrice(PriceSpec memory p) internal pure {
        if (p.mode == PriceMode.Fixed && (p.value <= 0 || p.value > 1e24)) revert Bad("price");
        if (p.mode == PriceMode.FloorPct && (p.value <= -10_000 || p.value > 1_000_000)) revert Bad("price");
        if (p.mode == PriceMode.FloorDelta && (p.value < -1e24 || p.value > 1e24)) revert Bad("price");
    }

    function _floor(Floor calldata f) internal returns (uint256) {
        if (f.issuedAt > block.timestamp || block.timestamp - f.issuedAt > FLOOR_MAX_AGE) revert Bad("stale floor");
        if (f.issuedAt < lastFloorAt) revert Bad("older floor");
        lastFloorAt = f.issuedAt;
        if (!factory.isValidFloor(f.floorWei, uint8(_params.floorMode), f.issuedAt, f.sig)) revert Bad("floor sig");
        if (f.floorWei == 0) revert Bad("floor");
        return f.floorWei;
    }

    function _resolve(PriceSpec memory p, Floor calldata f) internal returns (uint256) {
        if (p.mode == PriceMode.Fixed) return uint256(p.value);
        return _clampMin(_resolveWith(p, _floor(f)));
    }

    function _resolveWith(PriceSpec memory p, uint256 floorWei) internal pure returns (uint256 v) {
        if (p.mode == PriceMode.Fixed) return uint256(p.value);
        int256 f = int256(floorWei);
        int256 r = p.mode == PriceMode.FloorPct ? f * (10_000 + p.value) / 10_000 : f + p.value;
        if (r <= 0) revert Bad("price <= 0");
        return uint256(r);
    }

    /// @dev Floor-relative prices never resolve below the host's minimum ask (limits a bad or compromised floor reading).
    function _clampMin(uint256 v) internal view returns (uint256) {
        return v < _params.minAskWei ? _params.minAskWei : v;
    }

    /// @dev Scales a rule duration expressed in real seconds by the factory's time unit (identity when timeUnit = 1 hour).
    function _t(uint256 secs) internal view returns (uint256) {
        return secs * timeUnit / 1 hours;
    }

    function _windowOk(uint16 h) internal pure returns (bool) {
        return h == 24 || h == 48 || h == 72 || h == 168;
    }

    /// @dev Raw staticcall: a reverting, gas-hungry or malformed royaltyInfo never blocks a sale.
    function _royalty(uint256 price) internal view returns (address to, uint256 amt) {
        (bool ok, bytes memory r) = address(factory.statement()).staticcall{gas: 50_000}(abi.encodeWithSignature("royaltyInfo(uint256,uint256)", statementId, price));
        if (!ok || r.length < 64) return (address(0), 0);
        (uint256 a, uint256 v) = abi.decode(r, (uint256, uint256));
        if (a == 0 || a >> 160 != 0) return (address(0), 0);
        uint256 cap = price * ROYALTY_CAP_BPS / 10_000;
        return (address(uint160(a)), v > cap ? cap : v);
    }

    receive() external payable {
        revert Bad("no direct ETH");
    }
}' ==> 'contract Party is Initializable, ReentrancyGuardTransient {
    using CreditKeys for CreditKeys.Preset;

    uint256 private constant SLOTS = 80;
    uint256 private constant PASS = 41;
    uint256 private constant PASS_BELOW_FLOOR = 60;
    uint256 private constant PASS_DEADLOCK = 54;
    uint256 private constant DEADLOCK_BLOCKS = 3;
    uint256 private constant DEADLOCK_TIME = 30 days;
    uint256 private constant EXECUTE_WINDOW = 7 days;
    uint256 private constant MAX_BUY_DELAY_HOURS = 72; // a price's wait before buying opens is voted with the price (host default at creation)
    uint256 private constant FILL_GRACE = 2 days; // filling always leaves at least this long to burn
    uint256 private constant FLOOR_MAX_AGE = 1 hours;
    uint256 private constant ROYALTY_CAP_BPS = 1000;
    uint256 private constant MAX_OPEN_PER_PROPOSER = 3;

    enum Status { OPEN, FULL, ASSEMBLED, SOLD, EXPIRED }
    enum PriceMode { Fixed, FloorPct, FloorDelta } // FloorPct value in basis points; FloorDelta in wei
    enum FloorMode { Avg24h, Latest }

    struct PriceSpec { PriceMode mode; int256 value; }
    struct Floor { uint256 floorWei; uint64 issuedAt; bytes sig; }

    struct Params {
        string name;
        string description;
        string filters; // human-readable eligibility rules; the Merkle root below is what is enforced
        bytes32 eligibleRoot; // leaf = keccak256(bytes.concat(keccak256(abi.encode(creditId)))); 0 = any Credit
        uint8 minDeposit; // 1..80
        uint32 durationDays; // 1..60, from creation to the burn deadline
        uint16 voteHours; // default window: 24, 48, 72 or 168
        CreditKeys.Preset arrangement;
        uint256 seed; // for Random
        PriceSpec defaultPrice;
        FloorMode floorMode;
        uint256 minAskWei; // lowest ask any floor-relative price can resolve to (required > 0 if the default is floor-relative)
        uint16 buyDelayHours; // default wait between a price going live and buying opening, 0..72 (the site defaults to 1)
    }

    struct Proposal {
        PriceSpec price; // LIST price, or ignored for CANCEL
        bool cancel; // CANCEL_LISTING
        address proposer;
        uint48 snapshot; // block whose balances are the vote weights
        uint64 endsAt;
        uint16 buyDelayHours; // wait before buying opens once this price goes live (voted with the price)
        uint64 epoch; // price epoch at creation; executing any price decision bumps it
        bool deadlock; // created under the deadlock rule
        bool executed;
        uint128 yes;
        uint128 no;
    }

    IFactory private factory;
    ICredits private credits;
    CreditCards private cards;
    address private host;
    Params private _params;
    uint64 private createdAt;
    uint64 private deadline;
    uint64 private fullAt;
    uint64 private assembledAt;
    uint64 private lastFloorAt; // floor readings may never go back in time
    bool private _opened; // the host's opening deposit has been made
    /// @notice Seconds per "hour" for every rule window (buy delay, votes, lapse, deadlock, deadline). 3600 on mainnet;
    ///         a testnet factory may set it lower so a full party can be rehearsed in minutes. Floor-signature age is
    ///         always real time.
    uint256 private timeUnit;

    // deposits
    uint256[] private _order; // credit ids in deposit order (compacted on redeem)
    mapping(uint256 creditId => uint256) private cardOfCredit; // 0 = not in this party
    mapping(uint256 cardId => uint256) private creditOfCard;

    // assembly and sale
    bool private assembled;
    uint256 private statementId;
    uint256[] private _burnOrder;
    bool private _assembling;
    uint256 private ask; // wei; 0 = not listed
    PriceSpec private askSpec;
    uint64 private askLiveAt;
    uint64 private buyableAt; // buying opens at this time
    uint16 private _pendingBuyDelay;
    PriceSpec private pendingPrice; // price voted while FULL, applied at assembly
    bool private hasPendingPrice;
    bool private sold;
    uint256 private perCard;
    uint256 private cardsOutstanding; // cards not yet redeemed or claimed
    mapping(address => uint256) private owed; // pull payments: fee, royalty, dust

    // governance
    Proposal[] private _proposals;
    mapping(uint256 id => mapping(address => uint8)) private voteOf; // 0 none, 1 yes, 2 no
    mapping(uint256 id => mapping(address => uint128)) private weightOf;
    uint64 private priceEpoch;
    uint64 private lastPriceExecutedAt;
    uint256 private blockedPriceProposals;
    mapping(uint256 id => bool) private blockedCounted;
    mapping(address => uint256[]) private _openIds; // each proposer's open proposals (at most MAX_OPEN_PER_PROPOSER)

    event Deposited(address indexed by, uint256 indexed creditId, uint256 indexed cardId);
    event Redeemed(address indexed to, uint256 indexed creditId, uint256 indexed cardId);
    event Assembled(address indexed by, uint256 indexed statementId, uint256[] order);
    event AskSet(uint256 ask, bool fromVote);
    event Proposed(uint256 indexed id, address indexed by, bool cancel, PriceMode mode, int256 value, uint64 endsAt, bool deadlock);
    event Voted(uint256 indexed id, address indexed voter, bool support, uint256 weight);
    event Executed(uint256 indexed id, address indexed by);
    event Sold(address indexed buyer, uint256 price, uint256 royalty, uint256 fee, uint256 perCard);
    event Claimed(address indexed to, uint256 indexed cardId, uint256 amount);
    event HostTransferred(address indexed from, address indexed to);
    event BlockedCounted(uint256 indexed id, uint256 total);
    event PendingPriceSet(uint256 indexed id, PriceMode mode, int256 value);
    event Withdrawn(address indexed to, uint256 amount);

    error Bad(string why);

    constructor() {
        _disableInitializers();
    }

    function initialize(address host_, Params calldata p) private initializer {
        factory = IFactory(msg.sender);
        credits = factory.credits();
        cards = factory.cards();
        timeUnit = factory.timeUnit();
        if (timeUnit == 0 || timeUnit > 1 hours) revert Bad("timeUnit");
        if (host_ == address(0)) revert Bad("host");
        if (p.minDeposit == 0 || p.minDeposit > SLOTS) revert Bad("minDeposit");
        if (p.durationDays == 0 || p.durationDays > 60) revert Bad("duration");
        if (!_windowOk(p.voteHours)) revert Bad("voteHours");
        _checkPrice(p.defaultPrice);
        if (p.defaultPrice.mode != PriceMode.Fixed && p.minAskWei == 0) revert Bad("minAsk");
        if (p.buyDelayHours > MAX_BUY_DELAY_HOURS) revert Bad("buyDelay");
        if (bytes(p.name).length == 0 || bytes(p.name).length > 60) revert Bad("name");
        if (bytes(p.description).length > 1000) revert Bad("description");
        host = host_;
        _params = p;
        createdAt = uint64(block.timestamp);
        deadline = uint64(block.timestamp + _t(uint256(p.durationDays) * 1 days));
    }

    // ------------------------------------------------------------------ views

    function params() private view returns (Params memory) { return _params; }
    function depositOrder() private view returns (uint256[] memory) { return _order; }
    function burnOrder() private view returns (uint256[] memory) { return _burnOrder; }
    function count() private view returns (uint256) { return _order.length; }
    function proposalCount() private view returns (uint256) { return _proposals.length; }
    function proposal(uint256 id) private view returns (Proposal memory) { return _proposals[id]; }

    function status() private view returns (Status) {
        if (sold) return Status.SOLD;
        if (assembled) return Status.ASSEMBLED;
        if (block.timestamp > deadline) return Status.EXPIRED;
        return _order.length == SLOTS ? Status.FULL : Status.OPEN;
    }

    function cardView(uint256 cardId) private view returns (string memory name, uint256 creditId, string memory st) {
        Status s = status();
        st = s == Status.OPEN ? "FILLING" : s == Status.FULL ? "FULL" : s == Status.ASSEMBLED ? "STATEMENT MADE" : s == Status.SOLD ? "SOLD / CLAIMABLE" : "EXPIRED / REDEEMABLE";
        return (_params.name, creditOfCard[cardId], st);
    }

    // ------------------------------------------------------------------ deposits

    /// @notice The host's opening deposit, made by the factory in the same transaction that creates the party.
    ///         The host must have approved this (predicted) party address on Credits beforehand.
    function openDeposit(address from, uint256[] calldata ids, bytes32[][] calldata proofs) private nonReentrant {
        if (msg.sender != address(factory) || _opened || from != host) revert Bad("opening");
        _opened = true;
        _deposit(from, ids, proofs);
    }

    /// @notice Pull `ids` from the caller (needs setApprovalForAll on Credits for this party) and mint one card each.
    function deposit(uint256[] calldata ids, bytes32[][] calldata proofs) private nonReentrant {
        if (!_opened) revert Bad("not opened");
        _deposit(msg.sender, ids, proofs);
    }

    function _deposit(address from, uint256[] calldata ids, bytes32[][] calldata proofs) private {
        if (status() != Status.OPEN) revert Bad("not open");
        uint256 remaining = SLOTS - _order.length;
        uint256 min = _params.minDeposit < remaining ? _params.minDeposit : remaining;
        if (ids.length < min || ids.length > remaining || ids.length == 0) revert Bad("count");
        if (_params.eligibleRoot != bytes32(0) && proofs.length != ids.length) revert Bad("proofs");
        for (uint256 i; i < ids.length; ++i) {
            uint256 id = ids[i];
            if (cardOfCredit[id] != 0) revert Bad("duplicate");
            if (_params.eligibleRoot != bytes32(0)) {
                bytes32 leaf = keccak256(bytes.concat(keccak256(abi.encode(id))));
                if (!MerkleProof.verifyCalldata(proofs[i], _params.eligibleRoot, leaf)) revert Bad("not eligible");
            }
            credits.transferFrom(from, address(this), id); // reverts unless `from` owns it and approved us
            if (credits.ownerOf(id) != address(this)) revert Bad("not received");
            uint256 card = cards.mint(from);
            cardOfCredit[id] = card;
            creditOfCard[card] = id;
            _order.push(id);
            ++cardsOutstanding;
            emit Deposited(from, id, card);
        }
        if (_order.length == SLOTS) {
            fullAt = uint64(block.timestamp);
            uint256 grace = block.timestamp + _t(FILL_GRACE);
            if (deadline < grace) deadline = uint64(grace);
        }
    }

    /// @notice The card's holder takes its Credit back (card burned). Allowed while OPEN, and after EXPIRED.
    function redeem(uint256[] calldata cardIds) private nonReentrant {
        for (uint256 i; i < cardIds.length; ++i) _redeem(cardIds[i], msg.sender);
    }

    /// @notice After expiry anyone may push a card's Credit to the card's current holder.
    function redeemFor(uint256[] calldata cardIds) private nonReentrant {
        if (status() != Status.EXPIRED) revert Bad("not expired");
        for (uint256 i; i < cardIds.length; ++i) _redeem(cardIds[i], cards.ownerOf(cardIds[i]));
    }

    function _redeem(uint256 cardId, address holder) private {
        Status s = status();
        if (s != Status.OPEN && s != Status.EXPIRED) revert Bad("locked");
        if (cards.partyOf(cardId) != address(this) || cards.ownerOf(cardId) != holder) revert Bad("not holder");
        uint256 id = creditOfCard[cardId];
        delete creditOfCard[cardId];
        delete cardOfCredit[id];
        _removeFromOrder(id);
        --cardsOutstanding;
        cards.burn(cardId);
        credits.transferFrom(address(this), holder, id); // plain transfer: no receiver callback
        emit Redeemed(holder, id, cardId);
    }

    function _removeFromOrder(uint256 id) private {
        uint256 n = _order.length;
        for (uint256 i; i < n; ++i) {
            if (_order[i] == id) {
                for (uint256 j = i; j + 1 < n; ++j) _order[j] = _order[j + 1];
                _order.pop();
                return;
            }
        }
        revert Bad("missing");
    }

    // ------------------------------------------------------------------ arrange + burn (one step)

    /// @notice Burn the 80 into one Statement with `order`. Manual: host only, any order of exactly the 80.
    ///         Auto presets: any card holder; `order` must be exactly what the preset produces.
    function assemble(uint256[] calldata order, Floor calldata floor) private nonReentrant {
        if (status() != Status.FULL) revert Bad("not full");
        CreditKeys.Preset p = _params.arrangement;
        if (p == CreditKeys.Preset.Manual) {
            if (msg.sender != host) revert Bad("host only");
        } else if (cards.heldNow(address(this), msg.sender) == 0) {
            revert Bad("card holders only");
        }
        CreditKeys.verifyOrder(p, credits, _order, order, _params.seed);

        // Price that goes live: the one voted while FULL, else the host default. Resolve before private calls.
        PriceSpec memory spec = hasPendingPrice ? pendingPrice : _params.defaultPrice;
        uint256 price = _resolve(spec, floor);

        // Effects
        assembled = true;
        assembledAt = uint64(block.timestamp);
        _burnOrder = order;
        ask = price;
        askSpec = spec;
        askLiveAt = uint64(block.timestamp);
        buyableAt = uint64(block.timestamp + _t(uint256(hasPendingPrice ? _pendingBuyDelay : _params.buyDelayHours) * 1 hours));
        ++priceEpoch; // proposals made before the burn are superseded

        // Interactions: approve the Statement contract for this call only, then verify the outcome.
        IStatement st = factory.statement();
        credits.setApprovalForAll(address(st), true);
        _assembling = true;
        uint256 sid = st.make(order);
        _assembling = false;
        credits.setApprovalForAll(address(st), false);
        if (st.ownerOf(sid) != address(this)) revert Bad("statement not received");
        for (uint256 i; i < SLOTS; ++i) {
            // every Credit must be gone from this contract (burned by the Statement contract)
            try credits.ownerOf(order[i]) returns (address o) { if (o == address(this)) revert Bad("not burned"); } catch {}
        }
        statementId = sid;
        emit Assembled(msg.sender, sid, order);
        emit AskSet(price, hasPendingPrice);
    }

    /// @notice The Statement contract may mint with a safe-transfer callback, but only during assemble().
    function onERC721Received(address, address, uint256, bytes calldata) private view returns (bytes4) {
        if (!_assembling || msg.sender != address(factory.statement())) revert Bad("unexpected token");
        return this.onERC721Received.selector;
    }

    // ------------------------------------------------------------------ price governance

    /// @param buyDelayHours for a price: the wait (0..72 hours) before buying opens once it goes live; ignored for cancels.
    function propose(PriceSpec calldata price, bool cancel, uint16 hours_, uint16 buyDelayHours) private returns (uint256 id) {
        Status s = status();
        if (cancel ? s != Status.ASSEMBLED : (s != Status.FULL && s != Status.ASSEMBLED)) revert Bad("status");
        if (cancel && ask == 0) revert Bad("not listed");
        if (cards.heldNow(address(this), msg.sender) == 0) revert Bad("card holders only");
        _refreshOpen(msg.sender);
        if (_openIds[msg.sender].length >= MAX_OPEN_PER_PROPOSER) revert Bad("open limit");
        if (!cancel) _checkPrice(price);
        if (!cancel && buyDelayHours > MAX_BUY_DELAY_HOURS) revert Bad("buyDelay");
        uint16 h = cancel ? 24 : (hours_ == 0 ? _params.voteHours : hours_); // cancels always run 24h
        if (!_windowOk(h)) revert Bad("window");
        id = _proposals.length;
        bool dl = _deadlocked();
        _proposals.push(Proposal({
            price: price, cancel: cancel, proposer: msg.sender, snapshot: uint48(block.number - 1),
            endsAt: uint64(block.timestamp + _t(uint256(h) * 1 hours)), buyDelayHours: cancel ? 0 : buyDelayHours, epoch: priceEpoch, deadlock: dl,
            executed: false, yes: 0, no: 0
        }));
        _openIds[msg.sender].push(id);
        emit Proposed(id, msg.sender, cancel, price.mode, price.value, _proposals[id].endsAt, dl);
        _vote(id, msg.sender, true);
    }

    function vote(uint256 id, bool support) private {
        _vote(id, msg.sender, support);
    }

    function _vote(uint256 id, address voter, bool support) private {
        Proposal storage p = _proposals[id];
        if (block.timestamp >= p.endsAt) revert Bad("closed");
        uint128 w = weightOf[id][voter];
        if (w == 0) {
            w = uint128(cards.heldAt(address(this), voter, p.snapshot));
            if (w == 0) revert Bad("no weight at snapshot");
            weightOf[id][voter] = w;
        }
        uint8 prev = voteOf[id][voter];
        if (prev == 1) p.yes -= w; else if (prev == 2) p.no -= w;
        if (support) p.yes += w; else p.no += w;
        voteOf[id][voter] = support ? 1 : 2;
        emit Voted(id, voter, support, w);
    }

    /// @notice YES needed for proposal `id`, given a floor reading for below-floor checks.
    function needFor(uint256 id, uint256 price, uint256 floorWei) private view returns (uint256) {
        Proposal storage p = _proposals[id];
        uint256 need = (!p.cancel && price < floorWei) ? PASS_BELOW_FLOOR : PASS;
        if (p.deadlock && need < PASS_DEADLOCK) need = PASS_DEADLOCK;
        return need;
    }

    function execute(uint256 id, Floor calldata floor) private nonReentrant {
        Proposal storage p = _proposals[id];
        Status s = status();
        if (p.executed) revert Bad("executed");
        if (block.timestamp < p.endsAt) revert Bad("voting open");
        if (block.timestamp > uint256(p.endsAt) + _t(EXECUTE_WINDOW)) revert Bad("lapsed");
        if (p.epoch != priceEpoch) revert Bad("superseded");
        if (cards.heldNow(address(this), msg.sender) == 0) revert Bad("card holders only");
        if (p.cancel ? s != Status.ASSEMBLED : (s != Status.FULL && s != Status.ASSEMBLED)) revert Bad("status");

        uint256 price;
        uint256 floorWei;
        if (!p.cancel) {
            if (p.price.mode == PriceMode.Fixed && floor.sig.length == 0) {
                // No floor reading: a fixed price can still execute, but is treated as below the floor (60 YES).
                price = uint256(p.price.value);
                floorWei = type(uint256).max;
            } else {
                floorWei = _floor(floor);
                price = p.price.mode == PriceMode.Fixed ? uint256(p.price.value) : _clampMin(_resolveWith(p.price, floorWei));
            }
        }
        uint256 need = needFor(id, price, floorWei);
        if (p.yes < need || (p.no > 0 && !p.deadlock)) revert Bad("did not pass");

        p.executed = true;
        ++priceEpoch;
        lastPriceExecutedAt = uint64(block.timestamp);
        blockedPriceProposals = 0; // deadlock mode ends once any price decision executes
        if (p.cancel) {
            ask = 0;
            askLiveAt = 0;
        } else if (s == Status.FULL) {
            pendingPrice = p.price;
            _pendingBuyDelay = p.buyDelayHours;
            hasPendingPrice = true;
            emit PendingPriceSet(id, p.price.mode, p.price.value);
        } else {
            ask = price;
            askSpec = p.price;
            askLiveAt = uint64(block.timestamp);
            buyableAt = uint64(block.timestamp + _t(uint256(p.buyDelayHours) * 1 hours));
            emit AskSet(price, true);
        }
        emit Executed(id, msg.sender);
    }

    /// @notice Records a closed price proposal that was blocked by NO, toward the deadlock rule. Anyone may call.
    function countBlocked(uint256 id) private {
        Proposal storage p = _proposals[id];
        // Counts only a current-epoch price proposal that had enough YES to pass and was stopped by NO alone,
        // so a small holder voting NO on their own proposals cannot push the party into deadlock mode.
        if (blockedCounted[id] || p.cancel || p.executed || block.timestamp < p.endsAt || p.no == 0 || p.deadlock || p.yes < PASS || p.epoch != priceEpoch) revert Bad("not blocked");
        blockedCounted[id] = true;
        ++blockedPriceProposals;
        emit BlockedCounted(id, blockedPriceProposals);
    }

    function _deadlocked() private view returns (bool) {
        if (blockedPriceProposals >= DEADLOCK_BLOCKS) return true;
        uint256 since = lastPriceExecutedAt != 0 ? lastPriceExecutedAt : (assembledAt != 0 ? assembledAt : (fullAt != 0 ? fullAt : type(uint64).max));
        return since != type(uint64).max && block.timestamp > since + _t(DEADLOCK_TIME);
    }

    function _refreshOpen(address who) private {
        // drop the proposer's proposals that have closed (the list never exceeds MAX_OPEN_PER_PROPOSER)
        uint256[] storage ids = _openIds[who];
        for (uint256 k = ids.length; k > 0; --k) {
            if (block.timestamp >= _proposals[ids[k - 1]].endsAt) { ids[k - 1] = ids[ids.length - 1]; ids.pop(); }
        }
    }

    function openProposalsOf(address who) private view returns (uint256[] memory) { return _openIds[who]; }

    /// @notice A floor-relative ask may only rise, with a fresh signed floor reading. Anyone may call.
    function raiseAsk(Floor calldata floor) private {
        if (status() != Status.ASSEMBLED || ask == 0 || askSpec.mode == PriceMode.Fixed) revert Bad("fixed");
        uint256 next = _resolve(askSpec, floor);
        if (next <= ask) revert Bad("not higher");
        ask = next;
        emit AskSet(next, false);
    }

    // ------------------------------------------------------------------ sale + claims

    /// @notice Buy the Statement at the current ask. `maxPrice` protects against an ask change in the same block.
    function buy(uint256 maxPrice) private payable nonReentrant {
        if (status() != Status.ASSEMBLED || ask == 0) revert Bad("not for sale");
        if (block.timestamp < buyableAt) revert Bad("not open yet");
        uint256 price = ask;
        if (price > maxPrice || msg.value < price) revert Bad("price");

        (address royaltyTo, uint256 royalty) = _royalty(price);
        uint256 fee = price * factory.FEE_BPS() / 10_000;
        uint256 pot = price - royalty - fee;
        uint256 share = pot / SLOTS;
        uint256 dust = pot - share * SLOTS;

        sold = true;
        perCard = share;
        ask = 0;
        if (royalty > 0) owed[royaltyTo] += royalty;
        owed[factory.feeRecipient()] += fee + dust;

        factory.statement().transferFrom(address(this), msg.sender, statementId);
        if (msg.value > price) {
            (bool ok,) = msg.sender.call{value: msg.value - price}("");
            if (!ok) revert Bad("refund");
        }
        emit Sold(msg.sender, price, royalty, fee, share);
    }

    /// @notice The holder of each card claims 1/80 of the net sale; the card is burned.
    function claim(uint256[] calldata cardIds) private nonReentrant {
        if (!sold) revert Bad("not sold");
        uint256 total;
        for (uint256 i; i < cardIds.length; ++i) {
            uint256 c = cardIds[i];
            if (cards.partyOf(c) != address(this) || cards.ownerOf(c) != msg.sender) revert Bad("not holder");
            delete creditOfCard[c];
            --cardsOutstanding;
            cards.burn(c);
            total += perCard;
            emit Claimed(msg.sender, c, perCard);
        }
        (bool ok,) = msg.sender.call{value: total}("");
        if (!ok) revert Bad("send");
    }

    /// @notice Anyone may push the shares of `cardIds` to their current holders (e.g. for holders who never return).
    ///         A holder that cannot receive ETH is credited in `owed` instead.
    function claimFor(uint256[] calldata cardIds) private nonReentrant {
        if (!sold) revert Bad("not sold");
        for (uint256 i; i < cardIds.length; ++i) {
            uint256 c = cardIds[i];
            if (cards.partyOf(c) != address(this)) revert Bad("not this party");
            address holder = cards.ownerOf(c);
            delete creditOfCard[c];
            --cardsOutstanding;
            cards.burn(c);
            emit Claimed(holder, c, perCard);
            (bool ok,) = holder.call{value: perCard, gas: 50_000}("");
            if (!ok) owed[holder] += perCard;
        }
    }

    /// @notice Pull payment for the fee recipient, royalty receiver, rounding dust, and holders that could not receive ETH.
    function withdraw() private nonReentrant {
        uint256 amt = owed[msg.sender];
        if (amt == 0) revert Bad("nothing");
        owed[msg.sender] = 0;
        (bool ok,) = msg.sender.call{value: amt}("");
        if (!ok) revert Bad("send");
        emit Withdrawn(msg.sender, amt);
    }

    function transferHost(address to) private {
        if (msg.sender != host || to == address(0)) revert Bad("host");
        emit HostTransferred(host, to);
        host = to;
    }

    // ------------------------------------------------------------------ prices and floor

    function _checkPrice(PriceSpec memory p) private pure {
        if (p.mode == PriceMode.Fixed && (p.value <= 0 || p.value > 1e24)) revert Bad("price");
        if (p.mode == PriceMode.FloorPct && (p.value <= -10_000 || p.value > 1_000_000)) revert Bad("price");
        if (p.mode == PriceMode.FloorDelta && (p.value < -1e24 || p.value > 1e24)) revert Bad("price");
    }

    function _floor(Floor calldata f) private returns (uint256) {
        if (f.issuedAt > block.timestamp || block.timestamp - f.issuedAt > FLOOR_MAX_AGE) revert Bad("stale floor");
        if (f.issuedAt < lastFloorAt) revert Bad("older floor");
        lastFloorAt = f.issuedAt;
        if (!factory.isValidFloor(f.floorWei, uint8(_params.floorMode), f.issuedAt, f.sig)) revert Bad("floor sig");
        if (f.floorWei == 0) revert Bad("floor");
        return f.floorWei;
    }

    function _resolve(PriceSpec memory p, Floor calldata f) private returns (uint256) {
        if (p.mode == PriceMode.Fixed) return uint256(p.value);
        return _clampMin(_resolveWith(p, _floor(f)));
    }

    function _resolveWith(PriceSpec memory p, uint256 floorWei) private pure returns (uint256 v) {
        if (p.mode == PriceMode.Fixed) return uint256(p.value);
        int256 f = int256(floorWei);
        int256 r = p.mode == PriceMode.FloorPct ? f * (10_000 + p.value) / 10_000 : f + p.value;
        if (r <= 0) revert Bad("price <= 0");
        return uint256(r);
    }

    /// @dev Floor-relative prices never resolve below the host's minimum ask (limits a bad or compromised floor reading).
    function _clampMin(uint256 v) private view returns (uint256) {
        return v < _params.minAskWei ? _params.minAskWei : v;
    }

    /// @dev Scales a rule duration expressed in real seconds by the factory's time unit (identity when timeUnit = 1 hour).
    function _t(uint256 secs) private view returns (uint256) {
        return secs * timeUnit / 1 hours;
    }

    function _windowOk(uint16 h) private pure returns (bool) {
        return h == 24 || h == 48 || h == 72 || h == 168;
    }

    /// @dev Raw staticcall: a reverting, gas-hungry or malformed royaltyInfo never blocks a sale.
    function _royalty(uint256 price) private view returns (address to, uint256 amt) {
        (bool ok, bytes memory r) = address(factory.statement()).staticcall{gas: 50_000}(abi.encodeWithSignature("royaltyInfo(uint256,uint256)", statementId, price));
        if (!ok || r.length < 64) return (address(0), 0);
        (uint256 a, uint256 v) = abi.decode(r, (uint256, uint256));
        if (a == 0 || a >> 160 != 0) return (address(0), 0);
        uint256 cap = price * ROYALTY_CAP_BPS / 10_000;
        return (address(uint160(a)), v > cap ? cap : v);
    }

    receive() private payable {
        revert Bad("no direct ETH");
    }
}' --> COMPILATION FAILURE
WARNING:CryticCompile:Multiple frameworks detected: solc, Solc-json. Using solc (highest priority). Use --compile-force-framework to override.
INFO:Slither-Mutate:[FHR] Line 40: 'contract Party is Initializable, ReentrancyGuardTransient {
    using CreditKeys for CreditKeys.Preset;

    uint256 public constant SLOTS = 80;
    uint256 public constant PASS = 41;
    uint256 public constant PASS_BELOW_FLOOR = 60;
    uint256 public constant PASS_DEADLOCK = 54;
    uint256 public constant DEADLOCK_BLOCKS = 3;
    uint256 public constant DEADLOCK_TIME = 30 days;
    uint256 public constant EXECUTE_WINDOW = 7 days;
    uint256 public constant MAX_BUY_DELAY_HOURS = 72; // a price's wait before buying opens is voted with the price (host default at creation)
    uint256 public constant FILL_GRACE = 2 days; // filling always leaves at least this long to burn
    uint256 public constant FLOOR_MAX_AGE = 1 hours;
    uint256 public constant ROYALTY_CAP_BPS = 1000;
    uint256 public constant MAX_OPEN_PER_PROPOSER = 3;

    enum Status { OPEN, FULL, ASSEMBLED, SOLD, EXPIRED }
    enum PriceMode { Fixed, FloorPct, FloorDelta } // FloorPct value in basis points; FloorDelta in wei
    enum FloorMode { Avg24h, Latest }

    struct PriceSpec { PriceMode mode; int256 value; }
    struct Floor { uint256 floorWei; uint64 issuedAt; bytes sig; }

    struct Params {
        string name;
        string description;
        string filters; // human-readable eligibility rules; the Merkle root below is what is enforced
        bytes32 eligibleRoot; // leaf = keccak256(bytes.concat(keccak256(abi.encode(creditId)))); 0 = any Credit
        uint8 minDeposit; // 1..80
        uint32 durationDays; // 1..60, from creation to the burn deadline
        uint16 voteHours; // default window: 24, 48, 72 or 168
        CreditKeys.Preset arrangement;
        uint256 seed; // for Random
        PriceSpec defaultPrice;
        FloorMode floorMode;
        uint256 minAskWei; // lowest ask any floor-relative price can resolve to (required > 0 if the default is floor-relative)
        uint16 buyDelayHours; // default wait between a price going live and buying opening, 0..72 (the site defaults to 1)
    }

    struct Proposal {
        PriceSpec price; // LIST price, or ignored for CANCEL
        bool cancel; // CANCEL_LISTING
        address proposer;
        uint48 snapshot; // block whose balances are the vote weights
        uint64 endsAt;
        uint16 buyDelayHours; // wait before buying opens once this price goes live (voted with the price)
        uint64 epoch; // price epoch at creation; executing any price decision bumps it
        bool deadlock; // created under the deadlock rule
        bool executed;
        uint128 yes;
        uint128 no;
    }

    IFactory public factory;
    ICredits public credits;
    CreditCards public cards;
    address public host;
    Params internal _params;
    uint64 public createdAt;
    uint64 public deadline;
    uint64 public fullAt;
    uint64 public assembledAt;
    uint64 public lastFloorAt; // floor readings may never go back in time
    bool internal _opened; // the host's opening deposit has been made
    /// @notice Seconds per "hour" for every rule window (buy delay, votes, lapse, deadlock, deadline). 3600 on mainnet;
    ///         a testnet factory may set it lower so a full party can be rehearsed in minutes. Floor-signature age is
    ///         always real time.
    uint256 public timeUnit;

    // deposits
    uint256[] internal _order; // credit ids in deposit order (compacted on redeem)
    mapping(uint256 creditId => uint256) public cardOfCredit; // 0 = not in this party
    mapping(uint256 cardId => uint256) public creditOfCard;

    // assembly and sale
    bool public assembled;
    uint256 public statementId;
    uint256[] internal _burnOrder;
    bool internal _assembling;
    uint256 public ask; // wei; 0 = not listed
    PriceSpec public askSpec;
    uint64 public askLiveAt;
    uint64 public buyableAt; // buying opens at this time
    uint16 internal _pendingBuyDelay;
    PriceSpec public pendingPrice; // price voted while FULL, applied at assembly
    bool public hasPendingPrice;
    bool public sold;
    uint256 public perCard;
    uint256 public cardsOutstanding; // cards not yet redeemed or claimed
    mapping(address => uint256) public owed; // pull payments: fee, royalty, dust

    // governance
    Proposal[] internal _proposals;
    mapping(uint256 id => mapping(address => uint8)) public voteOf; // 0 none, 1 yes, 2 no
    mapping(uint256 id => mapping(address => uint128)) public weightOf;
    uint64 public priceEpoch;
    uint64 public lastPriceExecutedAt;
    uint256 public blockedPriceProposals;
    mapping(uint256 id => bool) public blockedCounted;
    mapping(address => uint256[]) internal _openIds; // each proposer's open proposals (at most MAX_OPEN_PER_PROPOSER)

    event Deposited(address indexed by, uint256 indexed creditId, uint256 indexed cardId);
    event Redeemed(address indexed to, uint256 indexed creditId, uint256 indexed cardId);
    event Assembled(address indexed by, uint256 indexed statementId, uint256[] order);
    event AskSet(uint256 ask, bool fromVote);
    event Proposed(uint256 indexed id, address indexed by, bool cancel, PriceMode mode, int256 value, uint64 endsAt, bool deadlock);
    event Voted(uint256 indexed id, address indexed voter, bool support, uint256 weight);
    event Executed(uint256 indexed id, address indexed by);
    event Sold(address indexed buyer, uint256 price, uint256 royalty, uint256 fee, uint256 perCard);
    event Claimed(address indexed to, uint256 indexed cardId, uint256 amount);
    event HostTransferred(address indexed from, address indexed to);
    event BlockedCounted(uint256 indexed id, uint256 total);
    event PendingPriceSet(uint256 indexed id, PriceMode mode, int256 value);
    event Withdrawn(address indexed to, uint256 amount);

    error Bad(string why);

    constructor() {
        _disableInitializers();
    }

    function initialize(address host_, Params calldata p) external initializer {
        factory = IFactory(msg.sender);
        credits = factory.credits();
        cards = factory.cards();
        timeUnit = factory.timeUnit();
        if (timeUnit == 0 || timeUnit > 1 hours) revert Bad("timeUnit");
        if (host_ == address(0)) revert Bad("host");
        if (p.minDeposit == 0 || p.minDeposit > SLOTS) revert Bad("minDeposit");
        if (p.durationDays == 0 || p.durationDays > 60) revert Bad("duration");
        if (!_windowOk(p.voteHours)) revert Bad("voteHours");
        _checkPrice(p.defaultPrice);
        if (p.defaultPrice.mode != PriceMode.Fixed && p.minAskWei == 0) revert Bad("minAsk");
        if (p.buyDelayHours > MAX_BUY_DELAY_HOURS) revert Bad("buyDelay");
        if (bytes(p.name).length == 0 || bytes(p.name).length > 60) revert Bad("name");
        if (bytes(p.description).length > 1000) revert Bad("description");
        host = host_;
        _params = p;
        createdAt = uint64(block.timestamp);
        deadline = uint64(block.timestamp + _t(uint256(p.durationDays) * 1 days));
    }

    // ------------------------------------------------------------------ views

    function params() external view returns (Params memory) { return _params; }
    function depositOrder() external view returns (uint256[] memory) { return _order; }
    function burnOrder() external view returns (uint256[] memory) { return _burnOrder; }
    function count() public view returns (uint256) { return _order.length; }
    function proposalCount() external view returns (uint256) { return _proposals.length; }
    function proposal(uint256 id) external view returns (Proposal memory) { return _proposals[id]; }

    function status() public view returns (Status) {
        if (sold) return Status.SOLD;
        if (assembled) return Status.ASSEMBLED;
        if (block.timestamp > deadline) return Status.EXPIRED;
        return _order.length == SLOTS ? Status.FULL : Status.OPEN;
    }

    function cardView(uint256 cardId) external view returns (string memory name, uint256 creditId, string memory st) {
        Status s = status();
        st = s == Status.OPEN ? "FILLING" : s == Status.FULL ? "FULL" : s == Status.ASSEMBLED ? "STATEMENT MADE" : s == Status.SOLD ? "SOLD / CLAIMABLE" : "EXPIRED / REDEEMABLE";
        return (_params.name, creditOfCard[cardId], st);
    }

    // ------------------------------------------------------------------ deposits

    /// @notice The host's opening deposit, made by the factory in the same transaction that creates the party.
    ///         The host must have approved this (predicted) party address on Credits beforehand.
    function openDeposit(address from, uint256[] calldata ids, bytes32[][] calldata proofs) external nonReentrant {
        if (msg.sender != address(factory) || _opened || from != host) revert Bad("opening");
        _opened = true;
        _deposit(from, ids, proofs);
    }

    /// @notice Pull `ids` from the caller (needs setApprovalForAll on Credits for this party) and mint one card each.
    function deposit(uint256[] calldata ids, bytes32[][] calldata proofs) external nonReentrant {
        if (!_opened) revert Bad("not opened");
        _deposit(msg.sender, ids, proofs);
    }

    function _deposit(address from, uint256[] calldata ids, bytes32[][] calldata proofs) internal {
        if (status() != Status.OPEN) revert Bad("not open");
        uint256 remaining = SLOTS - _order.length;
        uint256 min = _params.minDeposit < remaining ? _params.minDeposit : remaining;
        if (ids.length < min || ids.length > remaining || ids.length == 0) revert Bad("count");
        if (_params.eligibleRoot != bytes32(0) && proofs.length != ids.length) revert Bad("proofs");
        for (uint256 i; i < ids.length; ++i) {
            uint256 id = ids[i];
            if (cardOfCredit[id] != 0) revert Bad("duplicate");
            if (_params.eligibleRoot != bytes32(0)) {
                bytes32 leaf = keccak256(bytes.concat(keccak256(abi.encode(id))));
                if (!MerkleProof.verifyCalldata(proofs[i], _params.eligibleRoot, leaf)) revert Bad("not eligible");
            }
            credits.transferFrom(from, address(this), id); // reverts unless `from` owns it and approved us
            if (credits.ownerOf(id) != address(this)) revert Bad("not received");
            uint256 card = cards.mint(from);
            cardOfCredit[id] = card;
            creditOfCard[card] = id;
            _order.push(id);
            ++cardsOutstanding;
            emit Deposited(from, id, card);
        }
        if (_order.length == SLOTS) {
            fullAt = uint64(block.timestamp);
            uint256 grace = block.timestamp + _t(FILL_GRACE);
            if (deadline < grace) deadline = uint64(grace);
        }
    }

    /// @notice The card's holder takes its Credit back (card burned). Allowed while OPEN, and after EXPIRED.
    function redeem(uint256[] calldata cardIds) external nonReentrant {
        for (uint256 i; i < cardIds.length; ++i) _redeem(cardIds[i], msg.sender);
    }

    /// @notice After expiry anyone may push a card's Credit to the card's current holder.
    function redeemFor(uint256[] calldata cardIds) external nonReentrant {
        if (status() != Status.EXPIRED) revert Bad("not expired");
        for (uint256 i; i < cardIds.length; ++i) _redeem(cardIds[i], cards.ownerOf(cardIds[i]));
    }

    function _redeem(uint256 cardId, address holder) internal {
        Status s = status();
        if (s != Status.OPEN && s != Status.EXPIRED) revert Bad("locked");
        if (cards.partyOf(cardId) != address(this) || cards.ownerOf(cardId) != holder) revert Bad("not holder");
        uint256 id = creditOfCard[cardId];
        delete creditOfCard[cardId];
        delete cardOfCredit[id];
        _removeFromOrder(id);
        --cardsOutstanding;
        cards.burn(cardId);
        credits.transferFrom(address(this), holder, id); // plain transfer: no receiver callback
        emit Redeemed(holder, id, cardId);
    }

    function _removeFromOrder(uint256 id) internal {
        uint256 n = _order.length;
        for (uint256 i; i < n; ++i) {
            if (_order[i] == id) {
                for (uint256 j = i; j + 1 < n; ++j) _order[j] = _order[j + 1];
                _order.pop();
                return;
            }
        }
        revert Bad("missing");
    }

    // ------------------------------------------------------------------ arrange + burn (one step)

    /// @notice Burn the 80 into one Statement with `order`. Manual: host only, any order of exactly the 80.
    ///         Auto presets: any card holder; `order` must be exactly what the preset produces.
    function assemble(uint256[] calldata order, Floor calldata floor) external nonReentrant {
        if (status() != Status.FULL) revert Bad("not full");
        CreditKeys.Preset p = _params.arrangement;
        if (p == CreditKeys.Preset.Manual) {
            if (msg.sender != host) revert Bad("host only");
        } else if (cards.heldNow(address(this), msg.sender) == 0) {
            revert Bad("card holders only");
        }
        CreditKeys.verifyOrder(p, credits, _order, order, _params.seed);

        // Price that goes live: the one voted while FULL, else the host default. Resolve before external calls.
        PriceSpec memory spec = hasPendingPrice ? pendingPrice : _params.defaultPrice;
        uint256 price = _resolve(spec, floor);

        // Effects
        assembled = true;
        assembledAt = uint64(block.timestamp);
        _burnOrder = order;
        ask = price;
        askSpec = spec;
        askLiveAt = uint64(block.timestamp);
        buyableAt = uint64(block.timestamp + _t(uint256(hasPendingPrice ? _pendingBuyDelay : _params.buyDelayHours) * 1 hours));
        ++priceEpoch; // proposals made before the burn are superseded

        // Interactions: approve the Statement contract for this call only, then verify the outcome.
        IStatement st = factory.statement();
        credits.setApprovalForAll(address(st), true);
        _assembling = true;
        uint256 sid = st.make(order);
        _assembling = false;
        credits.setApprovalForAll(address(st), false);
        if (st.ownerOf(sid) != address(this)) revert Bad("statement not received");
        for (uint256 i; i < SLOTS; ++i) {
            // every Credit must be gone from this contract (burned by the Statement contract)
            try credits.ownerOf(order[i]) returns (address o) { if (o == address(this)) revert Bad("not burned"); } catch {}
        }
        statementId = sid;
        emit Assembled(msg.sender, sid, order);
        emit AskSet(price, hasPendingPrice);
    }

    /// @notice The Statement contract may mint with a safe-transfer callback, but only during assemble().
    function onERC721Received(address, address, uint256, bytes calldata) external view returns (bytes4) {
        if (!_assembling || msg.sender != address(factory.statement())) revert Bad("unexpected token");
        return this.onERC721Received.selector;
    }

    // ------------------------------------------------------------------ price governance

    /// @param buyDelayHours for a price: the wait (0..72 hours) before buying opens once it goes live; ignored for cancels.
    function propose(PriceSpec calldata price, bool cancel, uint16 hours_, uint16 buyDelayHours) external returns (uint256 id) {
        Status s = status();
        if (cancel ? s != Status.ASSEMBLED : (s != Status.FULL && s != Status.ASSEMBLED)) revert Bad("status");
        if (cancel && ask == 0) revert Bad("not listed");
        if (cards.heldNow(address(this), msg.sender) == 0) revert Bad("card holders only");
        _refreshOpen(msg.sender);
        if (_openIds[msg.sender].length >= MAX_OPEN_PER_PROPOSER) revert Bad("open limit");
        if (!cancel) _checkPrice(price);
        if (!cancel && buyDelayHours > MAX_BUY_DELAY_HOURS) revert Bad("buyDelay");
        uint16 h = cancel ? 24 : (hours_ == 0 ? _params.voteHours : hours_); // cancels always run 24h
        if (!_windowOk(h)) revert Bad("window");
        id = _proposals.length;
        bool dl = _deadlocked();
        _proposals.push(Proposal({
            price: price, cancel: cancel, proposer: msg.sender, snapshot: uint48(block.number - 1),
            endsAt: uint64(block.timestamp + _t(uint256(h) * 1 hours)), buyDelayHours: cancel ? 0 : buyDelayHours, epoch: priceEpoch, deadlock: dl,
            executed: false, yes: 0, no: 0
        }));
        _openIds[msg.sender].push(id);
        emit Proposed(id, msg.sender, cancel, price.mode, price.value, _proposals[id].endsAt, dl);
        _vote(id, msg.sender, true);
    }

    function vote(uint256 id, bool support) external {
        _vote(id, msg.sender, support);
    }

    function _vote(uint256 id, address voter, bool support) internal {
        Proposal storage p = _proposals[id];
        if (block.timestamp >= p.endsAt) revert Bad("closed");
        uint128 w = weightOf[id][voter];
        if (w == 0) {
            w = uint128(cards.heldAt(address(this), voter, p.snapshot));
            if (w == 0) revert Bad("no weight at snapshot");
            weightOf[id][voter] = w;
        }
        uint8 prev = voteOf[id][voter];
        if (prev == 1) p.yes -= w; else if (prev == 2) p.no -= w;
        if (support) p.yes += w; else p.no += w;
        voteOf[id][voter] = support ? 1 : 2;
        emit Voted(id, voter, support, w);
    }

    /// @notice YES needed for proposal `id`, given a floor reading for below-floor checks.
    function needFor(uint256 id, uint256 price, uint256 floorWei) public view returns (uint256) {
        Proposal storage p = _proposals[id];
        uint256 need = (!p.cancel && price < floorWei) ? PASS_BELOW_FLOOR : PASS;
        if (p.deadlock && need < PASS_DEADLOCK) need = PASS_DEADLOCK;
        return need;
    }

    function execute(uint256 id, Floor calldata floor) external nonReentrant {
        Proposal storage p = _proposals[id];
        Status s = status();
        if (p.executed) revert Bad("executed");
        if (block.timestamp < p.endsAt) revert Bad("voting open");
        if (block.timestamp > uint256(p.endsAt) + _t(EXECUTE_WINDOW)) revert Bad("lapsed");
        if (p.epoch != priceEpoch) revert Bad("superseded");
        if (cards.heldNow(address(this), msg.sender) == 0) revert Bad("card holders only");
        if (p.cancel ? s != Status.ASSEMBLED : (s != Status.FULL && s != Status.ASSEMBLED)) revert Bad("status");

        uint256 price;
        uint256 floorWei;
        if (!p.cancel) {
            if (p.price.mode == PriceMode.Fixed && floor.sig.length == 0) {
                // No floor reading: a fixed price can still execute, but is treated as below the floor (60 YES).
                price = uint256(p.price.value);
                floorWei = type(uint256).max;
            } else {
                floorWei = _floor(floor);
                price = p.price.mode == PriceMode.Fixed ? uint256(p.price.value) : _clampMin(_resolveWith(p.price, floorWei));
            }
        }
        uint256 need = needFor(id, price, floorWei);
        if (p.yes < need || (p.no > 0 && !p.deadlock)) revert Bad("did not pass");

        p.executed = true;
        ++priceEpoch;
        lastPriceExecutedAt = uint64(block.timestamp);
        blockedPriceProposals = 0; // deadlock mode ends once any price decision executes
        if (p.cancel) {
            ask = 0;
            askLiveAt = 0;
        } else if (s == Status.FULL) {
            pendingPrice = p.price;
            _pendingBuyDelay = p.buyDelayHours;
            hasPendingPrice = true;
            emit PendingPriceSet(id, p.price.mode, p.price.value);
        } else {
            ask = price;
            askSpec = p.price;
            askLiveAt = uint64(block.timestamp);
            buyableAt = uint64(block.timestamp + _t(uint256(p.buyDelayHours) * 1 hours));
            emit AskSet(price, true);
        }
        emit Executed(id, msg.sender);
    }

    /// @notice Records a closed price proposal that was blocked by NO, toward the deadlock rule. Anyone may call.
    function countBlocked(uint256 id) external {
        Proposal storage p = _proposals[id];
        // Counts only a current-epoch price proposal that had enough YES to pass and was stopped by NO alone,
        // so a small holder voting NO on their own proposals cannot push the party into deadlock mode.
        if (blockedCounted[id] || p.cancel || p.executed || block.timestamp < p.endsAt || p.no == 0 || p.deadlock || p.yes < PASS || p.epoch != priceEpoch) revert Bad("not blocked");
        blockedCounted[id] = true;
        ++blockedPriceProposals;
        emit BlockedCounted(id, blockedPriceProposals);
    }

    function _deadlocked() internal view returns (bool) {
        if (blockedPriceProposals >= DEADLOCK_BLOCKS) return true;
        uint256 since = lastPriceExecutedAt != 0 ? lastPriceExecutedAt : (assembledAt != 0 ? assembledAt : (fullAt != 0 ? fullAt : type(uint64).max));
        return since != type(uint64).max && block.timestamp > since + _t(DEADLOCK_TIME);
    }

    function _refreshOpen(address who) internal {
        // drop the proposer's proposals that have closed (the list never exceeds MAX_OPEN_PER_PROPOSER)
        uint256[] storage ids = _openIds[who];
        for (uint256 k = ids.length; k > 0; --k) {
            if (block.timestamp >= _proposals[ids[k - 1]].endsAt) { ids[k - 1] = ids[ids.length - 1]; ids.pop(); }
        }
    }

    function openProposalsOf(address who) external view returns (uint256[] memory) { return _openIds[who]; }

    /// @notice A floor-relative ask may only rise, with a fresh signed floor reading. Anyone may call.
    function raiseAsk(Floor calldata floor) external {
        if (status() != Status.ASSEMBLED || ask == 0 || askSpec.mode == PriceMode.Fixed) revert Bad("fixed");
        uint256 next = _resolve(askSpec, floor);
        if (next <= ask) revert Bad("not higher");
        ask = next;
        emit AskSet(next, false);
    }

    // ------------------------------------------------------------------ sale + claims

    /// @notice Buy the Statement at the current ask. `maxPrice` protects against an ask change in the same block.
    function buy(uint256 maxPrice) external payable nonReentrant {
        if (status() != Status.ASSEMBLED || ask == 0) revert Bad("not for sale");
        if (block.timestamp < buyableAt) revert Bad("not open yet");
        uint256 price = ask;
        if (price > maxPrice || msg.value < price) revert Bad("price");

        (address royaltyTo, uint256 royalty) = _royalty(price);
        uint256 fee = price * factory.FEE_BPS() / 10_000;
        uint256 pot = price - royalty - fee;
        uint256 share = pot / SLOTS;
        uint256 dust = pot - share * SLOTS;

        sold = true;
        perCard = share;
        ask = 0;
        if (royalty > 0) owed[royaltyTo] += royalty;
        owed[factory.feeRecipient()] += fee + dust;

        factory.statement().transferFrom(address(this), msg.sender, statementId);
        if (msg.value > price) {
            (bool ok,) = msg.sender.call{value: msg.value - price}("");
            if (!ok) revert Bad("refund");
        }
        emit Sold(msg.sender, price, royalty, fee, share);
    }

    /// @notice The holder of each card claims 1/80 of the net sale; the card is burned.
    function claim(uint256[] calldata cardIds) external nonReentrant {
        if (!sold) revert Bad("not sold");
        uint256 total;
        for (uint256 i; i < cardIds.length; ++i) {
            uint256 c = cardIds[i];
            if (cards.partyOf(c) != address(this) || cards.ownerOf(c) != msg.sender) revert Bad("not holder");
            delete creditOfCard[c];
            --cardsOutstanding;
            cards.burn(c);
            total += perCard;
            emit Claimed(msg.sender, c, perCard);
        }
        (bool ok,) = msg.sender.call{value: total}("");
        if (!ok) revert Bad("send");
    }

    /// @notice Anyone may push the shares of `cardIds` to their current holders (e.g. for holders who never return).
    ///         A holder that cannot receive ETH is credited in `owed` instead.
    function claimFor(uint256[] calldata cardIds) external nonReentrant {
        if (!sold) revert Bad("not sold");
        for (uint256 i; i < cardIds.length; ++i) {
            uint256 c = cardIds[i];
            if (cards.partyOf(c) != address(this)) revert Bad("not this party");
            address holder = cards.ownerOf(c);
            delete creditOfCard[c];
            --cardsOutstanding;
            cards.burn(c);
            emit Claimed(holder, c, perCard);
            (bool ok,) = holder.call{value: perCard, gas: 50_000}("");
            if (!ok) owed[holder] += perCard;
        }
    }

    /// @notice Pull payment for the fee recipient, royalty receiver, rounding dust, and holders that could not receive ETH.
    function withdraw() external nonReentrant {
        uint256 amt = owed[msg.sender];
        if (amt == 0) revert Bad("nothing");
        owed[msg.sender] = 0;
        (bool ok,) = msg.sender.call{value: amt}("");
        if (!ok) revert Bad("send");
        emit Withdrawn(msg.sender, amt);
    }

    function transferHost(address to) external {
        if (msg.sender != host || to == address(0)) revert Bad("host");
        emit HostTransferred(host, to);
        host = to;
    }

    // ------------------------------------------------------------------ prices and floor

    function _checkPrice(PriceSpec memory p) internal pure {
        if (p.mode == PriceMode.Fixed && (p.value <= 0 || p.value > 1e24)) revert Bad("price");
        if (p.mode == PriceMode.FloorPct && (p.value <= -10_000 || p.value > 1_000_000)) revert Bad("price");
        if (p.mode == PriceMode.FloorDelta && (p.value < -1e24 || p.value > 1e24)) revert Bad("price");
    }

    function _floor(Floor calldata f) internal returns (uint256) {
        if (f.issuedAt > block.timestamp || block.timestamp - f.issuedAt > FLOOR_MAX_AGE) revert Bad("stale floor");
        if (f.issuedAt < lastFloorAt) revert Bad("older floor");
        lastFloorAt = f.issuedAt;
        if (!factory.isValidFloor(f.floorWei, uint8(_params.floorMode), f.issuedAt, f.sig)) revert Bad("floor sig");
        if (f.floorWei == 0) revert Bad("floor");
        return f.floorWei;
    }

    function _resolve(PriceSpec memory p, Floor calldata f) internal returns (uint256) {
        if (p.mode == PriceMode.Fixed) return uint256(p.value);
        return _clampMin(_resolveWith(p, _floor(f)));
    }

    function _resolveWith(PriceSpec memory p, uint256 floorWei) internal pure returns (uint256 v) {
        if (p.mode == PriceMode.Fixed) return uint256(p.value);
        int256 f = int256(floorWei);
        int256 r = p.mode == PriceMode.FloorPct ? f * (10_000 + p.value) / 10_000 : f + p.value;
        if (r <= 0) revert Bad("price <= 0");
        return uint256(r);
    }

    /// @dev Floor-relative prices never resolve below the host's minimum ask (limits a bad or compromised floor reading).
    function _clampMin(uint256 v) internal view returns (uint256) {
        return v < _params.minAskWei ? _params.minAskWei : v;
    }

    /// @dev Scales a rule duration expressed in real seconds by the factory's time unit (identity when timeUnit = 1 hour).
    function _t(uint256 secs) internal view returns (uint256) {
        return secs * timeUnit / 1 hours;
    }

    function _windowOk(uint16 h) internal pure returns (bool) {
        return h == 24 || h == 48 || h == 72 || h == 168;
    }

    /// @dev Raw staticcall: a reverting, gas-hungry or malformed royaltyInfo never blocks a sale.
    function _royalty(uint256 price) internal view returns (address to, uint256 amt) {
        (bool ok, bytes memory r) = address(factory.statement()).staticcall{gas: 50_000}(abi.encodeWithSignature("royaltyInfo(uint256,uint256)", statementId, price));
        if (!ok || r.length < 64) return (address(0), 0);
        (uint256 a, uint256 v) = abi.decode(r, (uint256, uint256));
        if (a == 0 || a >> 160 != 0) return (address(0), 0);
        uint256 cap = price * ROYALTY_CAP_BPS / 10_000;
        return (address(uint160(a)), v > cap ? cap : v);
    }

    receive() external payable {
        revert Bad("no direct ETH");
    }
}' ==> 'contract Party is Initializable, ReentrancyGuardTransient {
    using CreditKeys for CreditKeys.Preset;

    uint256 internal constant SLOTS = 80;
    uint256 internal constant PASS = 41;
    uint256 internal constant PASS_BELOW_FLOOR = 60;
    uint256 internal constant PASS_DEADLOCK = 54;
    uint256 internal constant DEADLOCK_BLOCKS = 3;
    uint256 internal constant DEADLOCK_TIME = 30 days;
    uint256 internal constant EXECUTE_WINDOW = 7 days;
    uint256 internal constant MAX_BUY_DELAY_HOURS = 72; // a price's wait before buying opens is voted with the price (host default at creation)
    uint256 internal constant FILL_GRACE = 2 days; // filling always leaves at least this long to burn
    uint256 internal constant FLOOR_MAX_AGE = 1 hours;
    uint256 internal constant ROYALTY_CAP_BPS = 1000;
    uint256 internal constant MAX_OPEN_PER_PROPOSER = 3;

    enum Status { OPEN, FULL, ASSEMBLED, SOLD, EXPIRED }
    enum PriceMode { Fixed, FloorPct, FloorDelta } // FloorPct value in basis points; FloorDelta in wei
    enum FloorMode { Avg24h, Latest }

    struct PriceSpec { PriceMode mode; int256 value; }
    struct Floor { uint256 floorWei; uint64 issuedAt; bytes sig; }

    struct Params {
        string name;
        string description;
        string filters; // human-readable eligibility rules; the Merkle root below is what is enforced
        bytes32 eligibleRoot; // leaf = keccak256(bytes.concat(keccak256(abi.encode(creditId)))); 0 = any Credit
        uint8 minDeposit; // 1..80
        uint32 durationDays; // 1..60, from creation to the burn deadline
        uint16 voteHours; // default window: 24, 48, 72 or 168
        CreditKeys.Preset arrangement;
        uint256 seed; // for Random
        PriceSpec defaultPrice;
        FloorMode floorMode;
        uint256 minAskWei; // lowest ask any floor-relative price can resolve to (required > 0 if the default is floor-relative)
        uint16 buyDelayHours; // default wait between a price going live and buying opening, 0..72 (the site defaults to 1)
    }

    struct Proposal {
        PriceSpec price; // LIST price, or ignored for CANCEL
        bool cancel; // CANCEL_LISTING
        address proposer;
        uint48 snapshot; // block whose balances are the vote weights
        uint64 endsAt;
        uint16 buyDelayHours; // wait before buying opens once this price goes live (voted with the price)
        uint64 epoch; // price epoch at creation; executing any price decision bumps it
        bool deadlock; // created under the deadlock rule
        bool executed;
        uint128 yes;
        uint128 no;
    }

    IFactory internal factory;
    ICredits internal credits;
    CreditCards internal cards;
    address internal host;
    Params internal _params;
    uint64 internal createdAt;
    uint64 internal deadline;
    uint64 internal fullAt;
    uint64 internal assembledAt;
    uint64 internal lastFloorAt; // floor readings may never go back in time
    bool internal _opened; // the host's opening deposit has been made
    /// @notice Seconds per "hour" for every rule window (buy delay, votes, lapse, deadlock, deadline). 3600 on mainnet;
    ///         a testnet factory may set it lower so a full party can be rehearsed in minutes. Floor-signature age is
    ///         always real time.
    uint256 internal timeUnit;

    // deposits
    uint256[] internal _order; // credit ids in deposit order (compacted on redeem)
    mapping(uint256 creditId => uint256) internal cardOfCredit; // 0 = not in this party
    mapping(uint256 cardId => uint256) internal creditOfCard;

    // assembly and sale
    bool internal assembled;
    uint256 internal statementId;
    uint256[] internal _burnOrder;
    bool internal _assembling;
    uint256 internal ask; // wei; 0 = not listed
    PriceSpec internal askSpec;
    uint64 internal askLiveAt;
    uint64 internal buyableAt; // buying opens at this time
    uint16 internal _pendingBuyDelay;
    PriceSpec internal pendingPrice; // price voted while FULL, applied at assembly
    bool internal hasPendingPrice;
    bool internal sold;
    uint256 internal perCard;
    uint256 internal cardsOutstanding; // cards not yet redeemed or claimed
    mapping(address => uint256) internal owed; // pull payments: fee, royalty, dust

    // governance
    Proposal[] internal _proposals;
    mapping(uint256 id => mapping(address => uint8)) internal voteOf; // 0 none, 1 yes, 2 no
    mapping(uint256 id => mapping(address => uint128)) internal weightOf;
    uint64 internal priceEpoch;
    uint64 internal lastPriceExecutedAt;
    uint256 internal blockedPriceProposals;
    mapping(uint256 id => bool) internal blockedCounted;
    mapping(address => uint256[]) internal _openIds; // each proposer's open proposals (at most MAX_OPEN_PER_PROPOSER)

    event Deposited(address indexed by, uint256 indexed creditId, uint256 indexed cardId);
    event Redeemed(address indexed to, uint256 indexed creditId, uint256 indexed cardId);
    event Assembled(address indexed by, uint256 indexed statementId, uint256[] order);
    event AskSet(uint256 ask, bool fromVote);
    event Proposed(uint256 indexed id, address indexed by, bool cancel, PriceMode mode, int256 value, uint64 endsAt, bool deadlock);
    event Voted(uint256 indexed id, address indexed voter, bool support, uint256 weight);
    event Executed(uint256 indexed id, address indexed by);
    event Sold(address indexed buyer, uint256 price, uint256 royalty, uint256 fee, uint256 perCard);
    event Claimed(address indexed to, uint256 indexed cardId, uint256 amount);
    event HostTransferred(address indexed from, address indexed to);
    event BlockedCounted(uint256 indexed id, uint256 total);
    event PendingPriceSet(uint256 indexed id, PriceMode mode, int256 value);
    event Withdrawn(address indexed to, uint256 amount);

    error Bad(string why);

    constructor() {
        _disableInitializers();
    }

    function initialize(address host_, Params calldata p) internal initializer {
        factory = IFactory(msg.sender);
        credits = factory.credits();
        cards = factory.cards();
        timeUnit = factory.timeUnit();
        if (timeUnit == 0 || timeUnit > 1 hours) revert Bad("timeUnit");
        if (host_ == address(0)) revert Bad("host");
        if (p.minDeposit == 0 || p.minDeposit > SLOTS) revert Bad("minDeposit");
        if (p.durationDays == 0 || p.durationDays > 60) revert Bad("duration");
        if (!_windowOk(p.voteHours)) revert Bad("voteHours");
        _checkPrice(p.defaultPrice);
        if (p.defaultPrice.mode != PriceMode.Fixed && p.minAskWei == 0) revert Bad("minAsk");
        if (p.buyDelayHours > MAX_BUY_DELAY_HOURS) revert Bad("buyDelay");
        if (bytes(p.name).length == 0 || bytes(p.name).length > 60) revert Bad("name");
        if (bytes(p.description).length > 1000) revert Bad("description");
        host = host_;
        _params = p;
        createdAt = uint64(block.timestamp);
        deadline = uint64(block.timestamp + _t(uint256(p.durationDays) * 1 days));
    }

    // ------------------------------------------------------------------ views

    function params() internal view returns (Params memory) { return _params; }
    function depositOrder() internal view returns (uint256[] memory) { return _order; }
    function burnOrder() internal view returns (uint256[] memory) { return _burnOrder; }
    function count() internal view returns (uint256) { return _order.length; }
    function proposalCount() internal view returns (uint256) { return _proposals.length; }
    function proposal(uint256 id) internal view returns (Proposal memory) { return _proposals[id]; }

    function status() internal view returns (Status) {
        if (sold) return Status.SOLD;
        if (assembled) return Status.ASSEMBLED;
        if (block.timestamp > deadline) return Status.EXPIRED;
        return _order.length == SLOTS ? Status.FULL : Status.OPEN;
    }

    function cardView(uint256 cardId) internal view returns (string memory name, uint256 creditId, string memory st) {
        Status s = status();
        st = s == Status.OPEN ? "FILLING" : s == Status.FULL ? "FULL" : s == Status.ASSEMBLED ? "STATEMENT MADE" : s == Status.SOLD ? "SOLD / CLAIMABLE" : "EXPIRED / REDEEMABLE";
        return (_params.name, creditOfCard[cardId], st);
    }

    // ------------------------------------------------------------------ deposits

    /// @notice The host's opening deposit, made by the factory in the same transaction that creates the party.
    ///         The host must have approved this (predicted) party address on Credits beforehand.
    function openDeposit(address from, uint256[] calldata ids, bytes32[][] calldata proofs) internal nonReentrant {
        if (msg.sender != address(factory) || _opened || from != host) revert Bad("opening");
        _opened = true;
        _deposit(from, ids, proofs);
    }

    /// @notice Pull `ids` from the caller (needs setApprovalForAll on Credits for this party) and mint one card each.
    function deposit(uint256[] calldata ids, bytes32[][] calldata proofs) internal nonReentrant {
        if (!_opened) revert Bad("not opened");
        _deposit(msg.sender, ids, proofs);
    }

    function _deposit(address from, uint256[] calldata ids, bytes32[][] calldata proofs) internal {
        if (status() != Status.OPEN) revert Bad("not open");
        uint256 remaining = SLOTS - _order.length;
        uint256 min = _params.minDeposit < remaining ? _params.minDeposit : remaining;
        if (ids.length < min || ids.length > remaining || ids.length == 0) revert Bad("count");
        if (_params.eligibleRoot != bytes32(0) && proofs.length != ids.length) revert Bad("proofs");
        for (uint256 i; i < ids.length; ++i) {
            uint256 id = ids[i];
            if (cardOfCredit[id] != 0) revert Bad("duplicate");
            if (_params.eligibleRoot != bytes32(0)) {
                bytes32 leaf = keccak256(bytes.concat(keccak256(abi.encode(id))));
                if (!MerkleProof.verifyCalldata(proofs[i], _params.eligibleRoot, leaf)) revert Bad("not eligible");
            }
            credits.transferFrom(from, address(this), id); // reverts unless `from` owns it and approved us
            if (credits.ownerOf(id) != address(this)) revert Bad("not received");
            uint256 card = cards.mint(from);
            cardOfCredit[id] = card;
            creditOfCard[card] = id;
            _order.push(id);
            ++cardsOutstanding;
            emit Deposited(from, id, card);
        }
        if (_order.length == SLOTS) {
            fullAt = uint64(block.timestamp);
            uint256 grace = block.timestamp + _t(FILL_GRACE);
            if (deadline < grace) deadline = uint64(grace);
        }
    }

    /// @notice The card's holder takes its Credit back (card burned). Allowed while OPEN, and after EXPIRED.
    function redeem(uint256[] calldata cardIds) internal nonReentrant {
        for (uint256 i; i < cardIds.length; ++i) _redeem(cardIds[i], msg.sender);
    }

    /// @notice After expiry anyone may push a card's Credit to the card's current holder.
    function redeemFor(uint256[] calldata cardIds) internal nonReentrant {
        if (status() != Status.EXPIRED) revert Bad("not expired");
        for (uint256 i; i < cardIds.length; ++i) _redeem(cardIds[i], cards.ownerOf(cardIds[i]));
    }

    function _redeem(uint256 cardId, address holder) internal {
        Status s = status();
        if (s != Status.OPEN && s != Status.EXPIRED) revert Bad("locked");
        if (cards.partyOf(cardId) != address(this) || cards.ownerOf(cardId) != holder) revert Bad("not holder");
        uint256 id = creditOfCard[cardId];
        delete creditOfCard[cardId];
        delete cardOfCredit[id];
        _removeFromOrder(id);
        --cardsOutstanding;
        cards.burn(cardId);
        credits.transferFrom(address(this), holder, id); // plain transfer: no receiver callback
        emit Redeemed(holder, id, cardId);
    }

    function _removeFromOrder(uint256 id) internal {
        uint256 n = _order.length;
        for (uint256 i; i < n; ++i) {
            if (_order[i] == id) {
                for (uint256 j = i; j + 1 < n; ++j) _order[j] = _order[j + 1];
                _order.pop();
                return;
            }
        }
        revert Bad("missing");
    }

    // ------------------------------------------------------------------ arrange + burn (one step)

    /// @notice Burn the 80 into one Statement with `order`. Manual: host only, any order of exactly the 80.
    ///         Auto presets: any card holder; `order` must be exactly what the preset produces.
    function assemble(uint256[] calldata order, Floor calldata floor) internal nonReentrant {
        if (status() != Status.FULL) revert Bad("not full");
        CreditKeys.Preset p = _params.arrangement;
        if (p == CreditKeys.Preset.Manual) {
            if (msg.sender != host) revert Bad("host only");
        } else if (cards.heldNow(address(this), msg.sender) == 0) {
            revert Bad("card holders only");
        }
        CreditKeys.verifyOrder(p, credits, _order, order, _params.seed);

        // Price that goes live: the one voted while FULL, else the host default. Resolve before internal calls.
        PriceSpec memory spec = hasPendingPrice ? pendingPrice : _params.defaultPrice;
        uint256 price = _resolve(spec, floor);

        // Effects
        assembled = true;
        assembledAt = uint64(block.timestamp);
        _burnOrder = order;
        ask = price;
        askSpec = spec;
        askLiveAt = uint64(block.timestamp);
        buyableAt = uint64(block.timestamp + _t(uint256(hasPendingPrice ? _pendingBuyDelay : _params.buyDelayHours) * 1 hours));
        ++priceEpoch; // proposals made before the burn are superseded

        // Interactions: approve the Statement contract for this call only, then verify the outcome.
        IStatement st = factory.statement();
        credits.setApprovalForAll(address(st), true);
        _assembling = true;
        uint256 sid = st.make(order);
        _assembling = false;
        credits.setApprovalForAll(address(st), false);
        if (st.ownerOf(sid) != address(this)) revert Bad("statement not received");
        for (uint256 i; i < SLOTS; ++i) {
            // every Credit must be gone from this contract (burned by the Statement contract)
            try credits.ownerOf(order[i]) returns (address o) { if (o == address(this)) revert Bad("not burned"); } catch {}
        }
        statementId = sid;
        emit Assembled(msg.sender, sid, order);
        emit AskSet(price, hasPendingPrice);
    }

    /// @notice The Statement contract may mint with a safe-transfer callback, but only during assemble().
    function onERC721Received(address, address, uint256, bytes calldata) internal view returns (bytes4) {
        if (!_assembling || msg.sender != address(factory.statement())) revert Bad("unexpected token");
        return this.onERC721Received.selector;
    }

    // ------------------------------------------------------------------ price governance

    /// @param buyDelayHours for a price: the wait (0..72 hours) before buying opens once it goes live; ignored for cancels.
    function propose(PriceSpec calldata price, bool cancel, uint16 hours_, uint16 buyDelayHours) internal returns (uint256 id) {
        Status s = status();
        if (cancel ? s != Status.ASSEMBLED : (s != Status.FULL && s != Status.ASSEMBLED)) revert Bad("status");
        if (cancel && ask == 0) revert Bad("not listed");
        if (cards.heldNow(address(this), msg.sender) == 0) revert Bad("card holders only");
        _refreshOpen(msg.sender);
        if (_openIds[msg.sender].length >= MAX_OPEN_PER_PROPOSER) revert Bad("open limit");
        if (!cancel) _checkPrice(price);
        if (!cancel && buyDelayHours > MAX_BUY_DELAY_HOURS) revert Bad("buyDelay");
        uint16 h = cancel ? 24 : (hours_ == 0 ? _params.voteHours : hours_); // cancels always run 24h
        if (!_windowOk(h)) revert Bad("window");
        id = _proposals.length;
        bool dl = _deadlocked();
        _proposals.push(Proposal({
            price: price, cancel: cancel, proposer: msg.sender, snapshot: uint48(block.number - 1),
            endsAt: uint64(block.timestamp + _t(uint256(h) * 1 hours)), buyDelayHours: cancel ? 0 : buyDelayHours, epoch: priceEpoch, deadlock: dl,
            executed: false, yes: 0, no: 0
        }));
        _openIds[msg.sender].push(id);
        emit Proposed(id, msg.sender, cancel, price.mode, price.value, _proposals[id].endsAt, dl);
        _vote(id, msg.sender, true);
    }

    function vote(uint256 id, bool support) internal {
        _vote(id, msg.sender, support);
    }

    function _vote(uint256 id, address voter, bool support) internal {
        Proposal storage p = _proposals[id];
        if (block.timestamp >= p.endsAt) revert Bad("closed");
        uint128 w = weightOf[id][voter];
        if (w == 0) {
            w = uint128(cards.heldAt(address(this), voter, p.snapshot));
            if (w == 0) revert Bad("no weight at snapshot");
            weightOf[id][voter] = w;
        }
        uint8 prev = voteOf[id][voter];
        if (prev == 1) p.yes -= w; else if (prev == 2) p.no -= w;
        if (support) p.yes += w; else p.no += w;
        voteOf[id][voter] = support ? 1 : 2;
        emit Voted(id, voter, support, w);
    }

    /// @notice YES needed for proposal `id`, given a floor reading for below-floor checks.
    function needFor(uint256 id, uint256 price, uint256 floorWei) internal view returns (uint256) {
        Proposal storage p = _proposals[id];
        uint256 need = (!p.cancel && price < floorWei) ? PASS_BELOW_FLOOR : PASS;
        if (p.deadlock && need < PASS_DEADLOCK) need = PASS_DEADLOCK;
        return need;
    }

    function execute(uint256 id, Floor calldata floor) internal nonReentrant {
        Proposal storage p = _proposals[id];
        Status s = status();
        if (p.executed) revert Bad("executed");
        if (block.timestamp < p.endsAt) revert Bad("voting open");
        if (block.timestamp > uint256(p.endsAt) + _t(EXECUTE_WINDOW)) revert Bad("lapsed");
        if (p.epoch != priceEpoch) revert Bad("superseded");
        if (cards.heldNow(address(this), msg.sender) == 0) revert Bad("card holders only");
        if (p.cancel ? s != Status.ASSEMBLED : (s != Status.FULL && s != Status.ASSEMBLED)) revert Bad("status");

        uint256 price;
        uint256 floorWei;
        if (!p.cancel) {
            if (p.price.mode == PriceMode.Fixed && floor.sig.length == 0) {
                // No floor reading: a fixed price can still execute, but is treated as below the floor (60 YES).
                price = uint256(p.price.value);
                floorWei = type(uint256).max;
            } else {
                floorWei = _floor(floor);
                price = p.price.mode == PriceMode.Fixed ? uint256(p.price.value) : _clampMin(_resolveWith(p.price, floorWei));
            }
        }
        uint256 need = needFor(id, price, floorWei);
        if (p.yes < need || (p.no > 0 && !p.deadlock)) revert Bad("did not pass");

        p.executed = true;
        ++priceEpoch;
        lastPriceExecutedAt = uint64(block.timestamp);
        blockedPriceProposals = 0; // deadlock mode ends once any price decision executes
        if (p.cancel) {
            ask = 0;
            askLiveAt = 0;
        } else if (s == Status.FULL) {
            pendingPrice = p.price;
            _pendingBuyDelay = p.buyDelayHours;
            hasPendingPrice = true;
            emit PendingPriceSet(id, p.price.mode, p.price.value);
        } else {
            ask = price;
            askSpec = p.price;
            askLiveAt = uint64(block.timestamp);
            buyableAt = uint64(block.timestamp + _t(uint256(p.buyDelayHours) * 1 hours));
            emit AskSet(price, true);
        }
        emit Executed(id, msg.sender);
    }

    /// @notice Records a closed price proposal that was blocked by NO, toward the deadlock rule. Anyone may call.
    function countBlocked(uint256 id) internal {
        Proposal storage p = _proposals[id];
        // Counts only a current-epoch price proposal that had enough YES to pass and was stopped by NO alone,
        // so a small holder voting NO on their own proposals cannot push the party into deadlock mode.
        if (blockedCounted[id] || p.cancel || p.executed || block.timestamp < p.endsAt || p.no == 0 || p.deadlock || p.yes < PASS || p.epoch != priceEpoch) revert Bad("not blocked");
        blockedCounted[id] = true;
        ++blockedPriceProposals;
        emit BlockedCounted(id, blockedPriceProposals);
    }

    function _deadlocked() internal view returns (bool) {
        if (blockedPriceProposals >= DEADLOCK_BLOCKS) return true;
        uint256 since = lastPriceExecutedAt != 0 ? lastPriceExecutedAt : (assembledAt != 0 ? assembledAt : (fullAt != 0 ? fullAt : type(uint64).max));
        return since != type(uint64).max && block.timestamp > since + _t(DEADLOCK_TIME);
    }

    function _refreshOpen(address who) internal {
        // drop the proposer's proposals that have closed (the list never exceeds MAX_OPEN_PER_PROPOSER)
        uint256[] storage ids = _openIds[who];
        for (uint256 k = ids.length; k > 0; --k) {
            if (block.timestamp >= _proposals[ids[k - 1]].endsAt) { ids[k - 1] = ids[ids.length - 1]; ids.pop(); }
        }
    }

    function openProposalsOf(address who) internal view returns (uint256[] memory) { return _openIds[who]; }

    /// @notice A floor-relative ask may only rise, with a fresh signed floor reading. Anyone may call.
    function raiseAsk(Floor calldata floor) internal {
        if (status() != Status.ASSEMBLED || ask == 0 || askSpec.mode == PriceMode.Fixed) revert Bad("fixed");
        uint256 next = _resolve(askSpec, floor);
        if (next <= ask) revert Bad("not higher");
        ask = next;
        emit AskSet(next, false);
    }

    // ------------------------------------------------------------------ sale + claims

    /// @notice Buy the Statement at the current ask. `maxPrice` protects against an ask change in the same block.
    function buy(uint256 maxPrice) internal payable nonReentrant {
        if (status() != Status.ASSEMBLED || ask == 0) revert Bad("not for sale");
        if (block.timestamp < buyableAt) revert Bad("not open yet");
        uint256 price = ask;
        if (price > maxPrice || msg.value < price) revert Bad("price");

        (address royaltyTo, uint256 royalty) = _royalty(price);
        uint256 fee = price * factory.FEE_BPS() / 10_000;
        uint256 pot = price - royalty - fee;
        uint256 share = pot / SLOTS;
        uint256 dust = pot - share * SLOTS;

        sold = true;
        perCard = share;
        ask = 0;
        if (royalty > 0) owed[royaltyTo] += royalty;
        owed[factory.feeRecipient()] += fee + dust;

        factory.statement().transferFrom(address(this), msg.sender, statementId);
        if (msg.value > price) {
            (bool ok,) = msg.sender.call{value: msg.value - price}("");
            if (!ok) revert Bad("refund");
        }
        emit Sold(msg.sender, price, royalty, fee, share);
    }

    /// @notice The holder of each card claims 1/80 of the net sale; the card is burned.
    function claim(uint256[] calldata cardIds) internal nonReentrant {
        if (!sold) revert Bad("not sold");
        uint256 total;
        for (uint256 i; i < cardIds.length; ++i) {
            uint256 c = cardIds[i];
            if (cards.partyOf(c) != address(this) || cards.ownerOf(c) != msg.sender) revert Bad("not holder");
            delete creditOfCard[c];
            --cardsOutstanding;
            cards.burn(c);
            total += perCard;
            emit Claimed(msg.sender, c, perCard);
        }
        (bool ok,) = msg.sender.call{value: total}("");
        if (!ok) revert Bad("send");
    }

    /// @notice Anyone may push the shares of `cardIds` to their current holders (e.g. for holders who never return).
    ///         A holder that cannot receive ETH is credited in `owed` instead.
    function claimFor(uint256[] calldata cardIds) internal nonReentrant {
        if (!sold) revert Bad("not sold");
        for (uint256 i; i < cardIds.length; ++i) {
            uint256 c = cardIds[i];
            if (cards.partyOf(c) != address(this)) revert Bad("not this party");
            address holder = cards.ownerOf(c);
            delete creditOfCard[c];
            --cardsOutstanding;
            cards.burn(c);
            emit Claimed(holder, c, perCard);
            (bool ok,) = holder.call{value: perCard, gas: 50_000}("");
            if (!ok) owed[holder] += perCard;
        }
    }

    /// @notice Pull payment for the fee recipient, royalty receiver, rounding dust, and holders that could not receive ETH.
    function withdraw() internal nonReentrant {
        uint256 amt = owed[msg.sender];
        if (amt == 0) revert Bad("nothing");
        owed[msg.sender] = 0;
        (bool ok,) = msg.sender.call{value: amt}("");
        if (!ok) revert Bad("send");
        emit Withdrawn(msg.sender, amt);
    }

    function transferHost(address to) internal {
        if (msg.sender != host || to == address(0)) revert Bad("host");
        emit HostTransferred(host, to);
        host = to;
    }

    // ------------------------------------------------------------------ prices and floor

    function _checkPrice(PriceSpec memory p) internal pure {
        if (p.mode == PriceMode.Fixed && (p.value <= 0 || p.value > 1e24)) revert Bad("price");
        if (p.mode == PriceMode.FloorPct && (p.value <= -10_000 || p.value > 1_000_000)) revert Bad("price");
        if (p.mode == PriceMode.FloorDelta && (p.value < -1e24 || p.value > 1e24)) revert Bad("price");
    }

    function _floor(Floor calldata f) internal returns (uint256) {
        if (f.issuedAt > block.timestamp || block.timestamp - f.issuedAt > FLOOR_MAX_AGE) revert Bad("stale floor");
        if (f.issuedAt < lastFloorAt) revert Bad("older floor");
        lastFloorAt = f.issuedAt;
        if (!factory.isValidFloor(f.floorWei, uint8(_params.floorMode), f.issuedAt, f.sig)) revert Bad("floor sig");
        if (f.floorWei == 0) revert Bad("floor");
        return f.floorWei;
    }

    function _resolve(PriceSpec memory p, Floor calldata f) internal returns (uint256) {
        if (p.mode == PriceMode.Fixed) return uint256(p.value);
        return _clampMin(_resolveWith(p, _floor(f)));
    }

    function _resolveWith(PriceSpec memory p, uint256 floorWei) internal pure returns (uint256 v) {
        if (p.mode == PriceMode.Fixed) return uint256(p.value);
        int256 f = int256(floorWei);
        int256 r = p.mode == PriceMode.FloorPct ? f * (10_000 + p.value) / 10_000 : f + p.value;
        if (r <= 0) revert Bad("price <= 0");
        return uint256(r);
    }

    /// @dev Floor-relative prices never resolve below the host's minimum ask (limits a bad or compromised floor reading).
    function _clampMin(uint256 v) internal view returns (uint256) {
        return v < _params.minAskWei ? _params.minAskWei : v;
    }

    /// @dev Scales a rule duration expressed in real seconds by the factory's time unit (identity when timeUnit = 1 hour).
    function _t(uint256 secs) internal view returns (uint256) {
        return secs * timeUnit / 1 hours;
    }

    function _windowOk(uint16 h) internal pure returns (bool) {
        return h == 24 || h == 48 || h == 72 || h == 168;
    }

    /// @dev Raw staticcall: a reverting, gas-hungry or malformed royaltyInfo never blocks a sale.
    function _royalty(uint256 price) internal view returns (address to, uint256 amt) {
        (bool ok, bytes memory r) = address(factory.statement()).staticcall{gas: 50_000}(abi.encodeWithSignature("royaltyInfo(uint256,uint256)", statementId, price));
        if (!ok || r.length < 64) return (address(0), 0);
        (uint256 a, uint256 v) = abi.decode(r, (uint256, uint256));
        if (a == 0 || a >> 160 != 0) return (address(0), 0);
        uint256 cap = price * ROYALTY_CAP_BPS / 10_000;
        return (address(uint160(a)), v > cap ? cap : v);
    }

    receive() internal payable {
        revert Bad("no direct ETH");
    }
}' --> COMPILATION FAILURE
WARNING:CryticCompile:Multiple frameworks detected: solc, Solc-json. Using solc (highest priority). Use --compile-force-framework to override.
INFO:Slither-Mutate:[FHR] Line 161: 'function initialize(address host_, Params calldata p) external initializer {
        factory = IFactory(msg.sender);
        credits = factory.credits();
        cards = factory.cards();
        timeUnit = factory.timeUnit();
        if (timeUnit == 0 || timeUnit > 1 hours) revert Bad("timeUnit");
        if (host_ == address(0)) revert Bad("host");
        if (p.minDeposit == 0 || p.minDeposit > SLOTS) revert Bad("minDeposit");
        if (p.durationDays == 0 || p.durationDays > 60) revert Bad("duration");
        if (!_windowOk(p.voteHours)) revert Bad("voteHours");
        _checkPrice(p.defaultPrice);
        if (p.defaultPrice.mode != PriceMode.Fixed && p.minAskWei == 0) revert Bad("minAsk");
        if (p.buyDelayHours > MAX_BUY_DELAY_HOURS) revert Bad("buyDelay");
        if (bytes(p.name).length == 0 || bytes(p.name).length > 60) revert Bad("name");
        if (bytes(p.description).length > 1000) revert Bad("description");
        host = host_;
        _params = p;
        createdAt = uint64(block.timestamp);
        deadline = uint64(block.timestamp + _t(uint256(p.durationDays) * 1 days));
    }' ==> 'function initialize(address host_, Params calldata p) private initializer {
        factory = IFactory(msg.sender);
        credits = factory.credits();
        cards = factory.cards();
        timeUnit = factory.timeUnit();
        if (timeUnit == 0 || timeUnit > 1 hours) revert Bad("timeUnit");
        if (host_ == address(0)) revert Bad("host");
        if (p.minDeposit == 0 || p.minDeposit > SLOTS) revert Bad("minDeposit");
        if (p.durationDays == 0 || p.durationDays > 60) revert Bad("duration");
        if (!_windowOk(p.voteHours)) revert Bad("voteHours");
        _checkPrice(p.defaultPrice);
        if (p.defaultPrice.mode != PriceMode.Fixed && p.minAskWei == 0) revert Bad("minAsk");
        if (p.buyDelayHours > MAX_BUY_DELAY_HOURS) revert Bad("buyDelay");
        if (bytes(p.name).length == 0 || bytes(p.name).length > 60) revert Bad("name");
        if (bytes(p.description).length > 1000) revert Bad("description");
        host = host_;
        _params = p;
        createdAt = uint64(block.timestamp);
        deadline = uint64(block.timestamp + _t(uint256(p.durationDays) * 1 days));
    }' --> COMPILATION FAILURE
WARNING:CryticCompile:Multiple frameworks detected: solc, Solc-json. Using solc (highest priority). Use --compile-force-framework to override.
INFO:Slither-Mutate:[FHR] Line 161: 'function initialize(address host_, Params calldata p) external initializer {
        factory = IFactory(msg.sender);
        credits = factory.credits();
        cards = factory.cards();
        timeUnit = factory.timeUnit();
        if (timeUnit == 0 || timeUnit > 1 hours) revert Bad("timeUnit");
        if (host_ == address(0)) revert Bad("host");
        if (p.minDeposit == 0 || p.minDeposit > SLOTS) revert Bad("minDeposit");
        if (p.durationDays == 0 || p.durationDays > 60) revert Bad("duration");
        if (!_windowOk(p.voteHours)) revert Bad("voteHours");
        _checkPrice(p.defaultPrice);
        if (p.defaultPrice.mode != PriceMode.Fixed && p.minAskWei == 0) revert Bad("minAsk");
        if (p.buyDelayHours > MAX_BUY_DELAY_HOURS) revert Bad("buyDelay");
        if (bytes(p.name).length == 0 || bytes(p.name).length > 60) revert Bad("name");
        if (bytes(p.description).length > 1000) revert Bad("description");
        host = host_;
        _params = p;
        createdAt = uint64(block.timestamp);
        deadline = uint64(block.timestamp + _t(uint256(p.durationDays) * 1 days));
    }' ==> 'function initialize(address host_, Params calldata p) internal initializer {
        factory = IFactory(msg.sender);
        credits = factory.credits();
        cards = factory.cards();
        timeUnit = factory.timeUnit();
        if (timeUnit == 0 || timeUnit > 1 hours) revert Bad("timeUnit");
        if (host_ == address(0)) revert Bad("host");
        if (p.minDeposit == 0 || p.minDeposit > SLOTS) revert Bad("minDeposit");
        if (p.durationDays == 0 || p.durationDays > 60) revert Bad("duration");
        if (!_windowOk(p.voteHours)) revert Bad("voteHours");
        _checkPrice(p.defaultPrice);
        if (p.defaultPrice.mode != PriceMode.Fixed && p.minAskWei == 0) revert Bad("minAsk");
        if (p.buyDelayHours > MAX_BUY_DELAY_HOURS) revert Bad("buyDelay");
        if (bytes(p.name).length == 0 || bytes(p.name).length > 60) revert Bad("name");
        if (bytes(p.description).length > 1000) revert Bad("description");
        host = host_;
        _params = p;
        createdAt = uint64(block.timestamp);
        deadline = uint64(block.timestamp + _t(uint256(p.durationDays) * 1 days));
    }' --> COMPILATION FAILURE
WARNING:CryticCompile:Multiple frameworks detected: solc, Solc-json. Using solc (highest priority). Use --compile-force-framework to override.
INFO:Slither-Mutate:[FHR] Line 184: 'function params() external view returns (Params memory) { return _params; }' ==> 'function params() external pure returns (Params memory) { return _params; }' --> COMPILATION FAILURE
WARNING:CryticCompile:Multiple frameworks detected: solc, Solc-json. Using solc (highest priority). Use --compile-force-framework to override.
INFO:Slither-Mutate:[FHR] Line 184: 'function params() external view returns (Params memory) { return _params; }' ==> 'function params() private view returns (Params memory) { return _params; }' --> COMPILATION FAILURE
WARNING:CryticCompile:Multiple frameworks detected: solc, Solc-json. Using solc (highest priority). Use --compile-force-framework to override.
INFO:Slither-Mutate:[FHR] Line 184: 'function params() external view returns (Params memory) { return _params; }' ==> 'function params() internal view returns (Params memory) { return _params; }' --> COMPILATION FAILURE
WARNING:CryticCompile:Multiple frameworks detected: solc, Solc-json. Using solc (highest priority). Use --compile-force-framework to override.
INFO:Slither-Mutate:[FHR] Line 188: 'function proposalCount() external view returns (uint256) { return _proposals.length; }' ==> 'function proposalCount() external pure returns (uint256) { return _proposals.length; }' --> COMPILATION FAILURE
WARNING:CryticCompile:Multiple frameworks detected: solc, Solc-json. Using solc (highest priority). Use --compile-force-framework to override.
INFO:Slither-Mutate:[FHR] Line 188: 'function proposalCount() external view returns (uint256) { return _proposals.length; }' ==> 'function proposalCount() private view returns (uint256) { return _proposals.length; }' --> COMPILATION FAILURE
WARNING:CryticCompile:Multiple frameworks detected: solc, Solc-json. Using solc (highest priority). Use --compile-force-framework to override.
INFO:Slither-Mutate:[FHR] Line 188: 'function proposalCount() external view returns (uint256) { return _proposals.length; }' ==> 'function proposalCount() internal view returns (uint256) { return _proposals.length; }' --> COMPILATION FAILURE
WARNING:CryticCompile:Multiple frameworks detected: solc, Solc-json. Using solc (highest priority). Use --compile-force-framework to override.
INFO:Slither-Mutate:[FHR] Line 367: 'function _vote(uint256 id, address voter, bool support) internal {
        Proposal storage p = _proposals[id];
        if (block.timestamp >= p.endsAt) revert Bad("closed");
        uint128 w = weightOf[id][voter];
        if (w == 0) {
            w = uint128(cards.heldAt(address(this), voter, p.snapshot));
            if (w == 0) revert Bad("no weight at snapshot");
            weightOf[id][voter] = w;
        }
        uint8 prev = voteOf[id][voter];
        if (prev == 1) p.yes -= w; else if (prev == 2) p.no -= w;
        if (support) p.yes += w; else p.no += w;
        voteOf[id][voter] = support ? 1 : 2;
        emit Voted(id, voter, support, w);
    }' ==> 'function _vote(uint256 id, address voter, bool support) private {
        Proposal storage p = _proposals[id];
        if (block.timestamp >= p.endsAt) revert Bad("closed");
        uint128 w = weightOf[id][voter];
        if (w == 0) {
            w = uint128(cards.heldAt(address(this), voter, p.snapshot));
            if (w == 0) revert Bad("no weight at snapshot");
            weightOf[id][voter] = w;
        }
        uint8 prev = voteOf[id][voter];
        if (prev == 1) p.yes -= w; else if (prev == 2) p.no -= w;
        if (support) p.yes += w; else p.no += w;
        voteOf[id][voter] = support ? 1 : 2;
        emit Voted(id, voter, support, w);
    }' --> COMPILATION FAILURE
WARNING:CryticCompile:Multiple frameworks detected: solc, Solc-json. Using solc (highest priority). Use --compile-force-framework to override.
INFO:Slither-Mutate:[FHR] Line 384: 'function needFor(uint256 id, uint256 price, uint256 floorWei) public view returns (uint256) {
        Proposal storage p = _proposals[id];
        uint256 need = (!p.cancel && price < floorWei) ? PASS_BELOW_FLOOR : PASS;
        if (p.deadlock && need < PASS_DEADLOCK) need = PASS_DEADLOCK;
        return need;
    }' ==> 'function needFor(uint256 id, uint256 price, uint256 floorWei) public pure returns (uint256) {
        Proposal storage p = _proposals[id];
        uint256 need = (!p.cancel && price < floorWei) ? PASS_BELOW_FLOOR : PASS;
        if (p.deadlock && need < PASS_DEADLOCK) need = PASS_DEADLOCK;
        return need;
    }' --> COMPILATION FAILURE
WARNING:CryticCompile:Multiple frameworks detected: solc, Solc-json. Using solc (highest priority). Use --compile-force-framework to override.
INFO:Slither-Mutate:[FHR] Line 384: 'function needFor(uint256 id, uint256 price, uint256 floorWei) public view returns (uint256) {
        Proposal storage p = _proposals[id];
        uint256 need = (!p.cancel && price < floorWei) ? PASS_BELOW_FLOOR : PASS;
        if (p.deadlock && need < PASS_DEADLOCK) need = PASS_DEADLOCK;
        return need;
    }' ==> 'function needFor(uint256 id, uint256 price, uint256 floorWei) private view returns (uint256) {
        Proposal storage p = _proposals[id];
        uint256 need = (!p.cancel && price < floorWei) ? PASS_BELOW_FLOOR : PASS;
        if (p.deadlock && need < PASS_DEADLOCK) need = PASS_DEADLOCK;
        return need;
    }' --> COMPILATION FAILURE
WARNING:CryticCompile:Multiple frameworks detected: solc, Solc-json. Using solc (highest priority). Use --compile-force-framework to override.
INFO:Slither-Mutate:[FHR] Line 384: 'function needFor(uint256 id, uint256 price, uint256 floorWei) public view returns (uint256) {
        Proposal storage p = _proposals[id];
        uint256 need = (!p.cancel && price < floorWei) ? PASS_BELOW_FLOOR : PASS;
        if (p.deadlock && need < PASS_DEADLOCK) need = PASS_DEADLOCK;
        return need;
    }' ==> 'function needFor(uint256 id, uint256 price, uint256 floorWei) internal view returns (uint256) {
        Proposal storage p = _proposals[id];
        uint256 need = (!p.cancel && price < floorWei) ? PASS_BELOW_FLOOR : PASS;
        if (p.deadlock && need < PASS_DEADLOCK) need = PASS_DEADLOCK;
        return need;
    }' --> COMPILATION FAILURE
WARNING:CryticCompile:Multiple frameworks detected: solc, Solc-json. Using solc (highest priority). Use --compile-force-framework to override.
INFO:Slither-Mutate:[FHR] Line 439: 'function countBlocked(uint256 id) external {
        Proposal storage p = _proposals[id];
        // Counts only a current-epoch price proposal that had enough YES to pass and was stopped by NO alone,
        // so a small holder voting NO on their own proposals cannot push the party into deadlock mode.
        if (blockedCounted[id] || p.cancel || p.executed || block.timestamp < p.endsAt || p.no == 0 || p.deadlock || p.yes < PASS || p.epoch != priceEpoch) revert Bad("not blocked");
        blockedCounted[id] = true;
        ++blockedPriceProposals;
        emit BlockedCounted(id, blockedPriceProposals);
    }' ==> 'function countBlocked(uint256 id) private {
        Proposal storage p = _proposals[id];
        // Counts only a current-epoch price proposal that had enough YES to pass and was stopped by NO alone,
        // so a small holder voting NO on their own proposals cannot push the party into deadlock mode.
        if (blockedCounted[id] || p.cancel || p.executed || block.timestamp < p.endsAt || p.no == 0 || p.deadlock || p.yes < PASS || p.epoch != priceEpoch) revert Bad("not blocked");
        blockedCounted[id] = true;
        ++blockedPriceProposals;
        emit BlockedCounted(id, blockedPriceProposals);
    }' --> COMPILATION FAILURE
WARNING:CryticCompile:Multiple frameworks detected: solc, Solc-json. Using solc (highest priority). Use --compile-force-framework to override.
INFO:Slither-Mutate:[FHR] Line 439: 'function countBlocked(uint256 id) external {
        Proposal storage p = _proposals[id];
        // Counts only a current-epoch price proposal that had enough YES to pass and was stopped by NO alone,
        // so a small holder voting NO on their own proposals cannot push the party into deadlock mode.
        if (blockedCounted[id] || p.cancel || p.executed || block.timestamp < p.endsAt || p.no == 0 || p.deadlock || p.yes < PASS || p.epoch != priceEpoch) revert Bad("not blocked");
        blockedCounted[id] = true;
        ++blockedPriceProposals;
        emit BlockedCounted(id, blockedPriceProposals);
    }' ==> 'function countBlocked(uint256 id) internal {
        Proposal storage p = _proposals[id];
        // Counts only a current-epoch price proposal that had enough YES to pass and was stopped by NO alone,
        // so a small holder voting NO on their own proposals cannot push the party into deadlock mode.
        if (blockedCounted[id] || p.cancel || p.executed || block.timestamp < p.endsAt || p.no == 0 || p.deadlock || p.yes < PASS || p.epoch != priceEpoch) revert Bad("not blocked");
        blockedCounted[id] = true;
        ++blockedPriceProposals;
        emit BlockedCounted(id, blockedPriceProposals);
    }' --> COMPILATION FAILURE
WARNING:CryticCompile:Multiple frameworks detected: solc, Solc-json. Using solc (highest priority). Use --compile-force-framework to override.
INFO:Slither-Mutate:[FHR] Line 570: 'function _resolve(PriceSpec memory p, Floor calldata f) internal returns (uint256) {
        if (p.mode == PriceMode.Fixed) return uint256(p.value);
        return _clampMin(_resolveWith(p, _floor(f)));
    }' ==> 'function _resolve(PriceSpec memory p, Floor calldata f) private returns (uint256) {
        if (p.mode == PriceMode.Fixed) return uint256(p.value);
        return _clampMin(_resolveWith(p, _floor(f)));
    }' --> COMPILATION FAILURE
INFO:Slither-Mutate:Mutator FHR found 0 caught tweak mutants (out of 0 that compile)
INFO:Slither-Mutate:Running total: found 64 caught tweak mutants (out of 64 that compile)
INFO:Slither-Mutate:Mutator LIR found 0 caught tweak mutants (out of 0 that compile)
INFO:Slither-Mutate:Running total: found 64 caught tweak mutants (out of 64 that compile)
WARNING:CryticCompile:Multiple frameworks detected: solc, Solc-json. Using solc (highest priority). Use --compile-force-framework to override.
INFO:Slither-Mutate:[LOR] Line 168: 'p.minDeposit == 0 || p.minDeposit > SLOTS' ==> 'p.minDeposit == 0  &&  p.minDeposit > SLOTS' --> CAUGHT
WARNING:CryticCompile:Multiple frameworks detected: solc, Solc-json. Using solc (highest priority). Use --compile-force-framework to override.
INFO:Slither-Mutate:[LOR] Line 169: 'p.durationDays == 0 || p.durationDays > 60' ==> 'p.durationDays == 0  &&  p.durationDays > 60' --> CAUGHT
WARNING:CryticCompile:Multiple frameworks detected: solc, Solc-json. Using solc (highest priority). Use --compile-force-framework to override.
INFO:Slither-Mutate:[LOR] Line 172: 'p.defaultPrice.mode != PriceMode.Fixed && p.minAskWei == 0' ==> 'p.defaultPrice.mode != PriceMode.Fixed  ||  p.minAskWei == 0' --> CAUGHT
WARNING:CryticCompile:Multiple frameworks detected: solc, Solc-json. Using solc (highest priority). Use --compile-force-framework to override.
INFO:Slither-Mutate:[LOR] Line 174: 'bytes(p.name).length == 0 || bytes(p.name).length > 60' ==> 'bytes(p.name).length == 0  &&  bytes(p.name).length > 60' --> CAUGHT
WARNING:CryticCompile:Multiple frameworks detected: solc, Solc-json. Using solc (highest priority). Use --compile-force-framework to override.
INFO:Slither-Mutate:[LOR] Line 386: 'uint256 need = (!p.cancel && price < floorWei) ? PASS_BELOW_FLOOR : PASS' ==> 'uint256 need = (!p.cancel  ||  price < floorWei) ? PASS_BELOW_FLOOR : PASS' --> CAUGHT
WARNING:CryticCompile:Multiple frameworks detected: solc, Solc-json. Using solc (highest priority). Use --compile-force-framework to override.
INFO:Slither-Mutate:[LOR] Line 387: 'p.deadlock && need < PASS_DEADLOCK' ==> 'p.deadlock  ||  need < PASS_DEADLOCK' --> CAUGHT
WARNING:CryticCompile:Multiple frameworks detected: solc, Solc-json. Using solc (highest priority). Use --compile-force-framework to override.
INFO:Slither-Mutate:[LOR] Line 443: 'blockedCounted[id] || p.cancel || p.executed || block.timestamp < p.endsAt || p.no == 0 || p.deadlock || p.yes < PASS || p.epoch != priceEpoch' ==> 'blockedCounted[id]  &&  p.cancel ' --> CAUGHT
INFO:Slither-Mutate:Mutator LOR found 7 caught tweak mutants (out of 7 that compile)
INFO:Slither-Mutate:Running total: found 71 caught tweak mutants (out of 71 that compile)
WARNING:CryticCompile:Multiple frameworks detected: solc, Solc-json. Using solc (highest priority). Use --compile-force-framework to override.
INFO:Slither-Mutate:[MIA] Line 167: 'host_ == address(0)' ==> 'true' --> CAUGHT
WARNING:CryticCompile:Multiple frameworks detected: solc, Solc-json. Using solc (highest priority). Use --compile-force-framework to override.
INFO:Slither-Mutate:[MIA] Line 167: 'host_ == address(0)' ==> 'false' --> UNCAUGHT
WARNING:CryticCompile:Multiple frameworks detected: solc, Solc-json. Using solc (highest priority). Use --compile-force-framework to override.
INFO:Slither-Mutate:[MIA] Line 167: 'host_ == address(0)' ==> '!(host_ == address(0))' --> CAUGHT
WARNING:CryticCompile:Multiple frameworks detected: solc, Solc-json. Using solc (highest priority). Use --compile-force-framework to override.
INFO:Slither-Mutate:[MIA] Line 168: 'p.minDeposit == 0 || p.minDeposit > SLOTS' ==> 'true' --> CAUGHT
WARNING:CryticCompile:Multiple frameworks detected: solc, Solc-json. Using solc (highest priority). Use --compile-force-framework to override.
INFO:Slither-Mutate:[MIA] Line 168: 'p.minDeposit == 0 || p.minDeposit > SLOTS' ==> 'false' --> CAUGHT
WARNING:CryticCompile:Multiple frameworks detected: solc, Solc-json. Using solc (highest priority). Use --compile-force-framework to override.
INFO:Slither-Mutate:[MIA] Line 168: 'p.minDeposit == 0 || p.minDeposit > SLOTS' ==> '!(p.minDeposit == 0 || p.minDeposit > SLOTS)' --> CAUGHT
WARNING:CryticCompile:Multiple frameworks detected: solc, Solc-json. Using solc (highest priority). Use --compile-force-framework to override.
INFO:Slither-Mutate:[MIA] Line 169: 'p.durationDays == 0 || p.durationDays > 60' ==> 'true' --> CAUGHT
WARNING:CryticCompile:Multiple frameworks detected: solc, Solc-json. Using solc (highest priority). Use --compile-force-framework to override.
INFO:Slither-Mutate:[MIA] Line 169: 'p.durationDays == 0 || p.durationDays > 60' ==> 'false' --> CAUGHT
WARNING:CryticCompile:Multiple frameworks detected: solc, Solc-json. Using solc (highest priority). Use --compile-force-framework to override.
INFO:Slither-Mutate:[MIA] Line 169: 'p.durationDays == 0 || p.durationDays > 60' ==> '!(p.durationDays == 0 || p.durationDays > 60)' --> CAUGHT
WARNING:CryticCompile:Multiple frameworks detected: solc, Solc-json. Using solc (highest priority). Use --compile-force-framework to override.
INFO:Slither-Mutate:[MIA] Line 170: '!_windowOk(p.voteHours)' ==> 'true' --> CAUGHT
WARNING:CryticCompile:Multiple frameworks detected: solc, Solc-json. Using solc (highest priority). Use --compile-force-framework to override.
INFO:Slither-Mutate:[MIA] Line 170: '!_windowOk(p.voteHours)' ==> 'false' --> CAUGHT
WARNING:CryticCompile:Multiple frameworks detected: solc, Solc-json. Using solc (highest priority). Use --compile-force-framework to override.
INFO:Slither-Mutate:[MIA] Line 172: 'p.defaultPrice.mode != PriceMode.Fixed && p.minAskWei == 0' ==> 'true' --> CAUGHT
WARNING:CryticCompile:Multiple frameworks detected: solc, Solc-json. Using solc (highest priority). Use --compile-force-framework to override.
INFO:Slither-Mutate:[MIA] Line 172: 'p.defaultPrice.mode != PriceMode.Fixed && p.minAskWei == 0' ==> 'false' --> CAUGHT
WARNING:CryticCompile:Multiple frameworks detected: solc, Solc-json. Using solc (highest priority). Use --compile-force-framework to override.
INFO:Slither-Mutate:[MIA] Line 172: 'p.defaultPrice.mode != PriceMode.Fixed && p.minAskWei == 0' ==> '!(p.defaultPrice.mode != PriceMode.Fixed && p.minAskWei == 0)' --> CAUGHT
WARNING:CryticCompile:Multiple frameworks detected: solc, Solc-json. Using solc (highest priority). Use --compile-force-framework to override.
INFO:Slither-Mutate:[MIA] Line 173: 'p.buyDelayHours > MAX_BUY_DELAY_HOURS' ==> 'true' --> CAUGHT
WARNING:CryticCompile:Multiple frameworks detected: solc, Solc-json. Using solc (highest priority). Use --compile-force-framework to override.
INFO:Slither-Mutate:[MIA] Line 173: 'p.buyDelayHours > MAX_BUY_DELAY_HOURS' ==> 'false' --> CAUGHT
WARNING:CryticCompile:Multiple frameworks detected: solc, Solc-json. Using solc (highest priority). Use --compile-force-framework to override.
INFO:Slither-Mutate:[MIA] Line 173: 'p.buyDelayHours > MAX_BUY_DELAY_HOURS' ==> '!(p.buyDelayHours > MAX_BUY_DELAY_HOURS)' --> CAUGHT
WARNING:CryticCompile:Multiple frameworks detected: solc, Solc-json. Using solc (highest priority). Use --compile-force-framework to override.
INFO:Slither-Mutate:[MIA] Line 174: 'bytes(p.name).length == 0 || bytes(p.name).length > 60' ==> 'true' --> CAUGHT
WARNING:CryticCompile:Multiple frameworks detected: solc, Solc-json. Using solc (highest priority). Use --compile-force-framework to override.
INFO:Slither-Mutate:[MIA] Line 174: 'bytes(p.name).length == 0 || bytes(p.name).length > 60' ==> 'false' --> CAUGHT
WARNING:CryticCompile:Multiple frameworks detected: solc, Solc-json. Using solc (highest priority). Use --compile-force-framework to override.
INFO:Slither-Mutate:[MIA] Line 174: 'bytes(p.name).length == 0 || bytes(p.name).length > 60' ==> '!(bytes(p.name).length == 0 || bytes(p.name).length > 60)' --> CAUGHT
WARNING:CryticCompile:Multiple frameworks detected: solc, Solc-json. Using solc (highest priority). Use --compile-force-framework to override.
INFO:Slither-Mutate:[MIA] Line 175: 'bytes(p.description).length > 1000' ==> 'true' --> CAUGHT
WARNING:CryticCompile:Multiple frameworks detected: solc, Solc-json. Using solc (highest priority). Use --compile-force-framework to override.
INFO:Slither-Mutate:[MIA] Line 175: 'bytes(p.description).length > 1000' ==> 'false' --> CAUGHT
WARNING:CryticCompile:Multiple frameworks detected: solc, Solc-json. Using solc (highest priority). Use --compile-force-framework to override.
INFO:Slither-Mutate:[MIA] Line 175: 'bytes(p.description).length > 1000' ==> '!(bytes(p.description).length > 1000)' --> CAUGHT
WARNING:CryticCompile:Multiple frameworks detected: solc, Solc-json. Using solc (highest priority). Use --compile-force-framework to override.
INFO:Slither-Mutate:[MIA] Line 369: 'block.timestamp >= p.endsAt' ==> 'true' --> CAUGHT
WARNING:CryticCompile:Multiple frameworks detected: solc, Solc-json. Using solc (highest priority). Use --compile-force-framework to override.
INFO:Slither-Mutate:[MIA] Line 369: 'block.timestamp >= p.endsAt' ==> 'false' --> CAUGHT
WARNING:CryticCompile:Multiple frameworks detected: solc, Solc-json. Using solc (highest priority). Use --compile-force-framework to override.
INFO:Slither-Mutate:[MIA] Line 369: 'block.timestamp >= p.endsAt' ==> '!(block.timestamp >= p.endsAt)' --> CAUGHT
WARNING:CryticCompile:Multiple frameworks detected: solc, Solc-json. Using solc (highest priority). Use --compile-force-framework to override.
INFO:Slither-Mutate:[MIA] Line 371: 'w == 0' ==> 'true' --> UNCAUGHT
WARNING:CryticCompile:Multiple frameworks detected: solc, Solc-json. Using solc (highest priority). Use --compile-force-framework to override.
INFO:Slither-Mutate:[MIA] Line 371: 'w == 0' ==> 'false' --> CAUGHT
WARNING:CryticCompile:Multiple frameworks detected: solc, Solc-json. Using solc (highest priority). Use --compile-force-framework to override.
INFO:Slither-Mutate:[MIA] Line 371: 'w == 0' ==> '!(w == 0)' --> CAUGHT
WARNING:CryticCompile:Multiple frameworks detected: solc, Solc-json. Using solc (highest priority). Use --compile-force-framework to override.
INFO:Slither-Mutate:[MIA] Line 373: 'w == 0' ==> 'true' --> CAUGHT
WARNING:CryticCompile:Multiple frameworks detected: solc, Solc-json. Using solc (highest priority). Use --compile-force-framework to override.
INFO:Slither-Mutate:[MIA] Line 373: 'w == 0' ==> 'false' --> CAUGHT
WARNING:CryticCompile:Multiple frameworks detected: solc, Solc-json. Using solc (highest priority). Use --compile-force-framework to override.
INFO:Slither-Mutate:[MIA] Line 373: 'w == 0' ==> '!(w == 0)' --> CAUGHT
WARNING:CryticCompile:Multiple frameworks detected: solc, Solc-json. Using solc (highest priority). Use --compile-force-framework to override.
INFO:Slither-Mutate:[MIA] Line 377: 'prev == 1' ==> 'true' --> CAUGHT
WARNING:CryticCompile:Multiple frameworks detected: solc, Solc-json. Using solc (highest priority). Use --compile-force-framework to override.
INFO:Slither-Mutate:[MIA] Line 377: 'prev == 1' ==> 'false' --> CAUGHT
WARNING:CryticCompile:Multiple frameworks detected: solc, Solc-json. Using solc (highest priority). Use --compile-force-framework to override.
INFO:Slither-Mutate:[MIA] Line 377: 'prev == 1' ==> '!(prev == 1)' --> CAUGHT
WARNING:CryticCompile:Multiple frameworks detected: solc, Solc-json. Using solc (highest priority). Use --compile-force-framework to override.
INFO:Slither-Mutate:[MIA] Line 377: 'prev == 2' ==> 'true' --> CAUGHT
WARNING:CryticCompile:Multiple frameworks detected: solc, Solc-json. Using solc (highest priority). Use --compile-force-framework to override.
INFO:Slither-Mutate:[MIA] Line 377: 'prev == 2' ==> 'false' --> CAUGHT
WARNING:CryticCompile:Multiple frameworks detected: solc, Solc-json. Using solc (highest priority). Use --compile-force-framework to override.
INFO:Slither-Mutate:[MIA] Line 377: 'prev == 2' ==> '!(prev == 2)' --> CAUGHT
WARNING:CryticCompile:Multiple frameworks detected: solc, Solc-json. Using solc (highest priority). Use --compile-force-framework to override.
INFO:Slither-Mutate:[MIA] Line 378: 'support' ==> 'true' --> CAUGHT
WARNING:CryticCompile:Multiple frameworks detected: solc, Solc-json. Using solc (highest priority). Use --compile-force-framework to override.
INFO:Slither-Mutate:[MIA] Line 378: 'support' ==> 'false' --> CAUGHT
WARNING:CryticCompile:Multiple frameworks detected: solc, Solc-json. Using solc (highest priority). Use --compile-force-framework to override.
INFO:Slither-Mutate:[MIA] Line 378: 'support' ==> '!(support)' --> CAUGHT
WARNING:CryticCompile:Multiple frameworks detected: solc, Solc-json. Using solc (highest priority). Use --compile-force-framework to override.
INFO:Slither-Mutate:[MIA] Line 379: 'voteOf[id][voter] = support ? 1 : 2' ==> 'true' --> CAUGHT
WARNING:CryticCompile:Multiple frameworks detected: solc, Solc-json. Using solc (highest priority). Use --compile-force-framework to override.
INFO:Slither-Mutate:[MIA] Line 379: 'voteOf[id][voter] = support ? 1 : 2' ==> 'false' --> CAUGHT
WARNING:CryticCompile:Multiple frameworks detected: solc, Solc-json. Using solc (highest priority). Use --compile-force-framework to override.
INFO:Slither-Mutate:[MIA] Line 379: 'voteOf[id][voter] = support ? 1 : 2' ==> '!(voteOf[id][voter] = support ? 1 : 2)' --> COMPILATION FAILURE
WARNING:CryticCompile:Multiple frameworks detected: solc, Solc-json. Using solc (highest priority). Use --compile-force-framework to override.
INFO:Slither-Mutate:[MIA] Line 386: 'uint256 need = (!p.cancel && price < floorWei) ? PASS_BELOW_FLOOR : PASS' ==> 'true' --> CAUGHT
WARNING:CryticCompile:Multiple frameworks detected: solc, Solc-json. Using solc (highest priority). Use --compile-force-framework to override.
INFO:Slither-Mutate:[MIA] Line 386: 'uint256 need = (!p.cancel && price < floorWei) ? PASS_BELOW_FLOOR : PASS' ==> 'false' --> CAUGHT
WARNING:CryticCompile:Multiple frameworks detected: solc, Solc-json. Using solc (highest priority). Use --compile-force-framework to override.
INFO:Slither-Mutate:[MIA] Line 386: 'uint256 need = (!p.cancel && price < floorWei) ? PASS_BELOW_FLOOR : PASS' ==> '!(uint256 need = (!p.cancel && price < floorWei) ? PASS_BELOW_FLOOR : PASS)' --> COMPILATION FAILURE
WARNING:CryticCompile:Multiple frameworks detected: solc, Solc-json. Using solc (highest priority). Use --compile-force-framework to override.
INFO:Slither-Mutate:[MIA] Line 387: 'p.deadlock && need < PASS_DEADLOCK' ==> 'true' --> CAUGHT
WARNING:CryticCompile:Multiple frameworks detected: solc, Solc-json. Using solc (highest priority). Use --compile-force-framework to override.
INFO:Slither-Mutate:[MIA] Line 387: 'p.deadlock && need < PASS_DEADLOCK' ==> 'false' --> CAUGHT
WARNING:CryticCompile:Multiple frameworks detected: solc, Solc-json. Using solc (highest priority). Use --compile-force-framework to override.
INFO:Slither-Mutate:[MIA] Line 387: 'p.deadlock && need < PASS_DEADLOCK' ==> '!(p.deadlock && need < PASS_DEADLOCK)' --> CAUGHT
WARNING:CryticCompile:Multiple frameworks detected: solc, Solc-json. Using solc (highest priority). Use --compile-force-framework to override.
INFO:Slither-Mutate:[MIA] Line 443: 'blockedCounted[id] || p.cancel || p.executed || block.timestamp < p.endsAt || p.no == 0 || p.deadlock || p.yes < PASS || p.epoch != priceEpoch' ==> 'true' --> CAUGHT
WARNING:CryticCompile:Multiple frameworks detected: solc, Solc-json. Using solc (highest priority). Use --compile-force-framework to override.
INFO:Slither-Mutate:[MIA] Line 443: 'blockedCounted[id] || p.cancel || p.executed || block.timestamp < p.endsAt || p.no == 0 || p.deadlock || p.yes < PASS || p.epoch != priceEpoch' ==> 'false' --> CAUGHT
WARNING:CryticCompile:Multiple frameworks detected: solc, Solc-json. Using solc (highest priority). Use --compile-force-framework to override.
INFO:Slither-Mutate:[MIA] Line 443: 'blockedCounted[id] || p.cancel || p.executed || block.timestamp < p.endsAt || p.no == 0 || p.deadlock || p.yes < PASS || p.epoch != priceEpoch' ==> '!(blockedCounted[id] || p.cancel || p.executed || block.timestamp < p.endsAt || p.no == 0 || p.deadlock || p.yes < PASS || p.epoch != priceEpoch)' --> CAUGHT
WARNING:CryticCompile:Multiple frameworks detected: solc, Solc-json. Using solc (highest priority). Use --compile-force-framework to override.
INFO:Slither-Mutate:[MIA] Line 571: 'p.mode == PriceMode.Fixed' ==> 'true' --> CAUGHT
WARNING:CryticCompile:Multiple frameworks detected: solc, Solc-json. Using solc (highest priority). Use --compile-force-framework to override.
INFO:Slither-Mutate:[MIA] Line 571: 'p.mode == PriceMode.Fixed' ==> 'false' --> CAUGHT
WARNING:CryticCompile:Multiple frameworks detected: solc, Solc-json. Using solc (highest priority). Use --compile-force-framework to override.
INFO:Slither-Mutate:[MIA] Line 571: 'p.mode == PriceMode.Fixed' ==> '!(p.mode == PriceMode.Fixed)' --> CAUGHT
INFO:Slither-Mutate:Mutator MIA found 52 caught tweak mutants (out of 54 that compile)
INFO:Slither-Mutate:Running total: found 123 caught tweak mutants (out of 125 that compile)
WARNING:CryticCompile:Multiple frameworks detected: solc, Solc-json. Using solc (highest priority). Use --compile-force-framework to override.
INFO:Slither-Mutate:[MVIE] Line 368: 'Proposal storage p = _proposals[id]' ==> 'Proposal storage p ' --> COMPILATION FAILURE
WARNING:CryticCompile:Multiple frameworks detected: solc, Solc-json. Using solc (highest priority). Use --compile-force-framework to override.
INFO:Slither-Mutate:[MVIE] Line 370: 'uint128 w = weightOf[id][voter]' ==> 'uint128 w ' --> UNCAUGHT
WARNING:CryticCompile:Multiple frameworks detected: solc, Solc-json. Using solc (highest priority). Use --compile-force-framework to override.
INFO:Slither-Mutate:[MVIE] Line 376: 'uint8 prev = voteOf[id][voter]' ==> 'uint8 prev ' --> CAUGHT
WARNING:CryticCompile:Multiple frameworks detected: solc, Solc-json. Using solc (highest priority). Use --compile-force-framework to override.
INFO:Slither-Mutate:[MVIE] Line 385: 'Proposal storage p = _proposals[id]' ==> 'Proposal storage p ' --> COMPILATION FAILURE
WARNING:CryticCompile:Multiple frameworks detected: solc, Solc-json. Using solc (highest priority). Use --compile-force-framework to override.
INFO:Slither-Mutate:[MVIE] Line 386: 'uint256 need = (!p.cancel && price < floorWei) ? PASS_BELOW_FLOOR : PASS' ==> 'uint256 need ' --> CAUGHT
WARNING:CryticCompile:Multiple frameworks detected: solc, Solc-json. Using solc (highest priority). Use --compile-force-framework to override.
INFO:Slither-Mutate:[MVIE] Line 440: 'Proposal storage p = _proposals[id]' ==> 'Proposal storage p ' --> COMPILATION FAILURE
INFO:Slither-Mutate:Mutator MVIE found 2 caught tweak mutants (out of 3 that compile)
INFO:Slither-Mutate:Running total: found 125 caught tweak mutants (out of 128 that compile)
INFO:Slither-Mutate:Mutator MVIV found 0 caught tweak mutants (out of 0 that compile)
INFO:Slither-Mutate:Running total: found 125 caught tweak mutants (out of 128 that compile)
INFO:Slither-Mutate:Mutator MWA found 0 caught tweak mutants (out of 0 that compile)
INFO:Slither-Mutate:Running total: found 125 caught tweak mutants (out of 128 that compile)
WARNING:CryticCompile:Multiple frameworks detected: solc, Solc-json. Using solc (highest priority). Use --compile-force-framework to override.
INFO:Slither-Mutate:[ROR] Line 168: 'p.minDeposit == 0 || p.minDeposit > SLOTS' ==> 'p.minDeposit < 0 || p.minDeposit > SLOTS' --> CAUGHT
WARNING:CryticCompile:Multiple frameworks detected: solc, Solc-json. Using solc (highest priority). Use --compile-force-framework to override.
INFO:Slither-Mutate:[ROR] Line 168: 'p.minDeposit == 0 || p.minDeposit > SLOTS' ==> 'p.minDeposit > 0 || p.minDeposit > SLOTS' --> CAUGHT
WARNING:CryticCompile:Multiple frameworks detected: solc, Solc-json. Using solc (highest priority). Use --compile-force-framework to override.
INFO:Slither-Mutate:[ROR] Line 168: 'p.minDeposit == 0 || p.minDeposit > SLOTS' ==> 'p.minDeposit <= 0 || p.minDeposit > SLOTS' --> UNCAUGHT
WARNING:CryticCompile:Multiple frameworks detected: solc, Solc-json. Using solc (highest priority). Use --compile-force-framework to override.
INFO:Slither-Mutate:[ROR] Line 168: 'p.minDeposit == 0 || p.minDeposit > SLOTS' ==> 'p.minDeposit >= 0 || p.minDeposit > SLOTS' --> CAUGHT
WARNING:CryticCompile:Multiple frameworks detected: solc, Solc-json. Using solc (highest priority). Use --compile-force-framework to override.
INFO:Slither-Mutate:[ROR] Line 168: 'p.minDeposit == 0 || p.minDeposit > SLOTS' ==> 'p.minDeposit != 0 || p.minDeposit > SLOTS' --> CAUGHT
WARNING:CryticCompile:Multiple frameworks detected: solc, Solc-json. Using solc (highest priority). Use --compile-force-framework to override.
INFO:Slither-Mutate:[ROR] Line 168: 'p.minDeposit == 0 || p.minDeposit > SLOTS' ==> 'p.minDeposit == 0 || p.minDeposit < SLOTS' --> CAUGHT
WARNING:CryticCompile:Multiple frameworks detected: solc, Solc-json. Using solc (highest priority). Use --compile-force-framework to override.
INFO:Slither-Mutate:[ROR] Line 168: 'p.minDeposit == 0 || p.minDeposit > SLOTS' ==> 'p.minDeposit == 0 || p.minDeposit <= SLOTS' --> CAUGHT
WARNING:CryticCompile:Multiple frameworks detected: solc, Solc-json. Using solc (highest priority). Use --compile-force-framework to override.
INFO:Slither-Mutate:[ROR] Line 168: 'p.minDeposit == 0 || p.minDeposit > SLOTS' ==> 'p.minDeposit == 0 || p.minDeposit >= SLOTS' --> CAUGHT
WARNING:CryticCompile:Multiple frameworks detected: solc, Solc-json. Using solc (highest priority). Use --compile-force-framework to override.
INFO:Slither-Mutate:[ROR] Line 168: 'p.minDeposit == 0 || p.minDeposit > SLOTS' ==> 'p.minDeposit == 0 || p.minDeposit == SLOTS' --> CAUGHT
WARNING:CryticCompile:Multiple frameworks detected: solc, Solc-json. Using solc (highest priority). Use --compile-force-framework to override.
INFO:Slither-Mutate:[ROR] Line 168: 'p.minDeposit == 0 || p.minDeposit > SLOTS' ==> 'p.minDeposit == 0 || p.minDeposit != SLOTS' --> CAUGHT
WARNING:CryticCompile:Multiple frameworks detected: solc, Solc-json. Using solc (highest priority). Use --compile-force-framework to override.
INFO:Slither-Mutate:[ROR] Line 169: 'p.durationDays == 0 || p.durationDays > 60' ==> 'p.durationDays < 0 || p.durationDays > 60' --> CAUGHT
WARNING:CryticCompile:Multiple frameworks detected: solc, Solc-json. Using solc (highest priority). Use --compile-force-framework to override.
INFO:Slither-Mutate:[ROR] Line 169: 'p.durationDays == 0 || p.durationDays > 60' ==> 'p.durationDays > 0 || p.durationDays > 60' --> CAUGHT
WARNING:CryticCompile:Multiple frameworks detected: solc, Solc-json. Using solc (highest priority). Use --compile-force-framework to override.
INFO:Slither-Mutate:[ROR] Line 169: 'p.durationDays == 0 || p.durationDays > 60' ==> 'p.durationDays <= 0 || p.durationDays > 60' --> UNCAUGHT
WARNING:CryticCompile:Multiple frameworks detected: solc, Solc-json. Using solc (highest priority). Use --compile-force-framework to override.
INFO:Slither-Mutate:[ROR] Line 169: 'p.durationDays == 0 || p.durationDays > 60' ==> 'p.durationDays >= 0 || p.durationDays > 60' --> CAUGHT
WARNING:CryticCompile:Multiple frameworks detected: solc, Solc-json. Using solc (highest priority). Use --compile-force-framework to override.
INFO:Slither-Mutate:[ROR] Line 169: 'p.durationDays == 0 || p.durationDays > 60' ==> 'p.durationDays != 0 || p.durationDays > 60' --> CAUGHT
WARNING:CryticCompile:Multiple frameworks detected: solc, Solc-json. Using solc (highest priority). Use --compile-force-framework to override.
INFO:Slither-Mutate:[ROR] Line 169: 'p.durationDays == 0 || p.durationDays > 60' ==> 'p.durationDays == 0 || p.durationDays < 60' --> CAUGHT
WARNING:CryticCompile:Multiple frameworks detected: solc, Solc-json. Using solc (highest priority). Use --compile-force-framework to override.
INFO:Slither-Mutate:[ROR] Line 169: 'p.durationDays == 0 || p.durationDays > 60' ==> 'p.durationDays == 0 || p.durationDays <= 60' --> CAUGHT
WARNING:CryticCompile:Multiple frameworks detected: solc, Solc-json. Using solc (highest priority). Use --compile-force-framework to override.
INFO:Slither-Mutate:[ROR] Line 169: 'p.durationDays == 0 || p.durationDays > 60' ==> 'p.durationDays == 0 || p.durationDays >= 60' --> CAUGHT
WARNING:CryticCompile:Multiple frameworks detected: solc, Solc-json. Using solc (highest priority). Use --compile-force-framework to override.
INFO:Slither-Mutate:[ROR] Line 169: 'p.durationDays == 0 || p.durationDays > 60' ==> 'p.durationDays == 0 || p.durationDays == 60' --> CAUGHT
WARNING:CryticCompile:Multiple frameworks detected: solc, Solc-json. Using solc (highest priority). Use --compile-force-framework to override.
INFO:Slither-Mutate:[ROR] Line 169: 'p.durationDays == 0 || p.durationDays > 60' ==> 'p.durationDays == 0 || p.durationDays != 60' --> CAUGHT
WARNING:CryticCompile:Multiple frameworks detected: solc, Solc-json. Using solc (highest priority). Use --compile-force-framework to override.
INFO:Slither-Mutate:[ROR] Line 172: 'p.defaultPrice.mode != PriceMode.Fixed && p.minAskWei == 0' ==> 'p.defaultPrice.mode < PriceMode.Fixed && p.minAskWei == 0' --> CAUGHT
WARNING:CryticCompile:Multiple frameworks detected: solc, Solc-json. Using solc (highest priority). Use --compile-force-framework to override.
INFO:Slither-Mutate:[ROR] Line 172: 'p.defaultPrice.mode != PriceMode.Fixed && p.minAskWei == 0' ==> 'p.defaultPrice.mode > PriceMode.Fixed && p.minAskWei == 0' --> UNCAUGHT
WARNING:CryticCompile:Multiple frameworks detected: solc, Solc-json. Using solc (highest priority). Use --compile-force-framework to override.
INFO:Slither-Mutate:[ROR] Line 172: 'p.defaultPrice.mode != PriceMode.Fixed && p.minAskWei == 0' ==> 'p.defaultPrice.mode <= PriceMode.Fixed && p.minAskWei == 0' --> CAUGHT
WARNING:CryticCompile:Multiple frameworks detected: solc, Solc-json. Using solc (highest priority). Use --compile-force-framework to override.
INFO:Slither-Mutate:[ROR] Line 172: 'p.defaultPrice.mode != PriceMode.Fixed && p.minAskWei == 0' ==> 'p.defaultPrice.mode >= PriceMode.Fixed && p.minAskWei == 0' --> CAUGHT
WARNING:CryticCompile:Multiple frameworks detected: solc, Solc-json. Using solc (highest priority). Use --compile-force-framework to override.
INFO:Slither-Mutate:[ROR] Line 172: 'p.defaultPrice.mode != PriceMode.Fixed && p.minAskWei == 0' ==> 'p.defaultPrice.mode == PriceMode.Fixed && p.minAskWei == 0' --> CAUGHT
WARNING:CryticCompile:Multiple frameworks detected: solc, Solc-json. Using solc (highest priority). Use --compile-force-framework to override.
INFO:Slither-Mutate:[ROR] Line 172: 'p.defaultPrice.mode != PriceMode.Fixed && p.minAskWei == 0' ==> 'p.defaultPrice.mode != PriceMode.Fixed && p.minAskWei < 0' --> CAUGHT
WARNING:CryticCompile:Multiple frameworks detected: solc, Solc-json. Using solc (highest priority). Use --compile-force-framework to override.
INFO:Slither-Mutate:[ROR] Line 172: 'p.defaultPrice.mode != PriceMode.Fixed && p.minAskWei == 0' ==> 'p.defaultPrice.mode != PriceMode.Fixed && p.minAskWei > 0' --> CAUGHT
WARNING:CryticCompile:Multiple frameworks detected: solc, Solc-json. Using solc (highest priority). Use --compile-force-framework to override.
INFO:Slither-Mutate:[ROR] Line 172: 'p.defaultPrice.mode != PriceMode.Fixed && p.minAskWei == 0' ==> 'p.defaultPrice.mode != PriceMode.Fixed && p.minAskWei <= 0' --> UNCAUGHT
WARNING:CryticCompile:Multiple frameworks detected: solc, Solc-json. Using solc (highest priority). Use --compile-force-framework to override.
INFO:Slither-Mutate:[ROR] Line 172: 'p.defaultPrice.mode != PriceMode.Fixed && p.minAskWei == 0' ==> 'p.defaultPrice.mode != PriceMode.Fixed && p.minAskWei >= 0' --> CAUGHT
WARNING:CryticCompile:Multiple frameworks detected: solc, Solc-json. Using solc (highest priority). Use --compile-force-framework to override.
INFO:Slither-Mutate:[ROR] Line 172: 'p.defaultPrice.mode != PriceMode.Fixed && p.minAskWei == 0' ==> 'p.defaultPrice.mode != PriceMode.Fixed && p.minAskWei != 0' --> CAUGHT
WARNING:CryticCompile:Multiple frameworks detected: solc, Solc-json. Using solc (highest priority). Use --compile-force-framework to override.
INFO:Slither-Mutate:[ROR] Line 173: 'p.buyDelayHours > MAX_BUY_DELAY_HOURS' ==> 'p.buyDelayHours < MAX_BUY_DELAY_HOURS' --> CAUGHT
WARNING:CryticCompile:Multiple frameworks detected: solc, Solc-json. Using solc (highest priority). Use --compile-force-framework to override.
INFO:Slither-Mutate:[ROR] Line 173: 'p.buyDelayHours > MAX_BUY_DELAY_HOURS' ==> 'p.buyDelayHours <= MAX_BUY_DELAY_HOURS' --> CAUGHT
WARNING:CryticCompile:Multiple frameworks detected: solc, Solc-json. Using solc (highest priority). Use --compile-force-framework to override.
INFO:Slither-Mutate:[ROR] Line 173: 'p.buyDelayHours > MAX_BUY_DELAY_HOURS' ==> 'p.buyDelayHours >= MAX_BUY_DELAY_HOURS' --> CAUGHT
WARNING:CryticCompile:Multiple frameworks detected: solc, Solc-json. Using solc (highest priority). Use --compile-force-framework to override.
INFO:Slither-Mutate:[ROR] Line 173: 'p.buyDelayHours > MAX_BUY_DELAY_HOURS' ==> 'p.buyDelayHours == MAX_BUY_DELAY_HOURS' --> CAUGHT
WARNING:CryticCompile:Multiple frameworks detected: solc, Solc-json. Using solc (highest priority). Use --compile-force-framework to override.
INFO:Slither-Mutate:[ROR] Line 173: 'p.buyDelayHours > MAX_BUY_DELAY_HOURS' ==> 'p.buyDelayHours != MAX_BUY_DELAY_HOURS' --> CAUGHT
WARNING:CryticCompile:Multiple frameworks detected: solc, Solc-json. Using solc (highest priority). Use --compile-force-framework to override.
INFO:Slither-Mutate:[ROR] Line 174: 'bytes(p.name).length == 0 || bytes(p.name).length > 60' ==> 'bytes(p.name).length < 0 || bytes(p.name).length > 60' --> CAUGHT
WARNING:CryticCompile:Multiple frameworks detected: solc, Solc-json. Using solc (highest priority). Use --compile-force-framework to override.
INFO:Slither-Mutate:[ROR] Line 174: 'bytes(p.name).length == 0 || bytes(p.name).length > 60' ==> 'bytes(p.name).length > 0 || bytes(p.name).length > 60' --> CAUGHT
WARNING:CryticCompile:Multiple frameworks detected: solc, Solc-json. Using solc (highest priority). Use --compile-force-framework to override.
INFO:Slither-Mutate:[ROR] Line 174: 'bytes(p.name).length == 0 || bytes(p.name).length > 60' ==> 'bytes(p.name).length <= 0 || bytes(p.name).length > 60' --> UNCAUGHT
WARNING:CryticCompile:Multiple frameworks detected: solc, Solc-json. Using solc (highest priority). Use --compile-force-framework to override.
INFO:Slither-Mutate:[ROR] Line 174: 'bytes(p.name).length == 0 || bytes(p.name).length > 60' ==> 'bytes(p.name).length >= 0 || bytes(p.name).length > 60' --> CAUGHT
WARNING:CryticCompile:Multiple frameworks detected: solc, Solc-json. Using solc (highest priority). Use --compile-force-framework to override.
INFO:Slither-Mutate:[ROR] Line 174: 'bytes(p.name).length == 0 || bytes(p.name).length > 60' ==> 'bytes(p.name).length != 0 || bytes(p.name).length > 60' --> CAUGHT
WARNING:CryticCompile:Multiple frameworks detected: solc, Solc-json. Using solc (highest priority). Use --compile-force-framework to override.
INFO:Slither-Mutate:[ROR] Line 174: 'bytes(p.name).length == 0 || bytes(p.name).length > 60' ==> 'bytes(p.name).length == 0 || bytes(p.name).length < 60' --> CAUGHT
WARNING:CryticCompile:Multiple frameworks detected: solc, Solc-json. Using solc (highest priority). Use --compile-force-framework to override.
INFO:Slither-Mutate:[ROR] Line 174: 'bytes(p.name).length == 0 || bytes(p.name).length > 60' ==> 'bytes(p.name).length == 0 || bytes(p.name).length <= 60' --> CAUGHT
WARNING:CryticCompile:Multiple frameworks detected: solc, Solc-json. Using solc (highest priority). Use --compile-force-framework to override.
INFO:Slither-Mutate:[ROR] Line 174: 'bytes(p.name).length == 0 || bytes(p.name).length > 60' ==> 'bytes(p.name).length == 0 || bytes(p.name).length >= 60' --> CAUGHT
WARNING:CryticCompile:Multiple frameworks detected: solc, Solc-json. Using solc (highest priority). Use --compile-force-framework to override.
INFO:Slither-Mutate:[ROR] Line 174: 'bytes(p.name).length == 0 || bytes(p.name).length > 60' ==> 'bytes(p.name).length == 0 || bytes(p.name).length == 60' --> CAUGHT
WARNING:CryticCompile:Multiple frameworks detected: solc, Solc-json. Using solc (highest priority). Use --compile-force-framework to override.
INFO:Slither-Mutate:[ROR] Line 174: 'bytes(p.name).length == 0 || bytes(p.name).length > 60' ==> 'bytes(p.name).length == 0 || bytes(p.name).length != 60' --> CAUGHT
WARNING:CryticCompile:Multiple frameworks detected: solc, Solc-json. Using solc (highest priority). Use --compile-force-framework to override.
INFO:Slither-Mutate:[ROR] Line 175: 'bytes(p.description).length > 1000' ==> 'bytes(p.description).length < 1000' --> CAUGHT
WARNING:CryticCompile:Multiple frameworks detected: solc, Solc-json. Using solc (highest priority). Use --compile-force-framework to override.
INFO:Slither-Mutate:[ROR] Line 175: 'bytes(p.description).length > 1000' ==> 'bytes(p.description).length <= 1000' --> CAUGHT
WARNING:CryticCompile:Multiple frameworks detected: solc, Solc-json. Using solc (highest priority). Use --compile-force-framework to override.
INFO:Slither-Mutate:[ROR] Line 175: 'bytes(p.description).length > 1000' ==> 'bytes(p.description).length >= 1000' --> CAUGHT
WARNING:CryticCompile:Multiple frameworks detected: solc, Solc-json. Using solc (highest priority). Use --compile-force-framework to override.
INFO:Slither-Mutate:[ROR] Line 175: 'bytes(p.description).length > 1000' ==> 'bytes(p.description).length == 1000' --> CAUGHT
WARNING:CryticCompile:Multiple frameworks detected: solc, Solc-json. Using solc (highest priority). Use --compile-force-framework to override.
INFO:Slither-Mutate:[ROR] Line 175: 'bytes(p.description).length > 1000' ==> 'bytes(p.description).length != 1000' --> CAUGHT
WARNING:CryticCompile:Multiple frameworks detected: solc, Solc-json. Using solc (highest priority). Use --compile-force-framework to override.
INFO:Slither-Mutate:[ROR] Line 369: 'block.timestamp >= p.endsAt' ==> 'block.timestamp < p.endsAt' --> CAUGHT
WARNING:CryticCompile:Multiple frameworks detected: solc, Solc-json. Using solc (highest priority). Use --compile-force-framework to override.
INFO:Slither-Mutate:[ROR] Line 369: 'block.timestamp >= p.endsAt' ==> 'block.timestamp > p.endsAt' --> CAUGHT
WARNING:CryticCompile:Multiple frameworks detected: solc, Solc-json. Using solc (highest priority). Use --compile-force-framework to override.
INFO:Slither-Mutate:[ROR] Line 369: 'block.timestamp >= p.endsAt' ==> 'block.timestamp <= p.endsAt' --> CAUGHT
WARNING:CryticCompile:Multiple frameworks detected: solc, Solc-json. Using solc (highest priority). Use --compile-force-framework to override.
INFO:Slither-Mutate:[ROR] Line 369: 'block.timestamp >= p.endsAt' ==> 'block.timestamp == p.endsAt' --> UNCAUGHT
WARNING:CryticCompile:Multiple frameworks detected: solc, Solc-json. Using solc (highest priority). Use --compile-force-framework to override.
INFO:Slither-Mutate:[ROR] Line 369: 'block.timestamp >= p.endsAt' ==> 'block.timestamp != p.endsAt' --> CAUGHT
WARNING:CryticCompile:Multiple frameworks detected: solc, Solc-json. Using solc (highest priority). Use --compile-force-framework to override.
INFO:Slither-Mutate:[ROR] Line 371: 'w == 0' ==> 'w < 0' --> CAUGHT
WARNING:CryticCompile:Multiple frameworks detected: solc, Solc-json. Using solc (highest priority). Use --compile-force-framework to override.
INFO:Slither-Mutate:[ROR] Line 371: 'w == 0' ==> 'w > 0' --> CAUGHT
WARNING:CryticCompile:Multiple frameworks detected: solc, Solc-json. Using solc (highest priority). Use --compile-force-framework to override.
INFO:Slither-Mutate:[ROR] Line 371: 'w == 0' ==> 'w <= 0' --> UNCAUGHT
WARNING:CryticCompile:Multiple frameworks detected: solc, Solc-json. Using solc (highest priority). Use --compile-force-framework to override.
INFO:Slither-Mutate:[ROR] Line 371: 'w == 0' ==> 'w >= 0' --> UNCAUGHT
WARNING:CryticCompile:Multiple frameworks detected: solc, Solc-json. Using solc (highest priority). Use --compile-force-framework to override.
INFO:Slither-Mutate:[ROR] Line 371: 'w == 0' ==> 'w != 0' --> CAUGHT
WARNING:CryticCompile:Multiple frameworks detected: solc, Solc-json. Using solc (highest priority). Use --compile-force-framework to override.
INFO:Slither-Mutate:[ROR] Line 373: 'w == 0' ==> 'w < 0' --> CAUGHT
WARNING:CryticCompile:Multiple frameworks detected: solc, Solc-json. Using solc (highest priority). Use --compile-force-framework to override.
INFO:Slither-Mutate:[ROR] Line 373: 'w == 0' ==> 'w > 0' --> CAUGHT
WARNING:CryticCompile:Multiple frameworks detected: solc, Solc-json. Using solc (highest priority). Use --compile-force-framework to override.
INFO:Slither-Mutate:[ROR] Line 373: 'w == 0' ==> 'w <= 0' --> UNCAUGHT
WARNING:CryticCompile:Multiple frameworks detected: solc, Solc-json. Using solc (highest priority). Use --compile-force-framework to override.
INFO:Slither-Mutate:[ROR] Line 373: 'w == 0' ==> 'w >= 0' --> CAUGHT
WARNING:CryticCompile:Multiple frameworks detected: solc, Solc-json. Using solc (highest priority). Use --compile-force-framework to override.
INFO:Slither-Mutate:[ROR] Line 373: 'w == 0' ==> 'w != 0' --> CAUGHT
WARNING:CryticCompile:Multiple frameworks detected: solc, Solc-json. Using solc (highest priority). Use --compile-force-framework to override.
INFO:Slither-Mutate:[ROR] Line 377: 'prev == 1' ==> 'prev < 1' --> CAUGHT
WARNING:CryticCompile:Multiple frameworks detected: solc, Solc-json. Using solc (highest priority). Use --compile-force-framework to override.
INFO:Slither-Mutate:[ROR] Line 377: 'prev == 1' ==> 'prev > 1' --> CAUGHT
WARNING:CryticCompile:Multiple frameworks detected: solc, Solc-json. Using solc (highest priority). Use --compile-force-framework to override.
INFO:Slither-Mutate:[ROR] Line 377: 'prev == 1' ==> 'prev <= 1' --> CAUGHT
WARNING:CryticCompile:Multiple frameworks detected: solc, Solc-json. Using solc (highest priority). Use --compile-force-framework to override.
INFO:Slither-Mutate:[ROR] Line 377: 'prev == 1' ==> 'prev >= 1' --> CAUGHT
WARNING:CryticCompile:Multiple frameworks detected: solc, Solc-json. Using solc (highest priority). Use --compile-force-framework to override.
INFO:Slither-Mutate:[ROR] Line 377: 'prev == 1' ==> 'prev != 1' --> CAUGHT
WARNING:CryticCompile:Multiple frameworks detected: solc, Solc-json. Using solc (highest priority). Use --compile-force-framework to override.
INFO:Slither-Mutate:[ROR] Line 377: 'prev == 2' ==> 'prev < 2' --> CAUGHT
WARNING:CryticCompile:Multiple frameworks detected: solc, Solc-json. Using solc (highest priority). Use --compile-force-framework to override.
INFO:Slither-Mutate:[ROR] Line 377: 'prev == 2' ==> 'prev > 2' --> CAUGHT
WARNING:CryticCompile:Multiple frameworks detected: solc, Solc-json. Using solc (highest priority). Use --compile-force-framework to override.
INFO:Slither-Mutate:[ROR] Line 377: 'prev == 2' ==> 'prev <= 2' --> CAUGHT
WARNING:CryticCompile:Multiple frameworks detected: solc, Solc-json. Using solc (highest priority). Use --compile-force-framework to override.
INFO:Slither-Mutate:[ROR] Line 377: 'prev == 2' ==> 'prev >= 2' --> UNCAUGHT
WARNING:CryticCompile:Multiple frameworks detected: solc, Solc-json. Using solc (highest priority). Use --compile-force-framework to override.
INFO:Slither-Mutate:[ROR] Line 377: 'prev == 2' ==> 'prev != 2' --> CAUGHT
WARNING:CryticCompile:Multiple frameworks detected: solc, Solc-json. Using solc (highest priority). Use --compile-force-framework to override.
INFO:Slither-Mutate:[ROR] Line 386: 'uint256 need = (!p.cancel && price < floorWei) ? PASS_BELOW_FLOOR : PASS' ==> 'uint256 need = (!p.cancel && price > floorWei) ? PASS_BELOW_FLOOR : PASS' --> COMPILATION FAILURE
WARNING:CryticCompile:Multiple frameworks detected: solc, Solc-json. Using solc (highest priority). Use --compile-force-framework to override.
INFO:Slither-Mutate:[ROR] Line 386: 'uint256 need = (!p.cancel && price < floorWei) ? PASS_BELOW_FLOOR : PASS' ==> 'uint256 need = (!p.cancel && price <= floorWei) ? PASS_BELOW_FLOOR : PASS' --> COMPILATION FAILURE
WARNING:CryticCompile:Multiple frameworks detected: solc, Solc-json. Using solc (highest priority). Use --compile-force-framework to override.
INFO:Slither-Mutate:[ROR] Line 386: 'uint256 need = (!p.cancel && price < floorWei) ? PASS_BELOW_FLOOR : PASS' ==> 'uint256 need = (!p.cancel && price >= floorWei) ? PASS_BELOW_FLOOR : PASS' --> COMPILATION FAILURE
WARNING:CryticCompile:Multiple frameworks detected: solc, Solc-json. Using solc (highest priority). Use --compile-force-framework to override.
INFO:Slither-Mutate:[ROR] Line 386: 'uint256 need = (!p.cancel && price < floorWei) ? PASS_BELOW_FLOOR : PASS' ==> 'uint256 need = (!p.cancel && price == floorWei) ? PASS_BELOW_FLOOR : PASS' --> COMPILATION FAILURE
WARNING:CryticCompile:Multiple frameworks detected: solc, Solc-json. Using solc (highest priority). Use --compile-force-framework to override.
INFO:Slither-Mutate:[ROR] Line 386: 'uint256 need = (!p.cancel && price < floorWei) ? PASS_BELOW_FLOOR : PASS' ==> 'uint256 need = (!p.cancel && price != floorWei) ? PASS_BELOW_FLOOR : PASS' --> COMPILATION FAILURE
WARNING:CryticCompile:Multiple frameworks detected: solc, Solc-json. Using solc (highest priority). Use --compile-force-framework to override.
INFO:Slither-Mutate:[ROR] Line 387: 'p.deadlock && need < PASS_DEADLOCK' ==> 'p.deadlock && need > PASS_DEADLOCK' --> CAUGHT
WARNING:CryticCompile:Multiple frameworks detected: solc, Solc-json. Using solc (highest priority). Use --compile-force-framework to override.
INFO:Slither-Mutate:[ROR] Line 387: 'p.deadlock && need < PASS_DEADLOCK' ==> 'p.deadlock && need <= PASS_DEADLOCK' --> UNCAUGHT
WARNING:CryticCompile:Multiple frameworks detected: solc, Solc-json. Using solc (highest priority). Use --compile-force-framework to override.
INFO:Slither-Mutate:[ROR] Line 387: 'p.deadlock && need < PASS_DEADLOCK' ==> 'p.deadlock && need >= PASS_DEADLOCK' --> CAUGHT
WARNING:CryticCompile:Multiple frameworks detected: solc, Solc-json. Using solc (highest priority). Use --compile-force-framework to override.
INFO:Slither-Mutate:[ROR] Line 387: 'p.deadlock && need < PASS_DEADLOCK' ==> 'p.deadlock && need == PASS_DEADLOCK' --> CAUGHT
WARNING:CryticCompile:Multiple frameworks detected: solc, Solc-json. Using solc (highest priority). Use --compile-force-framework to override.
INFO:Slither-Mutate:[ROR] Line 387: 'p.deadlock && need < PASS_DEADLOCK' ==> 'p.deadlock && need != PASS_DEADLOCK' --> CAUGHT
WARNING:CryticCompile:Multiple frameworks detected: solc, Solc-json. Using solc (highest priority). Use --compile-force-framework to override.
INFO:Slither-Mutate:[ROR] Line 443: 'blockedCounted[id] || p.cancel || p.executed || block.timestamp < p.endsAt || p.no == 0 || p.deadlock || p.yes < PASS || p.epoch != priceEpoch' ==> 'blockedCounted[id] || p.cancel || p.executed || block.timestamp > p.endsAt || p.no == 0 || p.deadlock || p.yes ' --> COMPILATION FAILURE
WARNING:CryticCompile:Multiple frameworks detected: solc, Solc-json. Using solc (highest priority). Use --compile-force-framework to override.
INFO:Slither-Mutate:[ROR] Line 443: 'blockedCounted[id] || p.cancel || p.executed || block.timestamp < p.endsAt || p.no == 0 || p.deadlock || p.yes < PASS || p.epoch != priceEpoch' ==> 'blockedCounted[id] || p.cancel || p.executed || block.timestamp <= p.endsAt || p.no == 0 || p.deadlock || p.yes ' --> COMPILATION FAILURE
WARNING:CryticCompile:Multiple frameworks detected: solc, Solc-json. Using solc (highest priority). Use --compile-force-framework to override.
INFO:Slither-Mutate:[ROR] Line 443: 'blockedCounted[id] || p.cancel || p.executed || block.timestamp < p.endsAt || p.no == 0 || p.deadlock || p.yes < PASS || p.epoch != priceEpoch' ==> 'blockedCounted[id] || p.cancel || p.executed || block.timestamp >= p.endsAt || p.no == 0 || p.deadlock || p.yes ' --> COMPILATION FAILURE
WARNING:CryticCompile:Multiple frameworks detected: solc, Solc-json. Using solc (highest priority). Use --compile-force-framework to override.
INFO:Slither-Mutate:[ROR] Line 443: 'blockedCounted[id] || p.cancel || p.executed || block.timestamp < p.endsAt || p.no == 0 || p.deadlock || p.yes < PASS || p.epoch != priceEpoch' ==> 'blockedCounted[id] || p.cancel || p.executed || block.timestamp == p.endsAt || p.no == 0 || p.deadlock || p.yes ' --> COMPILATION FAILURE
WARNING:CryticCompile:Multiple frameworks detected: solc, Solc-json. Using solc (highest priority). Use --compile-force-framework to override.
INFO:Slither-Mutate:[ROR] Line 443: 'blockedCounted[id] || p.cancel || p.executed || block.timestamp < p.endsAt || p.no == 0 || p.deadlock || p.yes < PASS || p.epoch != priceEpoch' ==> 'blockedCounted[id] || p.cancel || p.executed || block.timestamp != p.endsAt || p.no == 0 || p.deadlock || p.yes ' --> COMPILATION FAILURE
WARNING:CryticCompile:Multiple frameworks detected: solc, Solc-json. Using solc (highest priority). Use --compile-force-framework to override.
INFO:Slither-Mutate:[ROR] Line 443: 'blockedCounted[id] || p.cancel || p.executed || block.timestamp < p.endsAt || p.no == 0 || p.deadlock || p.yes < PASS || p.epoch != priceEpoch' ==> 'blockedCounted[id] || p.cancel || p.executed || block.timestamp < p.endsAt || p.no < 0 || p.deadlock || p.yes < PASS || p.epoch != priceEpoch' --> CAUGHT
WARNING:CryticCompile:Multiple frameworks detected: solc, Solc-json. Using solc (highest priority). Use --compile-force-framework to override.
INFO:Slither-Mutate:[ROR] Line 443: 'blockedCounted[id] || p.cancel || p.executed || block.timestamp < p.endsAt || p.no == 0 || p.deadlock || p.yes < PASS || p.epoch != priceEpoch' ==> 'blockedCounted[id] || p.cancel || p.executed || block.timestamp < p.endsAt || p.no > 0 || p.deadlock || p.yes < PASS || p.epoch != priceEpoch' --> CAUGHT
WARNING:CryticCompile:Multiple frameworks detected: solc, Solc-json. Using solc (highest priority). Use --compile-force-framework to override.
INFO:Slither-Mutate:[ROR] Line 443: 'blockedCounted[id] || p.cancel || p.executed || block.timestamp < p.endsAt || p.no == 0 || p.deadlock || p.yes < PASS || p.epoch != priceEpoch' ==> 'blockedCounted[id] || p.cancel || p.executed || block.timestamp < p.endsAt || p.no <= 0 || p.deadlock || p.yes < PASS || p.epoch != priceEpoch' --> UNCAUGHT
WARNING:CryticCompile:Multiple frameworks detected: solc, Solc-json. Using solc (highest priority). Use --compile-force-framework to override.
INFO:Slither-Mutate:[ROR] Line 443: 'blockedCounted[id] || p.cancel || p.executed || block.timestamp < p.endsAt || p.no == 0 || p.deadlock || p.yes < PASS || p.epoch != priceEpoch' ==> 'blockedCounted[id] || p.cancel || p.executed || block.timestamp < p.endsAt || p.no >= 0 || p.deadlock || p.yes < PASS || p.epoch != priceEpoch' --> CAUGHT
WARNING:CryticCompile:Multiple frameworks detected: solc, Solc-json. Using solc (highest priority). Use --compile-force-framework to override.
INFO:Slither-Mutate:[ROR] Line 443: 'blockedCounted[id] || p.cancel || p.executed || block.timestamp < p.endsAt || p.no == 0 || p.deadlock || p.yes < PASS || p.epoch != priceEpoch' ==> 'blockedCounted[id] || p.cancel || p.executed || block.timestamp < p.endsAt || p.no != 0 || p.deadlock || p.yes < PASS || p.epoch != priceEpoch' --> CAUGHT
WARNING:CryticCompile:Multiple frameworks detected: solc, Solc-json. Using solc (highest priority). Use --compile-force-framework to override.
INFO:Slither-Mutate:[ROR] Line 443: 'blockedCounted[id] || p.cancel || p.executed || block.timestamp < p.endsAt || p.no == 0 || p.deadlock || p.yes < PASS || p.epoch != priceEpoch' ==> 'blockedCounted[id] || p.cancel || p.executed || block.timestamp > p.endsAt || p.no == 0 || p.deadlock || p.yes ' --> COMPILATION FAILURE
WARNING:CryticCompile:Multiple frameworks detected: solc, Solc-json. Using solc (highest priority). Use --compile-force-framework to override.
INFO:Slither-Mutate:[ROR] Line 443: 'blockedCounted[id] || p.cancel || p.executed || block.timestamp < p.endsAt || p.no == 0 || p.deadlock || p.yes < PASS || p.epoch != priceEpoch' ==> 'blockedCounted[id] || p.cancel || p.executed || block.timestamp <= p.endsAt || p.no == 0 || p.deadlock || p.yes ' --> COMPILATION FAILURE
WARNING:CryticCompile:Multiple frameworks detected: solc, Solc-json. Using solc (highest priority). Use --compile-force-framework to override.
INFO:Slither-Mutate:[ROR] Line 443: 'blockedCounted[id] || p.cancel || p.executed || block.timestamp < p.endsAt || p.no == 0 || p.deadlock || p.yes < PASS || p.epoch != priceEpoch' ==> 'blockedCounted[id] || p.cancel || p.executed || block.timestamp >= p.endsAt || p.no == 0 || p.deadlock || p.yes ' --> COMPILATION FAILURE
WARNING:CryticCompile:Multiple frameworks detected: solc, Solc-json. Using solc (highest priority). Use --compile-force-framework to override.
INFO:Slither-Mutate:[ROR] Line 443: 'blockedCounted[id] || p.cancel || p.executed || block.timestamp < p.endsAt || p.no == 0 || p.deadlock || p.yes < PASS || p.epoch != priceEpoch' ==> 'blockedCounted[id] || p.cancel || p.executed || block.timestamp == p.endsAt || p.no == 0 || p.deadlock || p.yes ' --> COMPILATION FAILURE
WARNING:CryticCompile:Multiple frameworks detected: solc, Solc-json. Using solc (highest priority). Use --compile-force-framework to override.
INFO:Slither-Mutate:[ROR] Line 443: 'blockedCounted[id] || p.cancel || p.executed || block.timestamp < p.endsAt || p.no == 0 || p.deadlock || p.yes < PASS || p.epoch != priceEpoch' ==> 'blockedCounted[id] || p.cancel || p.executed || block.timestamp != p.endsAt || p.no == 0 || p.deadlock || p.yes ' --> COMPILATION FAILURE
WARNING:CryticCompile:Multiple frameworks detected: solc, Solc-json. Using solc (highest priority). Use --compile-force-framework to override.
INFO:Slither-Mutate:[ROR] Line 443: 'blockedCounted[id] || p.cancel || p.executed || block.timestamp < p.endsAt || p.no == 0 || p.deadlock || p.yes < PASS || p.epoch != priceEpoch' ==> 'blockedCounted[id] || p.cancel || p.executed || block.timestamp < p.endsAt || p.no == 0 || p.deadlock || p.yes < PASS || p.epoch < priceEpoch' --> UNCAUGHT
WARNING:CryticCompile:Multiple frameworks detected: solc, Solc-json. Using solc (highest priority). Use --compile-force-framework to override.
INFO:Slither-Mutate:[ROR] Line 443: 'blockedCounted[id] || p.cancel || p.executed || block.timestamp < p.endsAt || p.no == 0 || p.deadlock || p.yes < PASS || p.epoch != priceEpoch' ==> 'blockedCounted[id] || p.cancel || p.executed || block.timestamp < p.endsAt || p.no == 0 || p.deadlock || p.yes < PASS || p.epoch > priceEpoch' --> CAUGHT
WARNING:CryticCompile:Multiple frameworks detected: solc, Solc-json. Using solc (highest priority). Use --compile-force-framework to override.
INFO:Slither-Mutate:[ROR] Line 443: 'blockedCounted[id] || p.cancel || p.executed || block.timestamp < p.endsAt || p.no == 0 || p.deadlock || p.yes < PASS || p.epoch != priceEpoch' ==> 'blockedCounted[id] || p.cancel || p.executed || block.timestamp < p.endsAt || p.no == 0 || p.deadlock || p.yes < PASS || p.epoch <= priceEpoch' --> CAUGHT
WARNING:CryticCompile:Multiple frameworks detected: solc, Solc-json. Using solc (highest priority). Use --compile-force-framework to override.
INFO:Slither-Mutate:[ROR] Line 443: 'blockedCounted[id] || p.cancel || p.executed || block.timestamp < p.endsAt || p.no == 0 || p.deadlock || p.yes < PASS || p.epoch != priceEpoch' ==> 'blockedCounted[id] || p.cancel || p.executed || block.timestamp < p.endsAt || p.no == 0 || p.deadlock || p.yes < PASS || p.epoch >= priceEpoch' --> CAUGHT
WARNING:CryticCompile:Multiple frameworks detected: solc, Solc-json. Using solc (highest priority). Use --compile-force-framework to override.
INFO:Slither-Mutate:[ROR] Line 443: 'blockedCounted[id] || p.cancel || p.executed || block.timestamp < p.endsAt || p.no == 0 || p.deadlock || p.yes < PASS || p.epoch != priceEpoch' ==> 'blockedCounted[id] || p.cancel || p.executed || block.timestamp < p.endsAt || p.no == 0 || p.deadlock || p.yes < PASS || p.epoch == priceEpoch' --> CAUGHT
WARNING:CryticCompile:Multiple frameworks detected: solc, Solc-json. Using solc (highest priority). Use --compile-force-framework to override.
INFO:Slither-Mutate:[ROR] Line 571: 'p.mode == PriceMode.Fixed' ==> 'p.mode < PriceMode.Fixed' --> CAUGHT
WARNING:CryticCompile:Multiple frameworks detected: solc, Solc-json. Using solc (highest priority). Use --compile-force-framework to override.
INFO:Slither-Mutate:[ROR] Line 571: 'p.mode == PriceMode.Fixed' ==> 'p.mode > PriceMode.Fixed' --> CAUGHT
WARNING:CryticCompile:Multiple frameworks detected: solc, Solc-json. Using solc (highest priority). Use --compile-force-framework to override.
INFO:Slither-Mutate:[ROR] Line 571: 'p.mode == PriceMode.Fixed' ==> 'p.mode <= PriceMode.Fixed' --> UNCAUGHT
WARNING:CryticCompile:Multiple frameworks detected: solc, Solc-json. Using solc (highest priority). Use --compile-force-framework to override.
INFO:Slither-Mutate:[ROR] Line 571: 'p.mode == PriceMode.Fixed' ==> 'p.mode >= PriceMode.Fixed' --> CAUGHT
WARNING:CryticCompile:Multiple frameworks detected: solc, Solc-json. Using solc (highest priority). Use --compile-force-framework to override.
INFO:Slither-Mutate:[ROR] Line 571: 'p.mode == PriceMode.Fixed' ==> 'p.mode != PriceMode.Fixed' --> CAUGHT
INFO:Slither-Mutate:Mutator ROR found 81 caught tweak mutants (out of 95 that compile)
INFO:Slither-Mutate:Running total: found 206 caught tweak mutants (out of 223 that compile)
WARNING:CryticCompile:Multiple frameworks detected: solc, Solc-json. Using solc (highest priority). Use --compile-force-framework to override.
INFO:Slither-Mutate:[SBR] Line 43: 'uint256 public constant SLOTS = 80' ==> 'uint256 public immutable SLOTS = 80' --> CAUGHT
WARNING:CryticCompile:Multiple frameworks detected: solc, Solc-json. Using solc (highest priority). Use --compile-force-framework to override.
INFO:Slither-Mutate:[SBR] Line 43: 'uint256 public constant SLOTS = 80' ==> 'uint128 public constant SLOTS = 80' --> UNCAUGHT
WARNING:CryticCompile:Multiple frameworks detected: solc, Solc-json. Using solc (highest priority). Use --compile-force-framework to override.
INFO:Slither-Mutate:[SBR] Line 44: 'uint256 public constant PASS = 41' ==> 'uint256 public immutable PASS = 41' --> CAUGHT
WARNING:CryticCompile:Multiple frameworks detected: solc, Solc-json. Using solc (highest priority). Use --compile-force-framework to override.
INFO:Slither-Mutate:[SBR] Line 44: 'uint256 public constant PASS = 41' ==> 'uint128 public constant PASS = 41' --> UNCAUGHT
WARNING:CryticCompile:Multiple frameworks detected: solc, Solc-json. Using solc (highest priority). Use --compile-force-framework to override.
INFO:Slither-Mutate:[SBR] Line 45: 'uint256 public constant PASS_BELOW_FLOOR = 60' ==> 'uint256 public immutable PASS_BELOW_FLOOR = 60' --> CAUGHT
WARNING:CryticCompile:Multiple frameworks detected: solc, Solc-json. Using solc (highest priority). Use --compile-force-framework to override.
INFO:Slither-Mutate:[SBR] Line 45: 'uint256 public constant PASS_BELOW_FLOOR = 60' ==> 'uint128 public constant PASS_BELOW_FLOOR = 60' --> UNCAUGHT
WARNING:CryticCompile:Multiple frameworks detected: solc, Solc-json. Using solc (highest priority). Use --compile-force-framework to override.
INFO:Slither-Mutate:[SBR] Line 46: 'uint256 public constant PASS_DEADLOCK = 54' ==> 'uint256 public immutable PASS_DEADLOCK = 54' --> CAUGHT
WARNING:CryticCompile:Multiple frameworks detected: solc, Solc-json. Using solc (highest priority). Use --compile-force-framework to override.
INFO:Slither-Mutate:[SBR] Line 46: 'uint256 public constant PASS_DEADLOCK = 54' ==> 'uint128 public constant PASS_DEADLOCK = 54' --> UNCAUGHT
WARNING:CryticCompile:Multiple frameworks detected: solc, Solc-json. Using solc (highest priority). Use --compile-force-framework to override.
INFO:Slither-Mutate:[SBR] Line 47: 'uint256 public constant DEADLOCK_BLOCKS = 3' ==> 'uint256 public immutable DEADLOCK_BLOCKS = 3' --> CAUGHT
WARNING:CryticCompile:Multiple frameworks detected: solc, Solc-json. Using solc (highest priority). Use --compile-force-framework to override.
INFO:Slither-Mutate:[SBR] Line 47: 'uint256 public constant DEADLOCK_BLOCKS = 3' ==> 'uint128 public constant DEADLOCK_BLOCKS = 3' --> UNCAUGHT
WARNING:CryticCompile:Multiple frameworks detected: solc, Solc-json. Using solc (highest priority). Use --compile-force-framework to override.
INFO:Slither-Mutate:[SBR] Line 48: 'uint256 public constant DEADLOCK_TIME = 30 days' ==> 'uint256 public constant DEADLOCK_TIME = 30 seconds' --> CAUGHT
WARNING:CryticCompile:Multiple frameworks detected: solc, Solc-json. Using solc (highest priority). Use --compile-force-framework to override.
INFO:Slither-Mutate:[SBR] Line 48: 'uint256 public constant DEADLOCK_TIME = 30 days' ==> 'uint256 public constant DEADLOCK_TIME = 30 minutes' --> CAUGHT
WARNING:CryticCompile:Multiple frameworks detected: solc, Solc-json. Using solc (highest priority). Use --compile-force-framework to override.
INFO:Slither-Mutate:[SBR] Line 48: 'uint256 public constant DEADLOCK_TIME = 30 days' ==> 'uint256 public constant DEADLOCK_TIME = 30 hours' --> CAUGHT
WARNING:CryticCompile:Multiple frameworks detected: solc, Solc-json. Using solc (highest priority). Use --compile-force-framework to override.
INFO:Slither-Mutate:[SBR] Line 48: 'uint256 public constant DEADLOCK_TIME = 30 days' ==> 'uint256 public constant DEADLOCK_TIME = 30 weeks' --> CAUGHT
WARNING:CryticCompile:Multiple frameworks detected: solc, Solc-json. Using solc (highest priority). Use --compile-force-framework to override.
INFO:Slither-Mutate:[SBR] Line 48: 'uint256 public constant DEADLOCK_TIME = 30 days' ==> 'uint256 public immutable DEADLOCK_TIME = 30 days' --> CAUGHT
WARNING:CryticCompile:Multiple frameworks detected: solc, Solc-json. Using solc (highest priority). Use --compile-force-framework to override.
INFO:Slither-Mutate:[SBR] Line 48: 'uint256 public constant DEADLOCK_TIME = 30 days' ==> 'uint128 public constant DEADLOCK_TIME = 30 days' --> UNCAUGHT
WARNING:CryticCompile:Multiple frameworks detected: solc, Solc-json. Using solc (highest priority). Use --compile-force-framework to override.
INFO:Slither-Mutate:[SBR] Line 49: 'uint256 public constant EXECUTE_WINDOW = 7 days' ==> 'uint256 public constant EXECUTE_WINDOW = 7 seconds' --> CAUGHT
WARNING:CryticCompile:Multiple frameworks detected: solc, Solc-json. Using solc (highest priority). Use --compile-force-framework to override.
INFO:Slither-Mutate:[SBR] Line 49: 'uint256 public constant EXECUTE_WINDOW = 7 days' ==> 'uint256 public constant EXECUTE_WINDOW = 7 minutes' --> CAUGHT
WARNING:CryticCompile:Multiple frameworks detected: solc, Solc-json. Using solc (highest priority). Use --compile-force-framework to override.
INFO:Slither-Mutate:[SBR] Line 49: 'uint256 public constant EXECUTE_WINDOW = 7 days' ==> 'uint256 public constant EXECUTE_WINDOW = 7 hours' --> CAUGHT
WARNING:CryticCompile:Multiple frameworks detected: solc, Solc-json. Using solc (highest priority). Use --compile-force-framework to override.
INFO:Slither-Mutate:[SBR] Line 49: 'uint256 public constant EXECUTE_WINDOW = 7 days' ==> 'uint256 public constant EXECUTE_WINDOW = 7 weeks' --> CAUGHT
WARNING:CryticCompile:Multiple frameworks detected: solc, Solc-json. Using solc (highest priority). Use --compile-force-framework to override.
INFO:Slither-Mutate:[SBR] Line 49: 'uint256 public constant EXECUTE_WINDOW = 7 days' ==> 'uint256 public immutable EXECUTE_WINDOW = 7 days' --> CAUGHT
WARNING:CryticCompile:Multiple frameworks detected: solc, Solc-json. Using solc (highest priority). Use --compile-force-framework to override.
INFO:Slither-Mutate:[SBR] Line 49: 'uint256 public constant EXECUTE_WINDOW = 7 days' ==> 'uint128 public constant EXECUTE_WINDOW = 7 days' --> UNCAUGHT
WARNING:CryticCompile:Multiple frameworks detected: solc, Solc-json. Using solc (highest priority). Use --compile-force-framework to override.
INFO:Slither-Mutate:[SBR] Line 50: 'uint256 public constant MAX_BUY_DELAY_HOURS = 72' ==> 'uint256 public immutable MAX_BUY_DELAY_HOURS = 72' --> CAUGHT
WARNING:CryticCompile:Multiple frameworks detected: solc, Solc-json. Using solc (highest priority). Use --compile-force-framework to override.
INFO:Slither-Mutate:[SBR] Line 50: 'uint256 public constant MAX_BUY_DELAY_HOURS = 72' ==> 'uint128 public constant MAX_BUY_DELAY_HOURS = 72' --> UNCAUGHT
WARNING:CryticCompile:Multiple frameworks detected: solc, Solc-json. Using solc (highest priority). Use --compile-force-framework to override.
INFO:Slither-Mutate:[SBR] Line 51: 'uint256 public constant FILL_GRACE = 2 days' ==> 'uint256 public constant FILL_GRACE = 2 seconds' --> CAUGHT
WARNING:CryticCompile:Multiple frameworks detected: solc, Solc-json. Using solc (highest priority). Use --compile-force-framework to override.
INFO:Slither-Mutate:[SBR] Line 51: 'uint256 public constant FILL_GRACE = 2 days' ==> 'uint256 public constant FILL_GRACE = 2 minutes' --> CAUGHT
WARNING:CryticCompile:Multiple frameworks detected: solc, Solc-json. Using solc (highest priority). Use --compile-force-framework to override.
INFO:Slither-Mutate:[SBR] Line 51: 'uint256 public constant FILL_GRACE = 2 days' ==> 'uint256 public constant FILL_GRACE = 2 hours' --> CAUGHT
WARNING:CryticCompile:Multiple frameworks detected: solc, Solc-json. Using solc (highest priority). Use --compile-force-framework to override.
INFO:Slither-Mutate:[SBR] Line 51: 'uint256 public constant FILL_GRACE = 2 days' ==> 'uint256 public constant FILL_GRACE = 2 weeks' --> CAUGHT
WARNING:CryticCompile:Multiple frameworks detected: solc, Solc-json. Using solc (highest priority). Use --compile-force-framework to override.
INFO:Slither-Mutate:[SBR] Line 51: 'uint256 public constant FILL_GRACE = 2 days' ==> 'uint256 public immutable FILL_GRACE = 2 days' --> CAUGHT
WARNING:CryticCompile:Multiple frameworks detected: solc, Solc-json. Using solc (highest priority). Use --compile-force-framework to override.
INFO:Slither-Mutate:[SBR] Line 51: 'uint256 public constant FILL_GRACE = 2 days' ==> 'uint128 public constant FILL_GRACE = 2 days' --> UNCAUGHT
WARNING:CryticCompile:Multiple frameworks detected: solc, Solc-json. Using solc (highest priority). Use --compile-force-framework to override.
INFO:Slither-Mutate:[SBR] Line 52: 'uint256 public constant FLOOR_MAX_AGE = 1 hours' ==> 'uint256 public constant FLOOR_MAX_AGE = 1 seconds' --> CAUGHT
WARNING:CryticCompile:Multiple frameworks detected: solc, Solc-json. Using solc (highest priority). Use --compile-force-framework to override.
INFO:Slither-Mutate:[SBR] Line 52: 'uint256 public constant FLOOR_MAX_AGE = 1 hours' ==> 'uint256 public constant FLOOR_MAX_AGE = 1 minutes' --> CAUGHT
WARNING:CryticCompile:Multiple frameworks detected: solc, Solc-json. Using solc (highest priority). Use --compile-force-framework to override.
INFO:Slither-Mutate:[SBR] Line 52: 'uint256 public constant FLOOR_MAX_AGE = 1 hours' ==> 'uint256 public constant FLOOR_MAX_AGE = 1 days' --> CAUGHT
WARNING:CryticCompile:Multiple frameworks detected: solc, Solc-json. Using solc (highest priority). Use --compile-force-framework to override.
INFO:Slither-Mutate:[SBR] Line 52: 'uint256 public constant FLOOR_MAX_AGE = 1 hours' ==> 'uint256 public constant FLOOR_MAX_AGE = 1 weeks' --> CAUGHT
WARNING:CryticCompile:Multiple frameworks detected: solc, Solc-json. Using solc (highest priority). Use --compile-force-framework to override.
INFO:Slither-Mutate:[SBR] Line 52: 'uint256 public constant FLOOR_MAX_AGE = 1 hours' ==> 'uint256 public immutable FLOOR_MAX_AGE = 1 hours' --> CAUGHT
WARNING:CryticCompile:Multiple frameworks detected: solc, Solc-json. Using solc (highest priority). Use --compile-force-framework to override.
INFO:Slither-Mutate:[SBR] Line 52: 'uint256 public constant FLOOR_MAX_AGE = 1 hours' ==> 'uint128 public constant FLOOR_MAX_AGE = 1 hours' --> UNCAUGHT
WARNING:CryticCompile:Multiple frameworks detected: solc, Solc-json. Using solc (highest priority). Use --compile-force-framework to override.
INFO:Slither-Mutate:[SBR] Line 53: 'uint256 public constant ROYALTY_CAP_BPS = 1000' ==> 'uint256 public immutable ROYALTY_CAP_BPS = 1000' --> CAUGHT
WARNING:CryticCompile:Multiple frameworks detected: solc, Solc-json. Using solc (highest priority). Use --compile-force-framework to override.
INFO:Slither-Mutate:[SBR] Line 53: 'uint256 public constant ROYALTY_CAP_BPS = 1000' ==> 'uint128 public constant ROYALTY_CAP_BPS = 1000' --> UNCAUGHT
WARNING:CryticCompile:Multiple frameworks detected: solc, Solc-json. Using solc (highest priority). Use --compile-force-framework to override.
INFO:Slither-Mutate:[SBR] Line 54: 'uint256 public constant MAX_OPEN_PER_PROPOSER = 3' ==> 'uint256 public immutable MAX_OPEN_PER_PROPOSER = 3' --> CAUGHT
WARNING:CryticCompile:Multiple frameworks detected: solc, Solc-json. Using solc (highest priority). Use --compile-force-framework to override.
INFO:Slither-Mutate:[SBR] Line 54: 'uint256 public constant MAX_OPEN_PER_PROPOSER = 3' ==> 'uint128 public constant MAX_OPEN_PER_PROPOSER = 3' --> UNCAUGHT
WARNING:CryticCompile:Multiple frameworks detected: solc, Solc-json. Using solc (highest priority). Use --compile-force-framework to override.
INFO:Slither-Mutate:[SBR] Line 162: 'factory = IFactory(msg.sender)' ==> 'factory = IFactory(tx.origin)' --> CAUGHT
WARNING:CryticCompile:Multiple frameworks detected: solc, Solc-json. Using solc (highest priority). Use --compile-force-framework to override.
INFO:Slither-Mutate:[SBR] Line 178: 'createdAt = uint64(block.timestamp)' ==> 'createdAt = uint64(0)' --> CAUGHT
WARNING:CryticCompile:Multiple frameworks detected: solc, Solc-json. Using solc (highest priority). Use --compile-force-framework to override.
INFO:Slither-Mutate:[SBR] Line 178: 'createdAt = uint64(block.timestamp)' ==> 'createdAt = uint32(block.timestamp)' --> UNCAUGHT
WARNING:CryticCompile:Multiple frameworks detected: solc, Solc-json. Using solc (highest priority). Use --compile-force-framework to override.
INFO:Slither-Mutate:[SBR] Line 179: 'deadline = uint64(block.timestamp + _t(uint256(p.durationDays) * 1 days))' ==> 'deadline = uint64(0 + _t(uint256(p.durationDays) * 1 days))' --> CAUGHT
WARNING:CryticCompile:Multiple frameworks detected: solc, Solc-json. Using solc (highest priority). Use --compile-force-framework to override.
INFO:Slither-Mutate:[SBR] Line 179: 'deadline = uint64(block.timestamp + _t(uint256(p.durationDays) * 1 days))' ==> 'deadline = uint64(block.timestamp + _t(uint256(p.durationDays) * 1 seconds))' --> CAUGHT
WARNING:CryticCompile:Multiple frameworks detected: solc, Solc-json. Using solc (highest priority). Use --compile-force-framework to override.
INFO:Slither-Mutate:[SBR] Line 179: 'deadline = uint64(block.timestamp + _t(uint256(p.durationDays) * 1 days))' ==> 'deadline = uint64(block.timestamp + _t(uint256(p.durationDays) * 1 minutes))' --> CAUGHT
WARNING:CryticCompile:Multiple frameworks detected: solc, Solc-json. Using solc (highest priority). Use --compile-force-framework to override.
INFO:Slither-Mutate:[SBR] Line 179: 'deadline = uint64(block.timestamp + _t(uint256(p.durationDays) * 1 days))' ==> 'deadline = uint64(block.timestamp + _t(uint256(p.durationDays) * 1 hours))' --> CAUGHT
WARNING:CryticCompile:Multiple frameworks detected: solc, Solc-json. Using solc (highest priority). Use --compile-force-framework to override.
INFO:Slither-Mutate:[SBR] Line 179: 'deadline = uint64(block.timestamp + _t(uint256(p.durationDays) * 1 days))' ==> 'deadline = uint64(block.timestamp + _t(uint256(p.durationDays) * 1 weeks))' --> CAUGHT
WARNING:CryticCompile:Multiple frameworks detected: solc, Solc-json. Using solc (highest priority). Use --compile-force-framework to override.
INFO:Slither-Mutate:[SBR] Line 179: 'deadline = uint64(block.timestamp + _t(uint256(p.durationDays) * 1 days))' ==> 'deadline = uint32(block.timestamp + _t(uint256(p.durationDays) * 1 days))' --> UNCAUGHT
WARNING:CryticCompile:Multiple frameworks detected: solc, Solc-json. Using solc (highest priority). Use --compile-force-framework to override.
INFO:Slither-Mutate:[SBR] Line 179: 'deadline = uint64(block.timestamp + _t(uint256(p.durationDays) * 1 days))' ==> 'deadline = uint64(block.timestamp + _t(uint128(p.durationDays) * 1 days))' --> UNCAUGHT
WARNING:CryticCompile:Multiple frameworks detected: solc, Solc-json. Using solc (highest priority). Use --compile-force-framework to override.
INFO:Slither-Mutate:[SBR] Line 368: 'Proposal storage p = _proposals[id]' ==> 'Proposal memory p = _proposals[id]' --> CAUGHT
WARNING:CryticCompile:Multiple frameworks detected: solc, Solc-json. Using solc (highest priority). Use --compile-force-framework to override.
INFO:Slither-Mutate:[SBR] Line 369: 'block.timestamp >= p.endsAt' ==> '0 >= p.endsAt' --> CAUGHT
WARNING:CryticCompile:Multiple frameworks detected: solc, Solc-json. Using solc (highest priority). Use --compile-force-framework to override.
INFO:Slither-Mutate:[SBR] Line 370: 'uint128 w = weightOf[id][voter]' ==> 'uint128 w = etherghtOf[id][voter]' --> COMPILATION FAILURE
WARNING:CryticCompile:Multiple frameworks detected: solc, Solc-json. Using solc (highest priority). Use --compile-force-framework to override.
INFO:Slither-Mutate:[SBR] Line 370: 'uint128 w = weightOf[id][voter]' ==> 'uint128 w = gweightOf[id][voter]' --> COMPILATION FAILURE
WARNING:CryticCompile:Multiple frameworks detected: solc, Solc-json. Using solc (highest priority). Use --compile-force-framework to override.
INFO:Slither-Mutate:[SBR] Line 370: 'uint128 w = weightOf[id][voter]' ==> 'uint64 w = weightOf[id][voter]' --> COMPILATION FAILURE
WARNING:CryticCompile:Multiple frameworks detected: solc, Solc-json. Using solc (highest priority). Use --compile-force-framework to override.
INFO:Slither-Mutate:[SBR] Line 372: 'w = uint128(cards.heldAt(address(this), voter, p.snapshot))' ==> 'w = uint64(cards.heldAt(address(this), voter, p.snapshot))' --> UNCAUGHT
WARNING:CryticCompile:Multiple frameworks detected: solc, Solc-json. Using solc (highest priority). Use --compile-force-framework to override.
INFO:Slither-Mutate:[SBR] Line 373: 'revert Bad("no weight at snapshot")' ==> 'revert Bad("no etherght at snapshot")' --> CAUGHT
WARNING:CryticCompile:Multiple frameworks detected: solc, Solc-json. Using solc (highest priority). Use --compile-force-framework to override.
INFO:Slither-Mutate:[SBR] Line 373: 'revert Bad("no weight at snapshot")' ==> 'revert Bad("no gweight at snapshot")' --> CAUGHT
WARNING:CryticCompile:Multiple frameworks detected: solc, Solc-json. Using solc (highest priority). Use --compile-force-framework to override.
INFO:Slither-Mutate:[SBR] Line 385: 'Proposal storage p = _proposals[id]' ==> 'Proposal memory p = _proposals[id]' --> UNCAUGHT
WARNING:CryticCompile:Multiple frameworks detected: solc, Solc-json. Using solc (highest priority). Use --compile-force-framework to override.
INFO:Slither-Mutate:[SBR] Line 386: 'uint256 need = (!p.cancel && price < floorWei) ? PASS_BELOW_FLOOR : PASS' ==> 'uint128 need = (!p.cancel && price < floorWei) ? PASS_BELOW_FLOOR : PASS' --> COMPILATION FAILURE
WARNING:CryticCompile:Multiple frameworks detected: solc, Solc-json. Using solc (highest priority). Use --compile-force-framework to override.
INFO:Slither-Mutate:[SBR] Line 440: 'Proposal storage p = _proposals[id]' ==> 'Proposal memory p = _proposals[id]' --> UNCAUGHT
WARNING:CryticCompile:Multiple frameworks detected: solc, Solc-json. Using solc (highest priority). Use --compile-force-framework to override.
INFO:Slither-Mutate:[SBR] Line 443: 'blockedCounted[id] || p.cancel || p.executed || block.timestamp < p.endsAt || p.no == 0 || p.deadlock || p.yes < PASS || p.epoch != priceEpoch' ==> 'blockedCounted[id] || p.cancel || p.executed || 0 < p.endsAt || p.no == 0 || p.deadlock || p.yes < PASS || p.epoch != priceEpoch' --> CAUGHT
WARNING:CryticCompile:Multiple frameworks detected: solc, Solc-json. Using solc (highest priority). Use --compile-force-framework to override.
INFO:Slither-Mutate:[SBR] Line 571: 'return uint256(p.value)' ==> 'return uint128(p.value)' --> COMPILATION FAILURE
INFO:Slither-Mutate:Mutator SBR found 40 caught tweak mutants (out of 58 that compile)
INFO:Slither-Mutate:Running total: found 246 caught tweak mutants (out of 281 that compile)
WARNING:CryticCompile:Multiple frameworks detected: solc, Solc-json. Using solc (highest priority). Use --compile-force-framework to override.
INFO:Slither-Mutate:[UOR] Line 445: '++blockedPriceProposals' ==> '--blockedPriceProposals' --> CAUGHT
WARNING:CryticCompile:Multiple frameworks detected: solc, Solc-json. Using solc (highest priority). Use --compile-force-framework to override.
INFO:Slither-Mutate:[UOR] Line 445: '++blockedPriceProposals' ==> 'blockedPriceProposals--' --> CAUGHT
WARNING:CryticCompile:Multiple frameworks detected: solc, Solc-json. Using solc (highest priority). Use --compile-force-framework to override.
INFO:Slither-Mutate:[UOR] Line 445: '++blockedPriceProposals' ==> 'blockedPriceProposals++' --> UNCAUGHT
WARNING:CryticCompile:Multiple frameworks detected: solc, Solc-json. Using solc (highest priority). Use --compile-force-framework to override.
INFO:Slither-Mutate:[UOR] Line 445: '++blockedPriceProposals' ==> 'blockedPriceProposals-' --> COMPILATION FAILURE
INFO:Slither-Mutate:Mutator UOR found 2 caught tweak mutants (out of 3 that compile)
INFO:Slither-Mutate:Running total: found 248 caught tweak mutants (out of 284 that compile)
INFO:Slither-Mutate:Done mutating Party.
INFO:Slither-Mutate:Revert mutants: 26 caught of 27 (96.3% caught)
INFO:Slither-Mutate:Comment mutants: 33 caught of 35 (94.3% caught)
INFO:Slither-Mutate:Tweak mutants: 248 caught of 284 (87.3% caught)
INFO:Slither-Mutate:Finished mutation testing assessment of 'src/Party.sol' in 1 hour

